Pick,Player,Team_x,Pos,HT,WT,Age_x,Pre-Draft Team,Nationality,Player Link,League,GP,GS,TS%,eFG%,ORB%,DRB%,TRB%,AST%,TOV%,STL%,BLK%,USG%,Total S %,PPR,PPS,ORtg,DRtg,PER,Year,label,Team_encoded,Position_encoded
1,Markelle Fultz,PHL,PG,6-4,209,19,Washington,United States,/player/Markelle-Fultz/Summary/85903,,25.0,,0.558,0.535,3.9,13.6,8.7,34.3,13.4,2.4,3.1,31.0,153.8,2.0,1.3,117.0,108.0,26.1,2017,-1,406,10
2,Lonzo Ball,LAL,PG,6-6,190,19,UCLA,United States,/player/Lonzo-Ball/Summary/59501,,36.0,,0.673,0.668,3.2,14.4,9.3,31.4,18.6,2.8,2.1,18.1,163.7,7.0,1.5,131.5,99.9,23.2,2017,-2,373,10
3,Jayson Tatum,BOS,SF,6-8,210,19,Duke,United States,/player/Jayson-Tatum/Summary/52034,,29.0,,0.565,0.505,4.9,19.8,12.8,12.6,15.0,2.3,3.2,26.6,164.2,-3.6,1.3,111.5,99.8,21.2,2017,-3,93,11
4,Josh Jackson,PHX,SF,6-8,207,20,Kansas,United States,/player/Josh-Jackson/Summary/52032,,35.0,,0.559,0.552,8.7,17.4,13.3,18.0,15.9,3.1,3.5,27.2,145.7,-2.5,1.3,111.1,95.1,22.9,2017,-4,172,11
5,De'Aaron Fox,SAC,PG,6-3,185,19,Kentucky,United States,/player/DeAaron-Fox/Summary/59503,,36.0,,0.549,0.498,2.1,12.2,7.2,28.1,13.7,2.7,0.7,27.4,146.1,2.0,1.3,113.7,96.0,21.5,2017,-5,174,10
6,Jonathan Isaac,ORL,SF,6-10,230,19,Florida State,United States,/player/Jonathan-Isaac/Summary/85618,,32.0,,0.614,0.568,7.6,25.6,16.8,7.7,13.3,2.4,6.2,20.3,163.6,-2.7,1.5,122.4,95.1,23.4,2017,-6,111,11
7,Lauri Markkanen,MIN,SF,7-0,240,20,Arizona,Finland,/player/Lauri-Markkanen/Summary/53967,,37.0,,0.635,0.584,10.0,17.5,14.0,5.6,8.1,0.8,1.8,22.5,175.1,-1.7,1.5,134.1,99.1,23.5,2017,-7,17,11
8,Frank Ntilikina,NYK,PG,6-4,200,18,Strasbourg IG (France),Belgium/France,/player/Frank-Ntilikina/Summary/71575,All Leagues,60.0,37.0,0.539,0.521,6.0,8.6,7.3,14.9,16.2,2.2,1.1,16.4,146.4,0.4,1.2,107.1,104.6,11.2,2017,-8,342,10
9,Dennis Smith,DAL,PG,6-3,205,19,NC State,United States,/player/Dennis-Smith/Summary/72281,,32.0,,0.563,0.52,2.7,11.5,7.3,34.2,17.3,3.1,1.2,27.2,152.9,2.0,1.4,112.3,108.0,21.9,2017,-9,232,10
10,Zach Collins,SAC,C,6-11,250,19,Gonzaga,United States,/player/Zach-Collins/Summary/85659,,39.0,,0.703,0.676,12.0,23.3,18.4,4.5,17.8,1.5,9.9,24.9,187.2,-7.3,1.9,125.2,79.0,29.0,2017,-10,131,0
11,Malik Monk,CHA,SG,6-3,200,19,Kentucky,United States,/player/Malik-Monk/Summary/52554,,38.0,,0.586,0.543,1.1,7.2,4.2,13.3,10.6,1.6,1.5,27.2,166.9,-1.4,1.4,118.3,99.9,20.3,2017,-11,174,12
12,Luke Kennard,DET,SG,6-5,206,20,Duke,United States,/player/Luke-Kennard/Summary/42084,,73.0,,0.601,0.549,4.0,11.4,7.8,12.3,8.4,1.7,0.8,22.9,171.2,0.4,1.4,127.9,105.0,21.2,2017,-12,93,12
13,Donovan Mitchell,DEN,SG,6-3,215,20,Louisville,United States,/player/Donovan-Mitchell/Summary/76937,,65.0,,0.532,0.495,4.7,13.2,8.9,15.9,10.8,3.3,1.4,23.4,153.5,0.7,1.2,116.5,92.6,19.7,2017,-13,193,12
14,Bam Adebayo,MIA,C,6-9,255,19,Kentucky,United States,/player/Bam-Adebayo/Summary/76939,,38.0,,0.624,0.599,11.2,17.2,14.2,4.7,13.9,1.2,4.9,18.5,125.1,-3.5,1.7,123.8,95.0,20.5,2017,-14,174,0
15,Justin Jackson,POR,F,6-8,220,22,North Carolina,United States,/player/Justin-Jackson/Summary/24674,,118.0,,0.545,0.521,5.9,9.3,7.6,15.9,9.9,1.3,1.4,22.6,151.0,1.2,1.2,119.9,103.1,18.5,2017,-15,242,2
16,Justin Patton,CHI,C,7-0,241,20,Creighton,United States,/player/Justin-Patton/Summary/83954,,35.0,,0.671,0.689,8.0,19.2,13.9,8.5,15.1,1.9,5.9,22.0,172.6,-3.5,1.5,119.8,95.5,23.6,2017,-16,82,0
17,D.J. Wilson,MIL,F,6-10,231,21,Michigan,United States,/player/DJ-Wilson/Summary/79864,,69.0,,0.614,0.592,6.0,15.5,10.8,8.5,11.5,1.1,5.7,18.7,170.4,-1.1,1.3,119.8,101.6,18.9,2017,-17,211,2
18,T.J. Leaf,IND,PF,6-10,225,20,UCLA,United States/Israel,/player/TJ-Leaf/Summary/59509,,35.0,,0.66,0.652,9.1,19.7,15.0,13.1,10.8,1.1,3.5,22.0,176.2,0.4,1.5,131.1,100.5,25.0,2017,-18,373,9
19,John Collins,ATL,PF,6-9,226,19,Wake Forest,United States,/player/John-Collins/Summary/83940,,64.0,,0.638,0.601,15.0,22.3,18.7,4.2,12.0,1.3,5.8,27.8,133.0,-5.6,1.6,124.7,104.8,29.0,2017,-19,405,9
20,Harry Giles,POR,PF,6-10,240,19,Duke,United States,/player/Harry-Giles/Summary/50939,,26.0,,0.57,0.577,16.3,22.1,19.3,5.9,16.8,1.7,5.2,18.2,107.7,-4.1,1.3,114.8,100.9,18.8,2017,-20,93,9
21,Terrance Ferguson,OKC,SG,6-7,190,19,Adelaide (Australia),United States,/player/Terrance-Ferguson/Summary/52037,AUS NBL,30.0,17.0,0.47,0.457,3.6,4.5,4.1,5.7,15.9,0.8,1.5,16.2,129.5,-3.3,1.0,92.9,114.6,5.4,2017,-21,3,12
22,Jarrett Allen,BRK,C,6-9,243,19,Texas,United States,/player/Jarrett-Allen/Summary/85599,,33.0,,0.571,0.566,11.0,18.9,15.0,5.5,17.8,1.1,5.0,22.6,113.0,-6.4,1.4,104.8,99.0,19.0,2017,-22,353,0
23,OG Anunoby,TOR,SF,6-7,240,19,Indiana,England/United States,/player/OG-Anunoby/Summary/84076,,50.0,,0.609,0.62,10.1,13.8,12.0,8.3,16.1,3.2,5.4,18.9,145.0,-3.1,1.4,118.3,96.3,20.3,2017,-23,154,11
24,Tyler Lydon,UTH,PF,6-10,225,21,Syracuse,United States,/player/Tyler-Lydon/Summary/72594,,71.0,,0.601,0.559,7.1,17.9,12.6,9.4,13.4,2.0,5.8,17.3,168.2,-1.4,1.4,121.0,98.7,19.2,2017,-24,344,9
25,Anzejs Pasecniks,ORL,C,7-1,229,21,Dreamland Gran Canaria (Spain),Latvia,/player/Anzejs-Pasecniks/Summary/32736,All Leagues,50.0,18.0,0.668,0.676,9.6,15.4,12.5,2.8,12.0,1.0,4.6,18.3,166.0,-3.6,1.6,124.5,106.8,17.2,2017,-25,92,0
26,Caleb Swanigan,POR,C,6-9,260,20,Purdue,United States,/player/Caleb-Swanigan/Summary/73167,,69.0,,0.586,0.543,9.3,30.1,20.5,16.2,19.7,0.8,1.8,26.3,163.6,-4.9,1.4,109.0,92.0,20.8,2017,-26,293,0
27,Kyle Kuzma,BRK,F,6-9,221,21,Utah,United States,/player/Kyle-Kuzma/Summary/81004,,96.0,,0.559,0.541,10.0,20.5,15.7,14.4,14.9,0.9,1.8,26.4,143.9,-2.9,1.3,110.6,96.4,20.6,2017,-27,387,2
28,Tony Bradley,LAL,C,6-11,248,19,North Carolina,United States,/player/Tony-Bradley/Summary/76384,,38.0,,0.59,0.573,18.8,19.0,18.9,7.2,9.9,1.0,4.4,20.8,119.2,-1.7,1.5,129.1,96.7,24.4,2017,-28,242,0
29,Derrick White,SAN,G,6-4,190,22,Colorado,United States,/player/Derrick-White/Summary/61344,,34.0,,0.627,0.578,3.5,10.5,7.0,28.6,14.2,2.2,4.9,25.3,171.6,1.6,1.5,124.9,103.0,25.5,2017,-29,77,6
30,Josh Hart,UTH,SG,6-4,215,22,Villanova,United States,/player/Josh-Hart/Summary/41440,,146.0,,0.614,0.589,7.9,15.5,11.9,13.3,11.0,2.4,1.2,22.6,162.0,-0.4,1.4,125.0,94.3,22.3,2017,-30,396,12
31,Frank Jackson,CHA,SG,6-3,205,19,Duke,United States,/player/Frank-Jackson/Summary/76759,,36.0,,0.598,0.564,3.1,8.2,5.8,12.7,12.9,1.3,0.2,21.1,162.4,-0.9,1.4,118.8,105.5,16.1,2017,-31,93,12
32,Davon Reed,PHX,SF,6-5,206,22,Miami (FL),United States/Puerto Rico,/player/Davon-Reed/Summary/41448,,131.0,,0.569,0.529,2.9,12.6,7.8,12.7,13.7,2.0,1.5,20.4,160.2,-1.2,1.3,112.7,101.3,16.2,2017,-32,210,11
33,Wesley Iwundu,ORL,F,6-6,195,22,Kansas State,United States,/player/Wesley-Iwundu/Summary/59227,,132.0,,0.54,0.491,4.9,15.1,10.0,20.7,19.5,2.0,1.6,19.9,148.9,-1.0,1.4,104.8,99.7,14.9,2017,-33,173,2
34,Frank Mason,SAC,G,5-11,190,23,Kansas,United States,/player/Frank-Mason/Summary/56870,,145.0,,0.574,0.524,2.2,10.3,6.5,24.5,14.1,2.2,0.2,21.8,163.6,2.6,1.4,119.7,100.9,18.7,2017,-34,172,6
35,Ivan Rabb,ORL,PF,6-10,220,20,California,United States,/player/Ivan-Rabb/Summary/41495,,65.0,,0.584,0.551,11.0,23.3,17.4,8.6,13.9,1.2,3.7,21.9,161.8,-3.5,1.5,116.7,92.6,21.7,2017,-35,63,9
36,Jonah Bolden,PHL,SF,6-10,220,21,FMP Beograd (Serbia),Australia,/player/Jonah-Bolden/Summary/42067,All Leagues,40.0,38.0,0.58,0.568,11.6,21.8,16.6,11.0,14.6,2.6,3.8,21.4,148.7,-3.0,1.3,111.4,101.3,18.2,2017,-36,104,11
37,Semi Ojeleye,BOS,SF,6-6,240,22,Southern Methodist,United States,/player/Semi-Ojeleye/Summary/41446,,58.0,,0.618,0.567,8.3,15.3,11.9,8.1,8.7,1.0,1.6,24.5,168.0,-1.4,1.5,131.5,96.2,23.7,2017,-37,333,11
38,Jordan Bell,CHI,PF,6-7,216,22,Oregon,United States,/player/Jordan-Bell/Summary/42069,,104.0,,0.619,0.612,10.5,21.1,16.0,10.8,19.8,2.5,9.5,16.0,142.4,-2.2,1.4,116.7,92.0,21.1,2017,-38,267,9
39,Jawun Evans,PHL,PG,6-0,190,20,Oklahoma State,United States,/player/Jawun-Evans/Summary/73147,,54.0,,0.547,0.488,2.5,12.3,7.5,41.8,15.1,3.0,0.6,29.9,167.3,3.9,1.3,116.2,104.0,23.9,2017,-39,261,10
40,Dwayne Bacon,NOP,SF,6-6,221,21,Florida State,United States,/player/Dwayne-Bacon/Summary/76232,,69.0,,0.533,0.497,4.7,14.6,9.7,11.0,11.9,1.9,0.3,29.1,149.5,-3.4,1.2,107.9,102.7,19.1,2017,-40,111,11
41,Tyler Dorsey,ATL,SG,6-5,183,21,Oregon,United States/Greece,/player/Tyler-Dorsey/Summary/41957,,75.0,,0.591,0.558,4.3,10.3,7.5,11.3,12.5,1.5,0.5,22.6,160.3,-1.6,1.4,118.5,101.7,17.8,2017,-41,267,12
42,Thomas Bryant,UTH,C,6-10,248,19,Indiana,United States,/player/Thomas-Bryant/Summary/52030,,69.0,,0.648,0.619,10.4,18.0,14.4,9.0,17.3,1.4,4.9,22.2,168.4,-4.6,1.6,122.1,100.2,22.4,2017,-42,154,0
43,Isaiah Hartenstein,HOU,PF,7-0,250,19,Zalgiris (Lithuania),United States/Germany,/player/Isaiah-Hartenstein/Summary/54263,All Leagues,34.0,6.0,0.569,0.524,10.3,28.1,19.4,8.1,22.4,3.8,5.1,20.8,146.3,-6.2,1.4,101.4,84.8,15.2,2017,-43,425,9
44,Damyean Dotson,NYK,SG,6-5,205,23,Houston,United States,/player/Damyean-Dotson/Summary/29195,,134.0,,0.574,0.551,5.0,15.0,10.0,7.7,9.3,1.5,0.6,21.4,164.0,-1.4,1.2,118.9,100.4,18.4,2017,-44,143,12
45,Dillon Brooks,HOU,F,6-6,225,21,Oregon,Canada,/player/Dillon-Brooks/Summary/53413,,109.0,,0.565,0.526,6.6,11.2,9.0,17.6,14.1,1.8,1.7,26.5,162.9,-1.5,1.3,113.9,101.5,19.9,2017,-45,267,2
46,Sterling Brown,PHL,G,6-5,219,22,Southern Methodist,United States,/player/Sterling-Brown/Summary/56931,,136.0,,0.616,0.586,6.9,14.7,11.1,15.7,18.8,2.5,1.9,16.7,172.4,-0.4,1.4,118.6,93.8,17.1,2017,-46,333,6
47,Ike Anigbogu,IND,C,6-9,252,18,UCLA,United States,/player/Ike-Anigbogu/Summary/85735,,29.0,,0.564,0.564,13.0,20.0,16.8,2.4,16.5,0.7,8.8,18.6,109.9,-5.1,1.4,108.7,98.0,16.4,2017,-47,373,0
48,Sindarius Thornwell,MIL,SG,6-4,215,22,South Carolina,United States,/player/Sindarius-Thornwell/Summary/41449,,132.0,,0.518,0.451,5.7,13.0,9.3,20.6,15.0,2.8,2.2,25.8,150.2,-1.7,1.3,108.1,96.1,18.4,2017,-48,327,12
49,Vlatko Cancar,DEN,SF,6-8,236,20,KK Mega Bemax (Serbia),Slovenia,/player/Vlatko-Cancar/Summary/54147,All Leagues,43.0,23.0,0.573,0.539,5.9,14.6,10.1,15.3,18.5,2.0,2.4,17.6,154.3,-1.9,1.3,107.9,106.2,12.8,2017,-49,168,11
50,Mathias Lessort,PHL,F,6-9,250,21,Nanterre 92 (France),France,/player/Mathias-Lessort/Summary/32776,All Leagues,58.0,54.0,0.617,0.597,16.2,24.2,20.2,5.0,19.3,1.7,5.0,22.1,161.7,-7.2,1.5,112.2,102.4,19.5,2017,-50,233,2
51,Monte Morris,DEN,G,6-2,183,21,Iowa State,United States/Nigeria,/player/Monte-Morris/Summary/56883,,140.0,,0.566,0.533,2.7,9.1,6.1,27.4,9.9,2.7,0.9,17.6,163.7,7.0,1.3,126.1,102.5,19.3,2017,-51,159,6
52,Edmond Sumner,NOP,G,6-4,196,21,Xavier,United States,/player/Edmond-Sumner/Summary/52565,,60.0,,0.536,0.468,2.2,12.4,7.3,26.7,17.1,2.5,1.7,23.2,144.3,1.3,1.4,109.9,98.1,17.3,2017,-52,421,6
53,Kadeem Allen,BOS,G,6-3,200,24,Arizona,United States,/player/Kadeem-Allen/Summary/32975,,68.0,,0.56,0.514,1.4,13.1,7.6,21.2,19.4,2.7,2.7,18.5,158.4,0.8,1.4,109.5,95.2,15.7,2017,-53,17,6
54,Alec Peters,PHX,F,6-9,225,22,Valparaiso,United States,/player/Alec-Peters/Summary/57287,,134.0,,0.621,0.576,7.5,18.6,13.4,10.9,11.6,1.4,1.0,25.7,174.9,-2.7,1.4,124.4,95.0,24.0,2017,-54,393,2
55,Nigel Williams-Goss,UTH,SG,6-3,190,22,Gonzaga,United States,/player/Nigel-Williams-Goss/Summary/24633,,100.0,,0.546,0.504,2.4,13.8,8.5,28.9,15.5,2.3,0.4,24.7,160.2,2.1,1.2,111.1,98.3,19.4,2017,-55,131,12
56,Jabari Bird,BOS,SG,6-6,198,22,California,United States,/player/Jabari-Bird/Summary/27074,,114.0,,0.555,0.534,3.5,10.4,7.0,9.1,11.0,1.2,1.1,21.4,156.5,-1.7,1.2,110.0,102.7,15.1,2017,-56,63,12
57,Sasha Vezenkov,BRK,PF,6-8,225,21,FC Barcelona II (Spain),Cyprus/Bulgaria,/player/Sasha-Vezenkov/Summary/27768,All Leagues,67.0,24.0,0.678,0.65,6.3,14.9,10.8,9.5,10.5,1.7,1.4,17.9,179.4,-0.4,1.5,130.1,107.8,17.7,2017,-57,103,9
58,Ognjen Jaramaz,NYK,SG,6-4,181,21,KK Mega Bemax (Serbia),Serbia,/player/Ognjen-Jaramaz/Summary/27833,All Leagues,53.0,37.0,0.498,0.438,3.4,9.0,6.1,21.9,14.5,2.0,0.3,22.3,139.4,0.9,1.2,104.3,109.7,11.8,2017,-58,168,12
59,Jaron Blossomgame,SAN,F,6-8,220,23,Clemson,United States,/player/Jaron-Blossomgame/Summary/42292,,128.0,,0.564,0.525,7.3,17.3,12.4,8.4,11.0,1.3,2.6,23.6,152.7,-2.6,1.3,115.3,99.5,20.7,2017,-59,74,2
60,Alpha Kaba,ATL,PF,6-10,242,21,KK Mega Bemax (Serbia),France/Guinea,/player/Alpha-Kaba/Summary/72635,All Leagues,51.0,45.0,0.556,0.524,15.3,26.3,20.6,5.0,18.3,3.0,3.8,21.3,142.6,-6.9,1.3,104.9,100.2,18.0,2017,-60,168,9
61,Chris Boucher,,PF,6-9,200,24,Oregon,Saint Lucia/Canada,/player/Chris-Boucher/Summary/90843,,69.0,,0.611,0.598,11.1,20.1,15.8,3.2,10.0,1.4,11.8,21.9,151.7,-3.3,1.5,124.0,90.9,25.0,2017,-61,267,9
61,Luke Kornet,,F,7-1,250,21,Vanderbilt,United States,/player/Luke-Kornet/Summary/56697,,128.0,,0.54,0.499,6.2,15.8,11.4,10.0,11.6,1.0,7.0,20.5,151.6,-1.4,1.2,110.1,97.2,17.3,2017,-61,394,2
61,Simone Fontecchio,,SF,6-7,209,21,AX Armani Exchange Milan (Italy),Italy,/player/Simone-Fontecchio/Summary/27886,All Leagues,39.0,4.0,0.585,0.575,5.9,10.6,8.4,10.4,15.1,1.9,1.2,16.1,160.5,-0.9,1.2,113.7,109.7,11.1,2017,-61,2,11
61,Xavier Moon,,SG,6-0,165,22,Morehead State,United States,/player/Xavier-Moon/Summary/89303,,67.0,,0.577,0.541,1.0,10.0,5.6,18.0,11.3,1.6,0.4,19.3,169.2,1.9,1.3,122.1,105.2,17.4,2017,-61,224,12
61,Jaylen Morris,,G,6-5,185,21,Molloy,United States,/player/Jaylen-Morris/Summary/59822,,114.0,,0.548,0.526,-,-,-,-,9.8,-,-,-,148.7,-,1.2,-,-,-,2017,-61,221,6
61,Mychal Mulder,,GF,6-3,195,23,Kentucky,Canada,/player/Mychal-Mulder/Summary/84572,,56.0,,0.522,0.5,7.6,14.1,10.9,8.4,7.7,0.6,0.6,16.6,165.2,1.3,1.1,110.3,96.0,12.0,2017,-61,174,8
61,Matt Thomas,,G,6-4,190,22,Iowa State,United States,/player/Matt-Thomas/Summary/56884,,138.0,,0.586,0.564,1.7,11.5,6.8,8.4,10.3,1.5,0.6,15.8,164.3,0.2,1.3,115.8,104.3,13.2,2017,-61,159,6
61,Ish Wainright,,GF,6-5,250,22,Baylor,United States/Uganda,/player/Ish-Wainright/Summary/81536,,131.0,,0.515,0.488,7.4,12.9,10.2,18.5,22.7,2.7,1.3,12.9,140.8,1.3,1.2,109.5,99.2,12.4,2017,-61,37,8
61,"Derrick Walton, Jr.",,PG,6-0,189,22,Michigan,United States,/player/Derrick-Walton-Jr/Summary/37900,,127.0,,0.574,0.514,1.8,15.8,8.9,23.5,14.9,2.3,0.2,20.7,164.2,2.9,1.4,117.1,101.9,18.1,2017,-61,211,10
61,Paul Watson,,GF,6-6,210,22,Fresno State,United States,/player/Paul-Watson/Summary/57234,,135.0,,0.528,0.496,3.6,13.5,8.6,5.8,13.5,1.6,2.6,19.2,148.3,-3.1,1.2,102.2,102.4,12.6,2017,-61,117,8
61,Antonius Cleveland,,G,6-6,195,23,Southeast Missouri State,United States,/player/Antonius-Cleveland/Summary/57472,,121.0,,0.542,0.52,5.5,13.6,9.5,14.3,13.6,2.6,2.4,23.5,139.5,-1.8,1.3,107.4,104.7,18.0,2017,-61,331,6
61,Gabriel Deck,,F,6-8,232,22,Quimsa (Argentina),Argentina,/player/Gabriel-Deck/Summary/26669,All Leagues,55.0,49.0,0.652,0.617,5.6,12.9,9.5,9.7,9.6,1.7,1.1,26.2,169.1,-1.9,1.5,124.0,100.4,23.5,2017,-61,296,2
61,Isaiah Hicks,,PF,6-8,233,22,North Carolina,United States,/player/Isaiah-Hicks/Summary/24324,,151.0,,0.609,0.571,10.1,14.1,12.1,7.2,14.8,1.2,3.5,20.6,146.2,-3.6,1.5,119.5,99.6,18.8,2017,-61,242,9
61,Ben Moore,,F,6-8,220,22,Southern Methodist,United States,/player/Ben-Moore/Summary/56932,,135.0,,0.571,0.539,11.7,16.0,14.0,14.3,15.6,1.9,4.8,20.0,140.2,-1.1,1.4,117.2,92.9,19.9,2017,-61,333,2
61,Luca Vildoza,,PG,6-3,190,21,Quilmes (Argentina),Argentina,/player/Luca-Vildoza/Summary/40899,Liga A,67.0,64.0,0.564,0.477,2.1,13.9,7.8,23.8,17.3,2.8,0.7,27.2,159.8,-1.5,1.4,105.4,104.3,18.9,2017,-61,295,10
61,Troy Caupain,,G,6-4,210,21,Cincinnati,United States,/player/Troy-Caupain/Summary/58524,,137.0,,0.516,0.467,2.1,12.3,7.2,25.8,14.8,2.4,0.9,19.8,149.7,3.3,1.2,112.1,95.0,16.3,2017,-61,73,6
61,Billy Garrett,,SG,6-6,215,22,DePaul,United States,/player/Billy-Garrett/Summary/41395,,125.0,,0.537,0.445,1.2,10.0,5.5,25.3,17.5,1.7,0.8,25.7,155.0,-0.9,1.4,106.0,111.3,15.6,2017,-61,85,12
61,Trayvon Palmer,,GF,6-6,200,22,Chicago State,United States,/player/Trayvon-Palmer/Summary/81457,,92.0,,0.528,0.488,8.7,19.0,13.4,9.4,18.6,2.3,3.1,20.6,148.2,-5.0,1.2,99.8,103.9,15.7,2017,-61,70,8
61,London Perrantes,,G,6-1,194,22,Virginia,United States,/player/London-Perrantes/Summary/41329,,138.0,,0.552,0.512,1.2,9.3,5.4,25.0,16.0,1.8,0.5,17.1,162.5,4.3,1.2,114.7,96.3,14.7,2017,-61,397,6
61,Tarik Phillip,,G,6-3,185,23,West Virginia,United States/England,/player/Tarik-Phillip/Summary/80286,,106.0,,0.544,0.487,3.3,10.7,6.6,20.5,17.7,4.1,1.5,20.0,150.5,-0.1,1.4,110.7,92.7,16.8,2017,-61,410,6
61,Bryce Alford,,G,6-3,185,22,UCLA,United States,/player/Bryce-Alford/Summary/56839,,141.0,,0.569,0.519,0.8,8.5,4.8,19.9,12.2,1.3,0.2,20.9,162.7,2.6,1.3,117.7,107.1,16.3,2017,-61,373,6
61,Dakarai Allen,,SG,6-5,193,22,San Diego State,United States,/player/Dakarai-Allen/Summary/28998,,134.0,,0.52,0.483,4.5,10.8,7.7,9.6,16.4,3.0,3.0,16.4,135.3,-2.2,1.3,103.5,89.6,13.0,2017,-61,316,12
61,Marcus Allen,,G,6-2,192,22,Stanford,United States,/player/Marcus-Allen/Summary/56837,,128.0,,0.501,0.468,4.5,9.8,7.1,12.3,14.7,2.6,0.4,18.2,131.4,-1.2,1.2,101.8,102.9,12.2,2017,-61,338,6
61,Steph Branch,,G,6-5,208,21,West Georgia,United States,/player/Steph-Branch/Summary/99579,,59.0,,0.555,0.523,-,-,-,-,13.4,-,-,-,149.5,-,1.3,-,-,-,2017,-61,409,6
61,Jared Brownridge,,G,6-3,200,22,Santa Clara,United States,/player/Jared-Brownridge/Summary/57603,,129.0,,0.581,0.535,1.1,8.9,4.9,17.3,9.5,1.5,0.5,26.7,166.5,0.2,1.3,116.0,109.0,19.7,2017,-61,319,6
61,Jeff Coby,,F,6-8,225,23,Columbia,United States,/player/Jeff-Coby/Summary/57319,,109.0,,0.51,0.456,12.2,19.6,15.9,7.3,15.0,1.4,4.0,21.5,144.6,-3.9,1.2,105.6,99.6,15.5,2017,-61,79,2
61,Daniel Dixon,,G,6-6,210,23,William & Mary,United States,/player/Daniel-Dixon/Summary/58222,,114.0,,0.589,0.556,2.0,12.5,7.6,12.1,11.7,1.4,1.7,23.6,164.6,-1.2,1.3,112.5,107.2,17.3,2017,-61,415,6
61,Isaac Hamilton,,SG,6-4,185,23,UCLA,United States,/player/Isaac-Hamilton/Summary/24316,,104.0,,0.549,0.528,3.3,8.7,6.1,16.3,15.0,1.5,0.4,21.6,159.7,-0.4,1.2,108.0,106.8,14.6,2017,-61,373,12
61,Tra-Deon Hollins,,G,6-2,195,21,Omaha,United States,/player/Tra-Deon-Hollins/Summary/97572,,64.0,,0.544,0.493,3.5,13.0,8.0,33.0,21.9,5.5,0.5,21.0,150.9,2.0,1.3,108.0,99.5,20.0,2017,-61,265,6
61,Zak Irvin,,SG,6-6,215,22,Michigan,United States/Taiwan,/player/Zak-Irvin/Summary/27401,,142.0,,0.524,0.508,2.6,13.4,8.1,13.8,11.5,1.5,0.2,23.1,145.6,-0.3,1.1,105.0,104.9,15.1,2017,-61,211,12
61,Matt Jones,,SG,6-5,204,22,Duke,United States,/player/Matt-Jones/Summary/24318,,143.0,,0.523,0.505,4.1,6.3,5.3,9.7,11.5,2.5,0.5,14.7,145.3,0.5,1.1,113.8,103.8,11.7,2017,-61,93,12
61,Bronson Koenig,,G,6-3,194,22,Wisconsin,United States,/player/Bronson-Koenig/Summary/24703,,148.0,,0.552,0.523,1.7,7.1,4.4,14.7,10.4,0.9,0.7,19.8,161.4,1.2,1.2,115.7,103.8,14.1,2017,-61,419,6
61,JeQuan Lewis,,G,6-0,170,22,VCU,United States,/player/JeQuan-Lewis/Summary/57426,,141.0,,0.568,0.514,1.2,8.8,4.8,28.0,20.1,3.5,0.1,22.7,161.9,0.5,1.3,108.4,96.3,16.8,2017,-61,390,6
61,Marc Loving,,F,6-8,220,22,Ohio State,United States,/player/Marc-Loving/Summary/24321,,134.0,,0.558,0.508,4.7,12.2,8.6,8.0,16.0,1.1,1.6,21.6,154.3,-4.0,1.4,106.7,100.2,14.2,2017,-61,259,2
61,Jeremy Morgan,,G,6-5,192,22,Northern Iowa,United States,/player/Jeremy-Morgan/Summary/57187,,131.0,,0.572,0.528,4.2,14.4,9.5,14.0,13.4,3.1,3.3,19.3,158.0,-0.2,1.3,112.6,95.5,17.7,2017,-61,250,6
61,Luke Petrasek,,F,6-10,208,21,Columbia,United States/Poland,/player/Luke-Petrasek/Summary/57322,,115.0,,0.575,0.544,5.3,17.0,11.3,12.7,15.2,1.5,4.2,22.3,158.9,-2.5,1.3,110.0,100.8,17.6,2017,-61,79,2
61,Kendall Pollard,,F,6-6,210,22,Dayton,United States,/player/Kendall-Pollard/Summary/56970,,124.0,,0.552,0.536,5.2,16.2,10.9,9.9,16.3,2.1,3.0,24.7,134.9,-4.7,1.5,102.0,94.9,16.5,2017,-61,84,2
61,Jeremy Senglin,,G,6-0,190,22,Weber State,United States,/player/Jeremy-Senglin/Summary/58051,,124.0,,0.611,0.582,1.2,9.7,5.8,18.4,13.7,1.6,0.2,25.0,161.1,-1.0,1.4,116.1,104.2,18.8,2017,-61,408,6
61,Scoochie Smith,,G,6-2,180,22,Dayton,United States,/player/Scoochie-Smith/Summary/49893,,138.0,,0.549,0.51,1.4,9.8,5.7,25.7,17.4,2.7,0.5,19.4,151.2,2.2,1.3,108.9,98.0,15.0,2017,-61,84,6
61,Rashawn Thomas,,F,6-8,230,22,Texas A&M-CC,United States,/player/Rashawn-Thomas/Summary/58952,,125.0,,0.588,0.554,10.7,21.9,16.4,12.2,18.1,2.0,7.4,31.1,151.8,-7.7,1.5,108.2,95.8,25.2,2017,-61,355,2
61,T.J. Williams,,G,6-3,205,22,Northeastern,United States,/player/TJ-Williams/Summary/58219,,123.0,,0.543,0.49,2.4,10.6,6.6,23.4,17.0,1.6,0.5,22.3,145.8,0.2,1.4,107.1,106.4,15.0,2017,-61,247,6
61,Derek Willis,,PF,6-9,230,22,Kentucky,United States,/player/Derek-Willis/Summary/28227,,102.0,,0.629,0.608,5.8,18.9,12.7,5.4,12.2,1.8,4.3,15.7,167.3,-1.7,1.4,126.9,90.3,18.1,2017,-61,174,9
61,Mike Young,,PF,6-9,235,22,Pittsburgh,United States,/player/Mike-Young/Summary/42089,,136.0,,0.567,0.513,9.1,16.8,13.0,13.6,12.0,1.0,2.5,24.8,159.1,-1.6,1.4,117.3,103.5,21.1,2017,-61,286,9
61,P.J. Dozier,,PG,6-6,205,20,South Carolina,United States,/player/PJ-Dozier/Summary/54841,,70.0,,0.455,0.435,4.3,13.8,9.0,22.1,17.3,3.2,1.6,27.6,125.4,-3.2,1.0,92.2,92.0,13.6,2017,-61,327,10
61,Kobi Simmons,,PG,6-5,180,19,Arizona,United States,/player/Kobi-Simmons/Summary/76235,,37.0,,0.5,0.452,1.9,6.0,4.1,15.7,12.5,1.6,0.4,22.0,149.7,0.3,1.1,106.0,102.3,12.4,2017,-61,17,10
61,Deonte Burton,,F,6-4,240,23,Iowa State,United States,/player/Deonte-Burton/Summary/24320,,101.0,,0.542,0.518,6.5,15.8,11.3,10.9,13.4,3.7,4.3,27.9,154.7,-3.8,1.2,104.8,97.2,21.0,2017,-61,159,2
61,Malcolm Hill,,G,6-6,220,21,Illinois,United States,/player/Malcolm-Hill/Summary/56659,,137.0,,0.557,0.492,4.8,15.3,10.0,16.1,11.7,1.9,1.2,25.6,157.9,-0.9,1.4,113.6,100.8,20.2,2017,-61,151,6
61,Amile Jefferson,,PF,6-9,222,24,Duke,United States,/player/Amile-Jefferson/Summary/24249,,150.0,,0.617,0.62,13.1,19.7,16.5,7.6,13.7,1.6,3.9,15.5,119.5,-1.3,1.6,127.4,95.8,19.8,2017,-61,93,9
61,Naz Long,,PG,6-4,218,23,Iowa State,Canada/Greece,/player/Naz-Long/Summary/27050,,131.0,,0.603,0.587,1.7,10.0,6.1,12.5,12.9,1.5,0.3,18.3,158.2,0.1,1.3,115.5,102.3,14.7,2017,-61,159,10
61,Johnathan Motley,,F,6-10,230,22,Baylor,United States,/player/Johnathan-Motley/Summary/56877,,103.0,,0.554,0.526,13.6,17.5,15.5,11.8,15.6,1.1,5.6,26.9,141.8,-4.9,1.3,111.0,97.5,21.4,2017,-61,37,2
61,Antonio Blakeney,,SG,6-4,197,20,LSU,United States,/player/Antonio-Blakeney/Summary/72599,,64.0,,0.549,0.514,3.1,11.0,7.0,8.0,9.4,1.2,0.4,22.2,152.6,-1.5,1.3,111.9,112.6,15.7,2017,-61,176,12
61,Tyler Cavanaugh,,F,6-9,240,23,George Washington,United States,/player/Tyler-Cavanaugh/Summary/42310,,137.0,,0.575,0.51,7.6,18.2,13.0,9.9,14.6,0.9,1.2,25.6,163.8,-4.4,1.4,112.2,103.6,18.8,2017,-61,123,2
61,Charles Cooke,,G,6-5,195,22,Dayton,United States,/player/Charles-Cooke/Summary/44721,,123.0,,0.547,0.502,4.4,13.4,9.0,13.2,12.7,2.2,3.1,23.1,150.1,-1.6,1.3,109.1,98.8,18.1,2017,-61,84,6
61,Gerald Hannahs,,GF,6-3,210,23,Arkansas,United States,/player/Gerald-Hannahs/Summary/44091,,131.0,,0.582,0.534,2.1,5.9,4.0,8.0,10.7,1.2,0.2,22.9,171.1,-2.3,1.3,116.5,111.3,15.8,2017,-61,19,8
61,Cameron Oliver,,C,6-8,225,20,Nevada,United States,/player/Cameron-Oliver/Summary/97492,,73.0,,0.56,0.537,7.8,22.7,15.4,9.1,14.5,1.3,8.7,24.1,153.2,-4.3,1.3,107.8,93.2,21.2,2017,-61,235,0
61,Devin Robinson,,F,6-7,200,22,Florida,United States,/player/Devin-Robinson/Summary/52053,,105.0,,0.548,0.518,6.9,17.0,11.9,5.4,10.4,1.6,2.8,19.9,150.2,-2.4,1.3,113.0,95.2,17.0,2017,-61,108,2
61,Jamel Artis,,F,6-7,213,24,Pittsburgh,United States,/player/Jamel-Artis/Summary/24648,,135.0,,0.58,0.539,6.1,14.1,10.1,17.6,14.7,1.1,1.3,24.3,160.7,-1.4,1.4,114.4,105.3,19.0,2017,-61,286,2
61,Paris Bass,,GF,6-7,187,21,Detroit-Mercy,United States,/player/Paris-Bass/Summary/57257,,57.0,,0.528,0.494,7.7,21.0,14.2,15.6,17.0,2.6,5.2,30.6,146.5,-5.5,1.3,101.6,100.7,20.9,2017,-61,90,8
61,Amida Brimah,,C,6-10,230,23,UConn,Ghana,/player/Amida-Brimah/Summary/56938,,133.0,,0.646,0.637,10.0,13.4,11.8,2.1,16.2,0.5,14.0,15.3,128.1,-4.1,1.6,120.0,94.6,18.6,2017,-61,374,0
61,Isaiah Briscoe,,PG,6-3,210,21,Kentucky,United States,/player/Isaiah-Briscoe/Summary/41489,,70.0,,0.491,0.472,5.2,13.3,9.4,20.2,16.6,1.7,0.5,20.4,124.0,0.8,1.2,104.0,99.1,13.9,2017,-61,174,10
61,Gian Clavell,,G,6-4,185,23,Brujos de Guayama (United States),Puerto Rico/United States,/player/Gian-Clavell/Summary/80958,BSN,3.0,0.0,0.494,0.467,3.8,18.8,11.3,9.7,14.9,1.7,0.0,30.5,133.3,-5.3,1.1,89.3,124.2,9.6,2017,-61,50,6
61,Chance Comanche,,C,6-10,210,21,Arizona,United States,/player/Chance-Comanche/Summary/54884,,60.0,,0.593,0.556,8.2,15.9,12.3,4.1,16.6,0.4,2.7,17.4,127.8,-4.3,1.5,113.0,97.6,14.0,2017,-61,17,0
61,Milton Doyle,,G,6-4,185,23,Loyola (IL),United States,/player/Milton-Doyle/Summary/42904,,121.0,,0.541,0.496,3.0,14.0,8.6,28.0,20.4,2.5,2.4,28.2,150.2,-2.1,1.3,100.2,98.5,17.5,2017,-61,194,6
61,Marko Guduric,,SG,6-6,201,22,KK Crvena Zvezda (Serbia),Serbia,/player/Marko-Guduric/Summary/27837,All Leagues,78.0,8.0,0.614,0.56,4.2,12.3,8.4,21.5,20.6,2.4,0.4,21.9,168.1,-0.8,1.4,109.8,98.9,14.6,2017,-61,167,12
61,Nigel Hayes-Davis,,F,6-8,254,22,Wisconsin,United States,/player/Nigel-Hayes-Davis/Summary/24673,,150.0,,0.531,0.483,7.5,14.7,11.1,14.9,12.0,1.9,1.5,24.5,144.4,-0.6,1.4,113.5,98.2,19.6,2017,-61,419,2
61,Isaac Humphries,,C,6-11,255,19,Kentucky,Australia,/player/Isaac-Humphries/Summary/54857,,61.0,,0.5,0.473,15.1,18.2,16.7,3.4,14.9,1.1,6.3,15.8,112.3,-3.5,1.1,110.0,93.9,14.3,2017,-61,174,0
61,Jaylen Johnson,,F,6-9,230,20,Louisville,United States,/player/Jaylen-Johnson/Summary/52553,,88.0,,0.55,0.538,13.0,15.0,14.0,4.7,13.9,1.3,2.5,17.9,151.3,-3.4,1.3,114.1,94.0,16.4,2017,-61,193,2
61,Mangok Mathiang,,C,6-10,230,24,Louisville,Australia/South Sudan,/player/Mangok-Mathiang/Summary/41959,,114.0,,0.531,0.506,13.9,15.5,14.7,5.0,16.0,1.6,7.8,14.8,110.5,-2.9,1.3,113.6,89.4,16.5,2017,-61,193,0
61,Tahjere McCall,,G,6-4,190,22,Tennessee State,United States,/player/Tahjere-McCall/Summary/44558,,117.0,,0.503,0.444,6.3,11.7,8.9,24.0,21.7,4.1,1.3,23.6,133.4,-2.5,1.3,98.4,98.5,16.1,2017,-61,350,6
61,Erik McCree,,F,6-8,228,23,Louisiana Tech,United States,/player/Erik-McCree/Summary/43118,,123.0,,0.558,0.519,5.9,21.3,13.7,7.1,14.4,1.2,1.6,25.5,154.0,-4.9,1.3,106.1,95.2,18.5,2017,-61,192,2
61,Eric Mika,,F,6-10,251,22,Brigham Young,United States,/player/Eric-Mika/Summary/57582,,67.0,,0.58,0.528,11.7,18.0,15.0,9.8,12.5,1.0,4.8,27.1,123.5,-3.7,1.5,117.2,99.7,23.8,2017,-61,48,2
61,Rodney Purvis,,G,6-4,205,23,UConn,United States,/player/Rodney-Purvis/Summary/24250,,137.0,,0.519,0.5,1.9,9.2,5.7,12.1,12.9,1.7,0.5,22.7,141.7,-1.6,1.2,102.7,102.2,13.4,2017,-61,374,6
61,Xavier Rathan-Mayes,,SG,6-4,208,23,Florida State,Canada,/player/Xavier-Rathan-Mayes/Summary/27051,,100.0,,0.519,0.487,2.0,9.8,6.0,27.9,17.7,1.9,0.1,23.4,138.4,1.4,1.2,105.3,104.5,15.2,2017,-61,111,12
61,Andrew White,,F,6-7,210,24,Syracuse,United States,/player/Andrew-White/Summary/24696,,109.0,,0.599,0.567,3.8,14.4,9.3,5.2,10.5,2.4,1.2,24.3,163.1,-3.4,1.4,117.6,98.8,20.2,2017,-61,344,2
61,Jake Wiley,,F,6-8,220,22,Eastern Washington,United States/North Macedonia,/player/Jake-Wiley/Summary/45001,,55.0,,0.682,0.641,10.3,21.1,16.0,16.1,20.0,1.3,8.2,28.2,208.8,-6.2,1.7,119.6,100.4,29.2,2017,-61,98,2
61,Matt Williams,,G,6-5,210,23,UCF,United States,/player/Matt-Williams/Summary/42568,,124.0,,0.545,0.526,1.7,9.9,6.0,9.1,11.0,1.2,0.2,18.5,152.4,-1.1,1.2,111.3,104.8,12.4,2017,-61,372,6
61,Yudai Baba,,SG,6-5,198,21,,Japan,/player/Yudai-Baba/Summary/93409,B.League,45.0,28.0,0.587,0.555,3.0,14.0,8.6,16.3,14.7,3.0,1.5,20.0,155.5,0.4,1.3,111.4,96.6,17.3,2017,-61,429,12
61,Canyon Barry,,SG,6-6,205,23,Florida,United States,/player/Canyon-Barry/Summary/31746,,105.0,,0.512,0.46,3.1,11.5,7.3,9.9,12.5,1.6,1.6,26.2,153.7,-3.5,1.2,103.0,100.1,15.6,2017,-61,108,12
61,V.J. Beachem,,F,6-8,205,22,Notre Dame,United States,/player/VJ-Beachem/Summary/29857,,132.0,,0.568,0.552,2.7,10.7,6.9,5.0,8.2,1.5,2.7,20.4,156.5,-1.4,1.2,113.6,107.0,16.1,2017,-61,255,2
61,"James Blackmon, Jr.",,SG,6-4,200,22,Indiana,United States,/player/James-Blackmon-Jr/Summary/52355,,76.0,,0.592,0.561,5.4,13.7,9.7,11.2,11.5,1.5,0.4,26.2,169.1,-2.3,1.3,121.5,105.5,21.3,2017,-61,154,12
61,Torian Graham,,G,6-5,195,24,Arizona State,United States,/player/Torian-Graham/Summary/24286,,33.0,,0.569,0.554,1.0,12.0,6.0,7.0,7.5,1.0,1.0,24.0,165.7,-1.0,1.2,111.0,113.0,18.0,2017,-61,18,6
61,Terry Henderson,,SG,6-4,200,23,NC State,United States,/player/Terry-Henderson/Summary/24705,,91.0,,0.582,0.545,4.3,8.0,6.1,9.1,11.2,1.5,1.8,20.5,161.1,-1.6,1.3,117.6,109.7,16.4,2017,-61,232,12
61,Ike Iroegbu,,G,6-2,195,22,Washington State,United States/Nigeria,/player/Ike-Iroegbu/Summary/56855,,124.0,,0.536,0.493,2.2,10.8,6.6,23.1,18.0,1.4,0.4,21.7,150.9,-0.1,1.3,102.3,111.1,13.5,2017,-61,407,6
61,Peter Jok,,G,6-6,205,23,Iowa,South Sudan,/player/Peter-Jok/Summary/56664,,125.0,,0.555,0.503,3.5,12.1,7.8,14.1,11.9,2.1,0.4,27.1,167.1,-1.9,1.3,112.5,101.5,18.9,2017,-61,158,6
61,Tidjan Keita,,SF,6-10,205,20,,France/Guinea,/player/Tidjan-Keita/Summary/119294,,,,,,,,,,,,,,,,,,,,2017,-61,429,11
61,Jordan Mathews,,SG,6-4,203,23,Gonzaga,United States,/player/Jordan-Mathews/Summary/41444,,141.0,,0.572,0.536,2.8,9.4,6.3,8.4,9.3,1.3,0.2,21.0,160.0,-0.8,1.3,116.3,100.9,15.7,2017,-61,131,12
61,Kennedy Meeks,,PF,6-10,270,22,North Carolina,United States,/player/Kennedy-Meeks/Summary/24679,,144.0,,0.571,0.554,14.7,22.4,18.6,8.5,12.6,1.8,5.4,22.8,118.4,-2.9,1.3,118.3,93.9,24.0,2017,-61,242,9
61,Jalen Moore,,F,6-8,218,21,Utah State,United States,/player/Jalen-Moore/Summary/57216,,125.0,,0.579,0.544,4.4,15.2,10.1,13.7,10.7,1.2,2.0,22.3,160.3,-0.2,1.4,116.3,103.1,18.9,2017,-61,388,2
61,Kamari Murphy,,PF,6-9,218,23,Miami (FL),United States,/player/Kamari-Murphy/Summary/28715,,131.0,,0.521,0.508,9.1,18.5,14.0,4.6,17.4,1.0,3.8,13.9,124.5,-3.1,1.2,104.0,97.4,12.1,2017,-61,210,9
61,L.J. Peak,,GF,6-5,215,21,Georgetown,United States,/player/LJ-Peak/Summary/71571,,98.0,,0.565,0.512,3.6,9.3,6.6,15.8,15.1,1.9,1.8,23.4,155.6,-2.0,1.4,109.7,103.9,16.2,2017,-61,124,8
61,Trevor Thompson,,F,7-0,250,23,Ohio State,United States,/player/Trevor-Thompson/Summary/56802,,97.0,,0.565,0.516,11.8,24.6,18.5,3.1,17.1,1.0,7.3,21.4,122.7,-6.2,1.4,107.5,94.8,18.9,2017,-61,259,2
61,Melo Trimble,,G,6-3,195,22,Maryland,United States,/player/Melo-Trimble/Summary/42075,,104.0,,0.583,0.507,1.0,11.4,6.6,25.2,16.5,2.2,0.4,26.2,161.6,-0.4,1.5,114.0,100.1,19.7,2017,-61,204,6
61,Jacorey Williams,,PF,6-8,220,23,Middle Tennessee State,United States,/player/Jacorey-Williams/Summary/42341,,132.0,,0.508,0.485,6.8,18.2,12.5,11.6,12.5,1.9,2.4,24.8,130.8,-2.4,1.2,103.0,96.2,17.5,2017,-61,213,9
61,Georginho de Paula,,G,6-6,194,21,Paulistano (Brazil),Brazil,/player/Georginho-de-Paula/Summary/62213,All Leagues,45.0,39.0,0.506,0.443,4.0,15.4,9.5,26.9,16.4,2.4,1.5,21.6,145.5,2.4,1.2,106.8,105.8,14.7,2017,-61,276,6
1,Ben Simmons,PHL,PF,6-10,240,19,LSU,Australia,/player/Ben-Simmons/Summary/41364,,33.0,,0.6,0.561,9.6,26.8,18.2,27.4,17.4,3.1,2.5,26.4,156.3,-0.5,1.6,117.2,97.4,27.4,2016,-1,176,9
2,Brandon Ingram,LAL,SF,6-8,190,18,Duke,United States,/player/Brandon-Ingram/Summary/72279,,36.0,,0.552,0.525,6.1,15.4,10.8,11.3,11.3,1.9,3.6,25.5,153.5,-2.0,1.3,114.9,103.4,21.4,2016,-2,93,11
3,Jaylen Brown,BOS,SF,6-6,223,19,California,United States,/player/Jaylen-Brown/Summary/52544,,34.0,,0.518,0.471,4.5,16.5,10.8,15.1,17.9,1.7,2.2,31.4,138.0,-6.5,1.3,98.3,96.1,17.0,2016,-3,63,11
4,Dragan Bender,PHX,PF,7-1,235,18,Maccabi FOX Tel Aviv (Israel),Bosnia and Herzegovina/Croatia,/player/Dragan-Bender/Summary/41582,All Leagues,38.0,3.0,0.541,0.514,8.0,16.1,12.1,8.3,11.9,2.1,6.2,16.8,147.9,-0.9,1.2,110.7,100.6,13.7,2016,-4,198,9
5,Kris Dunn,MIN,SG,6-3,205,22,Providence,United States,/player/Kris-Dunn/Summary/28240,,95.0,,0.531,0.488,3.9,14.9,9.2,39.9,21.6,4.1,1.4,24.5,149.7,1.7,1.3,103.8,94.9,19.7,2016,-5,291,12
6,Buddy Hield,NOP,G,6-4,220,23,Oklahoma,Bahamas,/player/Buddy-Hield/Summary/42415,,132.0,,0.584,0.548,5.6,11.5,8.6,13.0,12.7,2.3,0.9,26.6,167.4,-2.7,1.3,115.7,99.5,21.5,2016,-6,260,6
7,Jamal Murray,DEN,SG,6-4,215,19,Kentucky,Canada,/player/Jamal-Murray/Summary/49976,,36.0,,0.59,0.559,4.9,11.1,8.2,12.1,12.1,1.6,0.9,27.2,164.4,-2.5,1.3,120.5,101.2,21.6,2016,-7,174,12
8,Marquese Chriss,SAC,PF,6-9,240,18,Washington,United States,/player/Marquese-Chriss/Summary/72600,,34.0,,0.585,0.561,9.8,11.6,10.7,6.3,14.7,1.9,5.8,24.1,156.4,-5.4,1.4,112.0,100.9,20.3,2016,-8,406,9
9,Jakob Poeltl,TOR,C,7-0,260,20,Utah,Austria,/player/Jakob-Poeltl/Summary/53231,,70.0,,0.653,0.658,13.6,21.3,17.8,11.0,15.3,1.1,6.4,23.9,126.5,-3.7,1.7,123.9,92.7,26.8,2016,-9,387,0
10,Thon Maker,MIL,C,7-0,221,19,Athlete Institute Prep (Ontario),South Sudan/Australia,/player/Thon-Maker/Summary/42192,,,,,,,,,,,,,,,,,,,,2016,-10,20,0
11,Domantas Sabonis,ORL,PF,6-10,240,20,Gonzaga,United States/Lithuania,/player/Domantas-Sabonis/Summary/33381,,74.0,,0.662,0.636,12.5,26.4,20.2,9.6,16.7,1.2,2.2,24.0,171.8,-4.5,1.6,124.1,90.1,25.9,2016,-11,131,9
12,Taurean Prince,UTH,F,6-6,218,22,Baylor,United States,/player/Taurean-Prince/Summary/42410,,129.0,,0.557,0.524,9.2,15.3,12.2,12.0,15.7,2.8,2.6,27.3,155.4,-4.9,1.3,109.8,97.8,20.8,2016,-12,37,2
13,George Papagiannis,PHX,C,7-2,275,18,Panathinaikos (Greece),Greece,/player/George-Papagiannis/Summary/32198,All Leagues,28.0,5.0,0.648,0.636,13.7,17.6,15.8,7.7,11.5,0.9,6.6,22.9,129.2,-3.0,1.4,120.6,92.7,22.0,2016,-13,272,0
14,Denzel Valentine,CHI,F,6-4,220,22,Michigan State,United States,/player/Denzel-Valentine/Summary/44077,,144.0,,0.569,0.544,4.6,18.6,12.0,29.6,18.0,1.9,1.1,22.1,162.9,2.7,1.3,114.8,94.9,19.8,2016,-14,212,2
15,Juancho Hernangomez,DEN,F,6-9,215,20,Movistar Estudiantes (Spain),Spain,/player/Juancho-Hernangomez/Summary/52816,ACB,34.0,22.0,0.578,0.528,9.0,23.5,15.9,4.4,13.9,1.9,1.2,19.8,153.0,-4.1,1.4,110.5,110.5,16.6,2016,-15,228,2
16,Guerschon Yabusele,BOS,PF,6-8,265,20,Rouen Metropole Basket (France),France,/player/Guerschon-Yabusele/Summary/29646,Jeep Elite,34.0,17.0,0.626,0.587,11.4,19.4,15.4,7.2,15.0,2.1,1.6,18.9,173.1,-3.1,1.5,117.6,116.3,18.8,2016,-16,306,9
17,Wade Baldwin IV,MEM,G,6-4,220,20,Vanderbilt,United States,/player/Wade-Baldwin-IV/Summary/81056,,68.0,,0.578,0.509,1.9,13.0,7.9,32.5,18.7,2.7,0.8,22.2,165.4,3.0,1.5,115.1,97.0,19.0,2016,-17,394,6
18,Henry Ellenson,DET,PF,6-10,240,19,Marquette,United States,/player/Henry-Ellenson/Summary/54842,,33.0,,0.534,0.48,7.8,24.1,16.5,11.0,12.9,1.4,4.4,26.7,148.3,-3.4,1.3,106.3,97.4,20.1,2016,-18,202,9
19,Malik Beasley,DEN,SG,6-4,187,19,Florida State,United States,/player/Malik-Beasley/Summary/73131,,34.0,,0.583,0.541,5.0,15.1,10.1,9.8,11.5,1.8,0.6,24.2,167.1,-2.4,1.3,117.5,104.0,19.8,2016,-19,111,12
20,Caris LeVert,IND,G,6-6,205,21,Michigan,United States,/player/Caris-LeVert/Summary/42322,,103.0,,0.552,0.514,1.8,14.6,8.3,19.7,12.3,2.2,0.9,22.3,160.5,1.8,1.3,113.9,98.9,18.5,2016,-20,211,6
21,DeAndre' Bembry,ATL,GF,6-5,210,21,Saint Joseph's,United States,/player/DeAndre-Bembry/Summary/49891,,101.0,,0.528,0.504,4.4,16.2,10.4,21.9,14.2,2.3,2.3,24.9,139.6,-0.1,1.3,106.3,98.0,18.9,2016,-21,310,8
22,Malachi Richardson,CHA,SF,6-6,205,20,Syracuse,United States,/player/Malachi-Richardson/Summary/49322,,37.0,,0.51,0.465,1.7,12.1,6.9,12.8,14.0,2.1,0.9,23.2,144.1,-2.3,1.2,102.6,101.3,13.5,2016,-22,344,11
23,Ante Zizic,BOS,C,6-11,254,19,KK Cibona (Croatia),Croatia,/player/Ante-Zizic/Summary/49134,All Leagues,54.0,43.0,0.694,0.653,12.7,25.8,19.5,5.1,17.9,0.5,5.0,22.5,137.8,-6.8,1.8,121.0,102.1,22.2,2016,-23,166,0
24,Timothe Luwawu-Cabarrot,PHL,F,6-7,210,21,KK Mega Bemax (Serbia),France,/player/Timothe-Luwawu-Cabarrot/Summary/46508,All Leagues,33.0,32.0,0.525,0.482,3.6,14.3,8.7,16.2,17.1,2.9,1.2,24.0,145.7,-3.3,1.2,102.2,98.0,13.8,2016,-24,168,2
25,Brice Johnson,LAC,PF,6-10,230,21,North Carolina,United States,/player/Brice-Johnson/Summary/24658,,148.0,,0.598,0.575,11.2,24.8,18.1,8.7,11.5,2.0,5.5,24.8,128.2,-3.0,1.4,120.2,92.0,26.5,2016,-25,242,9
26,Furkan Korkmaz,PHL,SG,6-7,202,18,Anadolu Efes (Turkey),Turkey,/player/Furkan-Korkmaz/Summary/54510,All Leagues,56.0,10.0,0.568,0.56,4.0,9.3,6.6,8.7,10.6,1.0,0.8,17.4,147.1,-0.3,1.2,114.1,110.9,11.3,2016,-26,13,12
27,Pascal Siakam,TOR,F,6-8,245,22,New Mexico State,Cameroon,/player/Pascal-Siakam/Summary/81426,,68.0,,0.585,0.553,13.5,21.1,17.5,11.0,12.0,1.7,6.2,25.5,143.8,-2.9,1.4,121.0,88.4,27.3,2016,-27,237,2
28,Skal Labissiere,PHX,C,6-10,235,20,Kentucky,Haiti,/player/Skal-Labissiere/Summary/42074,,36.0,,0.54,0.516,7.2,14.6,11.1,3.6,13.1,0.9,10.3,22.1,117.7,-4.6,1.2,108.0,95.7,17.5,2016,-28,174,0
29,Dejounte Murray,SAN,SG,6-4,180,19,Washington,United States,/player/Dejounte-Murray/Summary/73136,,34.0,,0.485,0.451,4.1,13.7,8.8,25.6,16.3,2.8,0.8,25.8,136.6,-0.7,1.1,99.8,100.8,16.2,2016,-29,406,12
30,Damian Jones,GOS,PF,6-10,245,20,Vanderbilt,United States,/player/Damian-Jones/Summary/42379,,99.0,,0.573,0.566,9.6,16.7,13.4,6.5,14.7,0.8,6.4,26.5,125.6,-5.7,1.5,107.1,96.8,20.4,2016,-30,394,9
31,Deyonta Davis,BOS,PF,6-9,237,19,Michigan State,United States,/player/Deyonta-Davis/Summary/73162,,35.0,,0.601,0.598,13.6,19.1,16.5,7.5,12.1,0.8,10.2,19.2,120.3,-2.0,1.3,121.4,90.0,22.3,2016,-31,212,9
32,Ivica Zubac,LAL,C,7-0,240,19,KK Mega Bemax (Serbia),Bosnia and Herzegovina/Croatia,/player/Ivica-Zubac/Summary/49290,All Leagues,20.0,11.0,0.562,0.534,10.5,18.2,14.3,5.3,11.4,1.6,7.3,23.0,129.8,-3.8,1.2,109.8,101.5,18.6,2016,-32,168,0
33,Cheick Diallo,LAC,PF,6-8,219,19,Kansas,Mali,/player/Cheick-Diallo/Summary/49975,,27.0,,0.572,0.569,10.4,26.8,19.2,0.9,19.4,2.0,11.8,21.8,112.5,-8.2,1.4,101.6,85.0,19.8,2016,-33,172,9
34,Tyler Ulis,PHX,PG,5-10,149,20,Kentucky,United States,/player/Tyler-Ulis/Summary/52567,,72.0,,0.563,0.499,2.0,6.8,4.5,31.7,12.9,2.5,0.3,19.6,164.4,6.9,1.3,127.2,95.9,19.6,2016,-34,174,10
35,Rade Zagorac,BOS,SF,6-9,205,20,KK Mega Bemax (Serbia),Serbia,/player/Rade-Zagorac/Summary/30700,All Leagues,26.0,18.0,0.626,0.578,7.2,17.9,12.5,16.9,20.4,3.7,1.5,21.6,165.3,-3.5,1.5,112.3,97.9,18.9,2016,-35,168,11
36,Malcolm Brogdon,MIL,SG,6-4,229,23,Virginia,United States,/player/Malcolm-Brogdon/Summary/24209,,136.0,,0.556,0.496,2.6,14.1,8.6,17.8,11.3,1.9,0.9,25.3,167.0,0.4,1.3,114.9,92.2,20.0,2016,-36,397,12
37,Chinanu Onuaku,HOU,C,6-9,250,19,Louisville,United States,/player/Chinanu-Onuaku/Summary/54847,,66.0,,0.614,0.619,12.9,21.4,17.2,9.7,24.6,2.2,8.5,16.2,116.6,-4.6,1.4,109.1,85.5,19.7,2016,-37,193,0
38,Patrick McCaw,MIL,G,6-7,181,20,UNLV,United States,/player/Patrick-McCaw/Summary/80940,,65.0,,0.567,0.539,3.3,10.8,7.2,20.8,15.2,3.6,1.1,20.0,155.9,0.8,1.3,111.3,96.4,18.0,2016,-38,379,6
39,David Michineau,NOP,PG,6-4,180,22,Chalon-Sur-Saone (France),France,/player/David-Michineau/Summary/29325,All Leagues,58.0,5.0,0.495,0.454,4.0,6.7,5.3,21.4,13.4,3.2,0.1,22.6,142.4,2.7,1.1,107.7,113.7,13.8,2016,-39,66,10
40,Diamond Stone,NOP,C,6-11,255,19,Maryland,United States,/player/Diamond-Stone/Summary/41493,,35.0,,0.61,0.568,13.0,15.1,14.2,4.3,12.9,1.4,7.3,27.3,132.9,-5.6,1.5,118.8,97.2,25.6,2016,-40,204,0
41,Stephen Zimmerman,ORL,C,6-11,240,19,UNLV,United States,/player/Stephen-Zimmerman/Summary/54846,,26.0,,0.519,0.488,8.9,27.0,17.9,6.6,17.1,1.1,7.4,22.2,139.5,-5.5,1.3,98.7,91.5,17.1,2016,-41,379,0
42,Isaiah Whitehead,UTH,SG,6-4,213,21,Seton Hall,United States,/player/Isaiah-Whitehead/Summary/42078,,56.0,,0.5,0.452,2.6,10.5,6.6,31.8,17.9,2.4,3.7,30.8,149.1,-1.4,1.2,100.6,98.1,18.1,2016,-42,321,12
43,Zhou Qi,HOU,C,7-1,210,20,Xinjiang Guanghui (China),China,/player/Zhou-Qi/Summary/33432,CBA,42.0,40.0,0.672,0.614,10.8,24.3,17.7,6.6,12.6,1.7,8.3,18.2,196.0,-2.0,1.7,134.6,106.3,22.1,2016,-43,422,0
44,Isaia Cordinier,ATL,G,6-5,197,19,Denain ASC Voltaire (France),France,/player/Isaia-Cordinier/Summary/47713,LNB Pro B,32.0,18.0,0.599,0.545,3.8,15.2,9.5,17.9,20.8,2.8,2.0,24.0,164.6,-4.5,1.4,105.0,103.8,17.4,2016,-44,88,6
45,Demetrius Jackson,BOS,G,6-1,200,21,Notre Dame,United States,/player/Demetrius-Jackson/Summary/43395,,103.0,,0.582,0.542,3.6,8.3,6.0,19.1,14.1,2.2,0.7,20.1,163.1,1.7,1.4,118.8,108.3,17.5,2016,-45,255,6
46,A.J. Hammons,DAL,C,7-0,250,23,Purdue,United States,/player/AJ-Hammons/Summary/24294,,132.0,,0.574,0.541,11.3,21.3,16.4,7.4,16.4,0.9,11.1,26.2,149.0,-6.4,1.4,108.8,92.5,23.9,2016,-46,293,0
47,Jake Layman,ORL,SF,6-8,209,22,Maryland,United States,/player/Jake-Layman/Summary/41248,,141.0,,0.572,0.536,4.9,14.0,9.8,8.0,13.9,1.9,3.0,19.1,156.6,-2.5,1.3,112.7,97.0,16.3,2016,-47,204,11
48,Paul Zipser,CHI,F,6-8,226,22,Next Generation Team Munich (Germany),Germany,/player/Paul-Zipser/Summary/26506,All Leagues,60.0,14.0,0.637,0.581,5.5,19.9,12.9,12.2,14.4,1.2,2.8,16.8,175.1,-0.1,1.5,122.3,105.8,15.5,2016,-48,240,2
49,Michael Patrick Gbinije,DET,SF,6-6,200,24,Syracuse,United States/Nigeria,/player/Michael-Patrick-Gbinije/Summary/24168,,119.0,,0.561,0.543,3.8,10.3,7.0,21.4,15.6,3.1,1.2,21.1,148.0,0.5,1.3,112.3,98.1,18.0,2016,-49,344,11
50,Georges Niang,IND,F,6-7,230,23,Iowa State,United States,/player/Georges-Niang/Summary/42429,,138.0,,0.583,0.556,4.6,14.3,9.7,20.1,14.3,1.3,1.6,26.9,163.8,-0.9,1.3,113.3,102.2,20.5,2016,-50,159,2
51,Ben Bentil,BOS,F,6-9,235,21,Providence,Ghana/United States,/player/Ben-Bentil/Summary/80300,,69.0,,0.554,0.499,10.1,15.8,12.9,7.1,11.0,1.2,2.7,25.3,154.0,-3.4,1.4,113.8,100.1,19.9,2016,-51,291,2
52,Joel Bolomboy,UTH,FC,6-9,235,22,Weber State,United States/Russia,/player/Joel-Bolomboy/Summary/45041,,130.0,,0.598,0.548,14.5,27.1,21.3,5.3,17.3,1.2,4.6,21.5,161.2,-5.4,1.6,115.7,93.3,21.8,2016,-52,408,5
53,Petr Cornelie,DEN,C,6-11,220,20,Le Mans Sarthe Basket (France),France,/player/Petr-Cornelie/Summary/41355,All Leagues,50.0,14.0,0.579,0.555,10.8,21.9,16.3,3.0,13.5,0.9,2.7,20.6,156.3,-5.1,1.3,114.1,107.0,16.6,2016,-53,181,0
54,Kay Felder,ATL,PG,5-9,176,21,Oakland,United States,/player/Kay-Felder/Summary/57281,,101.0,,0.553,0.481,2.1,11.8,6.9,43.3,18.0,2.6,0.6,26.7,159.3,4.6,1.4,113.8,108.2,20.9,2016,-54,256,10
55,Marcus Paige,BRK,G,6-0,164,22,North Carolina,United States,/player/Marcus-Paige/Summary/24262,,141.0,,0.553,0.509,1.3,8.1,4.7,22.3,14.1,2.5,0.8,20.2,162.6,2.7,1.3,116.8,101.3,17.0,2016,-55,242,6
56,Daniel Hamilton,DEN,SG,6-7,195,20,UConn,United States,/player/Daniel-Hamilton/Summary/42072,,71.0,,0.481,0.443,3.9,25.5,15.4,27.8,16.1,2.0,1.4,24.8,149.2,1.5,1.1,101.0,90.1,18.1,2016,-56,374,12
57,Zhelin Wang,MEM,C,7-0,251,22,Fujian (China),China,/player/Zhelin-Wang/Summary/24848,CBA,8.0,6.0,0.53,0.493,14.4,21.7,18.1,8.4,15.0,0.0,1.9,24.8,116.0,-4.7,1.2,111.7,121.8,15.1,2016,-57,118,0
58,Abdel Nader,BOS,SF,6-6,225,22,Iowa State,United States/Egypt,/player/Abdel-Nader/Summary/31320,,117.0,,0.484,0.448,4.3,16.0,10.2,9.6,17.7,2.0,2.8,27.3,142.7,-6.4,1.1,90.6,101.3,13.0,2016,-58,159,11
59,Isaiah Cousins,SAC,G,6-4,191,22,Oklahoma,United States,/player/Isaiah-Cousins/Summary/42414,,137.0,,0.511,0.484,3.4,11.7,7.6,18.2,16.4,2.4,1.0,20.3,152.7,-0.3,1.1,103.5,99.5,14.2,2016,-59,260,6
60,Tyrone Wallace,UTH,G,6-5,198,22,California,United States,/player/Tyrone-Wallace/Summary/44085,,129.0,,0.486,0.457,3.8,14.6,9.4,21.6,14.3,2.0,1.3,24.8,132.0,0.3,1.1,100.1,98.8,15.9,2016,-60,63,6
61,Gary Payton II,,G,6-2,195,23,Oregon State,United States,/player/Gary-Payton-II/Summary/80992,,63.0,,0.538,0.518,6.5,18.0,12.0,27.1,13.4,4.5,2.5,23.5,144.0,1.5,1.2,111.0,92.6,23.5,2016,-61,268,6
61,Fred VanVleet,,G,6-0,197,22,Wichita State,United States,/player/Fred-VanVleet/Summary/44094,,141.0,,0.551,0.491,2.8,11.7,7.2,34.2,13.7,3.7,0.4,21.0,161.8,6.0,1.3,121.3,90.8,21.6,2016,-61,414,6
61,Alex Caruso,,G,6-5,186,22,Texas A&M,United States,/player/Alex-Caruso/Summary/42349,,137.0,,0.543,0.509,3.1,12.0,7.6,32.8,25.7,4.3,1.9,18.1,147.9,2.3,1.3,103.5,92.4,16.4,2016,-61,354,6
61,Ryan Arcidiacono,,G,6-3,195,22,Villanova,United States,/player/Ryan-Arcidiacono/Summary/24274,,144.0,,0.554,0.503,1.2,7.1,4.3,22.7,14.9,2.2,0.1,19.3,155.5,2.3,1.3,114.3,98.8,14.6,2016,-61,396,6
61,Shaquille Harrison,,G,6-4,195,22,Tulsa,United States,/player/Shaquille-Harrison/Summary/42557,,133.0,,0.505,0.458,3.5,13.4,8.5,24.7,17.2,3.6,1.4,22.7,130.5,0.1,1.3,101.6,94.7,17.0,2016,-61,366,6
61,Yogi Ferrell,,G,6-0,180,23,Indiana,United States,/player/Yogi-Ferrell/Summary/24263,,137.0,,0.575,0.524,2.1,8.9,5.7,26.8,15.3,1.5,0.2,22.7,166.1,2.4,1.3,121.0,103.4,18.5,2016,-61,154,6
61,Alex Poythress,,F,6-9,235,22,Kentucky,United States,/player/Alex-Poythress/Summary/24266,,112.0,,0.602,0.574,9.6,17.1,13.6,4.0,15.7,1.1,3.1,19.2,153.9,-4.7,1.5,116.9,96.3,17.8,2016,-61,174,2
61,Marcus Georges-Hunt,,G,6-6,220,22,Georgia Tech,United States,/player/Marcus-Georges-Hunt/Summary/24663,,130.0,,0.536,0.479,5.6,11.1,8.3,15.1,12.1,1.8,0.7,23.4,151.1,-0.8,1.3,113.1,102.2,17.9,2016,-61,128,6
61,Josh Gray,,G,6-1,170,22,LSU,United States,/player/Josh-Gray/Summary/44092,,94.0,,0.451,0.42,2.2,8.8,5.5,25.3,23.1,3.3,0.2,23.0,125.9,-2.0,1.0,86.4,102.8,10.4,2016,-61,176,6
61,Gabe York,,SG,6-3,190,22,Arizona,United States,/player/Gabe-York/Summary/27073,,124.0,,0.564,0.539,1.7,9.2,5.6,12.4,11.4,1.5,0.9,20.2,156.7,-0.1,1.2,115.5,95.5,15.1,2016,-61,17,12
61,DeVaughn Akoon-Purcell,,GF,6-6,200,23,Illinois State,United States,/player/DeVaughn-Akoon-Purcell/Summary/80847,,60.0,,0.52,0.467,7.1,15.5,11.2,14.2,15.3,2.2,1.3,29.1,146.7,-4.7,1.3,103.2,97.0,18.9,2016,-61,152,8
61,Matt Costello,,C,6-10,245,22,Michigan State,United States/Ivory Coast,/player/Matt-Costello/Summary/24277,,138.0,,0.6,0.569,12.9,19.7,16.5,9.1,12.4,1.5,7.2,18.2,144.6,-1.2,1.4,124.3,92.3,21.5,2016,-61,212,0
61,Cody Demps,,G,6-4,195,22,Sacramento State,United States,/player/Cody-Demps/Summary/45021,,114.0,,0.532,0.483,4.4,13.1,8.8,18.5,18.9,1.8,1.0,18.6,142.5,-0.3,1.3,104.4,105.5,13.5,2016,-61,309,6
61,Prince Ibeh,,C,6-10,260,22,Texas,United States/Rwanda,/player/Prince-Ibeh/Summary/24659,,135.0,,0.531,0.557,11.9,16.7,14.3,1.6,21.8,1.3,12.7,13.8,98.9,-5.5,1.4,98.6,93.1,13.8,2016,-61,353,0
61,Gabriel Lundberg,,G,6-4,202,21,BMS Herlev Wolfpack (Denmark),Denmark,/player/Gabriel-Lundberg/Summary/42106,Basketligaen,37.0,33.0,0.591,0.559,4.3,12.8,8.6,15.0,13.5,3.3,0.9,21.8,158.0,-0.4,1.4,117.6,98.0,19.5,2016,-61,30,6
61,Daniel Ochefu,,F,6-11,240,22,Villanova,United States/Nigeria,/player/Daniel-Ochefu/Summary/24260,,141.0,,0.611,0.601,11.9,23.6,18.0,12.4,20.9,2.1,6.7,17.9,122.3,-3.2,1.5,113.8,88.5,20.1,2016,-61,396,2
61,Craig Sword,,G,6-3,196,22,Mississippi State,United States,/player/Craig-Sword/Summary/42366,,123.0,,0.519,0.481,3.7,10.4,7.1,21.4,21.4,3.3,2.2,28.0,134.7,-5.5,1.3,94.0,100.8,15.4,2016,-61,218,6
61,Mike Tobey,,C,7-0,260,21,Virginia,United States/Slovenia,/player/Mike-Tobey/Summary/42307,,138.0,,0.559,0.535,13.3,18.1,15.8,5.4,11.1,0.9,5.6,24.2,155.2,-3.6,1.3,113.6,90.3,21.2,2016,-61,397,0
61,Jameel Warney,,PF,6-8,260,22,Stony Brook,United States,/player/Jameel-Warney/Summary/28292,,135.0,,0.601,0.596,13.1,22.0,17.6,12.7,9.4,1.5,7.8,24.3,118.8,-0.9,1.4,125.4,89.1,29.4,2016,-61,341,9
61,Zach Auguste,,F,6-10,239,22,Notre Dame,United States,/player/Zach-Auguste/Summary/42388,,128.0,,0.582,0.567,13.3,22.7,18.3,6.2,15.0,1.6,3.3,25.7,118.0,-5.4,1.4,112.3,100.3,22.8,2016,-61,255,2
61,Beau Beech,,F,6-9,215,22,North Florida,United States,/player/Beau-Beech/Summary/45134,,133.0,,0.578,0.55,4.3,15.3,10.0,9.4,14.4,2.2,1.3,20.9,157.7,-2.7,1.3,110.9,103.7,16.2,2016,-61,245,2
61,Elgin Cook,,F,6-6,206,23,Oregon,United States,/player/Elgin-Cook/Summary/56828,,108.0,,0.575,0.522,7.2,13.0,10.6,9.2,14.7,2.0,1.3,21.4,153.1,-2.3,1.5,115.2,101.3,18.0,2016,-61,267,2
61,Jaleel Cousins,,C,6-11,255,22,South Florida,United States,/player/Jaleel-Cousins/Summary/73054,,65.0,,0.486,0.457,12.8,19.4,16.2,3.2,21.5,1.4,7.1,21.2,99.3,-8.0,1.3,91.1,100.5,13.9,2016,-61,330,0
61,Kellen Dunham,,G,6-4,205,23,Butler,United States,/player/Kellen-Dunham/Summary/42819,,134.0,,0.568,0.513,1.9,9.2,5.5,8.4,10.6,1.2,0.4,23.3,163.6,-2.1,1.3,115.9,103.2,16.5,2016,-61,53,6
61,Perry Ellis,,PF,6-7,220,22,Kansas,United States/Japan,/player/Perry-Ellis/Summary/24256,,144.0,,0.576,0.53,8.9,16.9,13.2,8.5,10.0,1.5,2.1,24.2,169.5,-2.1,1.4,120.2,96.1,21.9,2016,-61,172,9
61,Alex Hamilton,,G,6-4,195,22,Louisiana Tech,United States,/player/Alex-Hamilton/Summary/42782,,140.0,,0.557,0.499,2.8,11.5,7.1,25.7,15.0,3.1,1.2,26.1,146.5,0.4,1.4,112.0,93.8,21.4,2016,-61,192,6
61,Stefan Jankovic,,F,6-11,235,22,Hawaii,Canada,/player/Stefan-Jankovic/Summary/44074,,85.0,,0.611,0.564,9.2,18.5,14.0,9.3,13.5,1.5,5.6,26.0,162.1,-4.0,1.5,119.5,92.8,23.7,2016,-61,140,2
61,Isaiah Miles,,F,6-8,220,22,Saint Joseph's,United States,/player/Isaiah-Miles/Summary/42846,,107.0,,0.591,0.548,7.7,14.5,11.2,5.9,10.9,1.1,3.2,21.4,166.7,-2.7,1.4,117.6,99.6,18.7,2016,-61,310,2
61,Codi Miller-McIntyre,,G,6-4,204,22,Wake Forest,United States/Bulgaria,/player/Codi-Miller-McIntyre/Summary/24692,,117.0,,0.491,0.461,3.3,10.4,6.8,26.8,15.9,1.5,0.4,22.4,134.0,1.0,1.2,100.6,107.6,13.7,2016,-61,405,6
61,Landry Nnoko,,FC,6-10,250,22,Clemson,Cameroon,/player/Landry-Nnoko/Summary/27995,,128.0,,0.546,0.524,10.8,16.2,13.5,5.5,17.6,0.6,8.8,17.2,115.2,-4.2,1.3,105.8,95.6,16.1,2016,-61,74,5
61,Christopher Obekpa,,PF,6-9,230,22,UNLV,United States/Nigeria,/player/Christopher-Obekpa/Summary/24654,,95.0,,0.484,0.485,9.7,16.7,13.2,6.1,20.3,1.9,14.5,12.1,94.2,-2.5,1.2,97.8,91.4,15.3,2016,-61,379,9
61,Mark Ogden,,FC,6-9,210,21,Utah Tech,United States,/player/Mark-Ogden/Summary/83654,,55.0,,0.568,0.503,-,-,-,-,15.9,-,-,-,230.4,-,1.4,-,-,-,2016,-61,389,5
61,D'Vauntes Smith-Rivera,,G,6-3,215,23,Georgetown,United States,/player/DVauntes-Smith-Rivera/Summary/24269,,130.0,,0.569,0.511,3.5,10.8,7.3,20.0,11.3,2.4,0.6,23.8,161.5,1.0,1.4,118.1,100.9,19.8,2016,-61,124,6
61,Rasheed Sulaimon,,SG,6-4,194,22,Maryland,United States,/player/Rasheed-Sulaimon/Summary/24258,,126.0,,0.559,0.516,1.7,10.4,6.2,16.3,13.0,2.0,0.2,19.8,159.4,0.9,1.3,115.2,101.2,15.5,2016,-61,204,12
61,Kaleb Tarczewski,,C,7-0,250,23,Arizona,United States,/player/Kaleb-Tarczewski/Summary/24248,,135.0,,0.605,0.561,9.8,19.8,15.0,3.4,17.2,0.7,3.5,17.4,126.5,-4.7,1.6,115.3,93.3,16.2,2016,-61,17,0
61,Dorian Finney-Smith,,SF,6-7,220,23,Florida,United States,/player/Dorian-Finney-Smith/Summary/24159,,134.0,,0.52,0.49,10.4,18.5,14.4,14.0,14.9,1.7,2.6,22.0,142.9,-1.9,1.2,108.7,94.1,18.3,2016,-61,108,11
61,Derrick Jones,,SF,6-6,210,19,UNLV,United States,/player/Derrick-Jones/Summary/59508,,30.0,,0.611,0.607,8.5,13.4,10.9,8.0,11.3,2.3,6.2,23.2,138.8,-2.9,1.6,118.7,93.5,22.6,2016,-61,379,11
61,Danuel House,,F,6-6,220,23,Texas A&M,United States,/player/Danuel-House/Summary/24662,,119.0,,0.533,0.492,4.8,12.6,8.8,13.4,12.6,1.4,1.6,25.3,145.2,-1.9,1.3,108.6,102.8,17.2,2016,-61,354,2
61,Damion Lee,,G,6-6,210,23,Louisville,United States,/player/Damion-Lee/Summary/31229,,125.0,,0.578,0.521,3.3,14.3,8.8,14.0,11.1,2.2,0.7,25.8,163.8,-1.4,1.4,118.2,96.6,21.3,2016,-61,193,6
61,Bryn Forbes,,G,6-2,205,22,Michigan State,United States,/player/Bryn-Forbes/Summary/42884,,138.0,,0.611,0.578,2.1,7.9,5.1,9.1,10.3,1.3,0.2,20.9,170.5,-1.1,1.4,121.2,104.7,16.6,2016,-61,212,6
61,David Nwaba,,G,6-5,219,23,Cal Poly,United States,/player/David-Nwaba/Summary/58185,,88.0,,0.521,0.476,7.8,16.4,11.9,19.3,12.4,2.7,2.4,26.9,129.0,-1.0,1.3,108.5,102.3,21.9,2016,-61,60,6
61,Anthony Gill,,PF,6-8,230,23,Virginia,United States,/player/Anthony-Gill/Summary/24216,,139.0,,0.597,0.563,11.0,16.4,13.7,7.2,12.4,1.6,2.4,22.9,165.6,-3.2,1.5,120.0,94.9,22.0,2016,-61,397,9
61,Wayne Selden,,SG,6-5,230,21,Kansas,United States,/player/Wayne-Selden/Summary/24687,,109.0,,0.538,0.519,3.7,7.6,5.8,16.5,15.9,1.4,1.3,20.7,143.3,-0.7,1.2,107.8,102.9,13.5,2016,-61,172,12
61,Ron Baker,,G,6-4,220,23,Wichita State,United States,/player/Ron-Baker/Summary/30538,,125.0,,0.579,0.534,3.0,13.0,8.0,19.1,11.1,2.7,2.4,21.9,160.4,1.5,1.4,121.6,91.3,21.2,2016,-61,414,6
61,Sheldon Mac,,SG,6-6,201,23,Miami (FL),United States,/player/Sheldon-Mac/Summary/24189,,141.0,,0.58,0.519,3.6,10.9,7.4,9.6,9.6,1.9,0.6,23.1,161.4,-1.5,1.4,120.1,101.3,19.7,2016,-61,210,12
61,Troy Williams,,SF,6-7,210,21,Indiana,United States,/player/Troy-Williams/Summary/24319,,99.0,,0.581,0.546,8.2,18.9,13.7,13.1,18.7,2.3,2.3,23.7,155.2,-4.5,1.4,110.6,99.1,19.9,2016,-61,154,11
61,Jalen Jones,,SG,6-7,220,23,Texas A&M,United States,/player/Jalen-Jones/Summary/30759,,128.0,,0.529,0.482,9.4,17.5,13.5,6.6,12.1,2.0,2.3,26.7,146.0,-4.4,1.3,107.3,96.0,19.2,2016,-61,354,12
61,Marshall Plumlee,,PF,7-1,250,23,Duke,United States,/player/Marshall-Plumlee/Summary/24177,,124.0,,0.643,0.667,13.3,17.7,15.5,5.6,17.0,1.5,5.4,11.5,222.0,-1.6,1.8,130.2,97.6,17.4,2016,-61,93,9
61,Tim Quarterman,,G,6-6,195,21,LSU,United States,/player/Tim-Quarterman/Summary/56701,,99.0,,0.506,0.469,5.4,11.4,8.4,21.8,17.0,2.4,1.6,19.3,136.7,1.3,1.2,105.9,101.1,14.7,2016,-61,176,6
61,Isaiah Taylor,,G,6-3,170,21,Texas,United States,/player/Isaiah-Taylor/Summary/56862,,92.0,,0.499,0.421,1.3,9.7,5.6,31.2,14.1,1.9,0.5,26.1,148.8,2.5,1.2,108.0,103.7,17.1,2016,-61,353,6
61,Jarrod Uthoff,,F,6-9,221,23,Iowa,United States,/player/Jarrod-Uthoff/Summary/24236,,100.0,,0.557,0.517,6.2,17.5,11.9,9.4,8.2,1.8,7.2,23.7,162.8,-0.9,1.3,118.9,95.0,22.8,2016,-61,158,2
61,Cat Barber,,G,6-1,173,21,NC State,United States,/player/Cat-Barber/Summary/24670,,104.0,,0.529,0.463,2.2,9.3,5.8,25.5,13.4,1.3,0.1,25.8,156.8,1.5,1.3,112.1,108.5,18.2,2016,-61,232,6
61,Kyle Collinsworth,,G,6-6,210,24,Brigham Young,United States,/player/Kyle-Collinsworth/Summary/22358,,140.0,,0.527,0.489,7.7,18.1,13.0,28.9,18.5,3.0,1.5,21.8,140.0,2.2,1.3,110.7,96.8,20.4,2016,-61,48,6
61,Patricio Garino,,SF,6-6,203,23,George Washington,Argentina,/player/Patricio-Garino/Summary/24744,,129.0,,0.579,0.554,6.2,10.3,8.3,12.2,17.8,3.4,2.6,21.3,154.3,-3.7,1.4,108.8,96.5,18.0,2016,-61,123,11
61,Myke Henry,,SF,6-6,238,23,DePaul,United States,/player/Myke-Henry/Summary/10170,,120.0,,0.546,0.522,9.0,15.1,12.0,7.5,16.4,2.1,1.8,24.1,151.2,-5.5,1.2,103.2,103.6,16.6,2016,-61,85,11
61,Shawn Long,,C,6-9,255,23,Louisiana,United States,/player/Shawn-Long/Summary/28798,,135.0,,0.564,0.535,12.7,27.2,19.9,8.2,13.7,1.3,6.7,28.4,152.0,-5.4,1.4,113.0,94.8,26.0,2016,-61,191,0
61,Jordan Loyd,,G,6-4,210,22,Indianapolis,United States/Serbia,/player/Jordan-Loyd/Summary/31657,,28.0,,0.46,0.413,4.0,16.4,10.0,19.1,20.4,1.6,0.7,20.1,128.7,-2.2,1.1,92.3,102.0,10.7,2016,-61,156,6
61,Jaysean Paige,,G,6-2,200,21,West Virginia,United States/Puerto Rico,/player/Jaysean-Paige/Summary/80285,,69.0,,0.542,0.511,7.0,9.0,8.0,11.0,12.1,3.5,1.0,25.0,151.1,-3.0,1.2,110.6,93.5,18.6,2016,-61,410,6
61,James Webb III,,F,6-9,202,22,Boise State,United States,/player/James-Webb-III/Summary/57247,,63.0,,0.598,0.579,9.3,27.1,18.2,6.3,10.1,2.6,2.6,22.8,152.4,-2.5,1.4,120.8,90.6,23.8,2016,-61,42,2
61,Kyle Wiltjer,,PF,6-10,240,23,Gonzaga,Canada/United States,/player/Kyle-Wiltjer/Summary/24155,,147.0,,0.605,0.574,6.2,14.8,10.9,11.1,10.5,0.8,2.4,26.0,173.6,-1.7,1.3,122.9,96.1,23.4,2016,-61,131,9
61,Andrew Andrews,,PG,6-2,200,23,Washington,United States,/player/Andrew-Andrews/Summary/30401,,128.0,,0.54,0.46,3.8,11.7,7.7,19.3,13.6,2.2,0.2,24.2,155.5,-0.1,1.4,112.9,104.1,17.9,2016,-61,406,10
61,Brandon Austin,,G,6-6,185,22,Northwest Florida State College,United States,/player/Brandon-Austin/Summary/57004,,35.0,,0.513,0.46,-,-,-,-,14.1,-,-,-,149.2,-,1.2,-,-,-,2016,-61,251,6
61,Gracin Bakumanya,,C,6-11,220,18,Antibes (France),Democratic Republic of the Congo,/player/Gracin-Bakumanya/Summary/85913,Jeep Elite,2.0,0.0,0.0,0.0,35.1,0.0,15.5,0.0,100.0,0.0,0.0,6.3,0.0,-12.5,0.0,88.6,131.6,-1.7,2016,-61,15,0
61,Vashil Fernandez,,FC,6-10,260,24,Valparaiso,Jamaica,/player/Vashil-Fernandez/Summary/30920,,131.0,,0.539,0.548,11.5,18.5,15.2,2.8,18.8,1.1,12.2,14.0,103.2,-4.1,1.4,104.9,89.2,15.2,2016,-61,393,5
61,Quincy Ford,,SF,6-8,225,23,Northeastern,United States,/player/Quincy-Ford/Summary/31256,,130.0,,0.538,0.492,5.7,16.7,11.3,13.2,15.2,2.7,2.9,23.2,151.6,-2.7,1.3,106.0,99.7,17.6,2016,-61,247,11
61,Trey Freeman,,G,6-2,185,23,Old Dominion,United States,/player/Trey-Freeman/Summary/31159,,135.0,,0.516,0.471,1.7,11.1,6.4,26.3,10.6,2.2,0.3,28.1,161.9,2.1,1.2,110.8,102.1,20.2,2016,-61,262,6
61,Keith Hornsby,,G,6-4,210,24,LSU,United States,/player/Keith-Hornsby/Summary/31196,,117.0,,0.565,0.526,2.9,10.3,6.7,12.5,12.1,2.2,1.0,19.7,165.9,-0.5,1.3,114.1,101.4,16.1,2016,-61,176,6
61,Julian Jacobs,,G,6-4,180,21,USC,United States,/player/Julian-Jacobs/Summary/56848,,95.0,,0.536,0.496,3.3,13.4,8.5,27.4,24.4,2.2,1.5,18.6,148.0,0.4,1.3,100.6,103.0,14.0,2016,-61,380,6
61,Nikola Jovanovic,,FC,6-11,240,22,USC,Serbia,/player/Nikola-Jovanovic/Summary/32673,,98.0,,0.561,0.53,9.2,17.2,13.4,3.7,14.6,0.7,2.4,22.2,149.5,-5.2,1.4,107.7,103.4,16.7,2016,-61,380,5
61,Trey Lewis,,PG,6-2,185,23,Louisville,United States,/player/Trey-Lewis/Summary/28775,,118.0,,0.55,0.516,2.9,11.3,7.1,17.5,14.8,2.0,0.6,23.4,155.9,-0.9,1.3,110.7,100.2,16.8,2016,-61,193,10
61,Egidijus Mockevicius,,PF,6-10,237,23,Evansville,Lithuania,/player/Egidijus-Mockevicius/Summary/24784,,136.0,,0.652,0.617,10.9,32.0,21.9,2.7,13.4,1.5,9.3,20.2,135.1,-4.3,1.7,122.6,89.0,24.7,2016,-61,102,9
61,Mamadou Ndiaye,,C,7-6,300,22,UC Irvine,Senegal/United States,/player/Mamadou-Ndiaye/Summary/41432,,86.0,,0.651,0.676,10.2,22.3,16.7,3.9,19.5,0.5,12.4,23.6,122.2,-7.7,1.7,109.7,90.4,23.4,2016,-61,369,0
61,Ike Nwamu,,GF,6-5,205,23,UNLV,United States/Nigeria,/player/Ike-Nwamu/Summary/30892,,130.0,,0.556,0.517,3.1,10.9,7.1,11.2,14.9,1.7,1.4,24.5,152.0,-3.5,1.3,106.3,99.9,15.7,2016,-61,379,8
61,Angel Rodriguez,,PG,5-11,181,23,Miami (FL),Puerto Rico/United States,/player/Angel-Rodriguez/Summary/28943,,132.0,,0.513,0.456,2.5,7.8,5.2,31.8,18.6,3.6,0.5,25.6,146.8,1.3,1.2,105.0,97.6,16.9,2016,-61,210,10
61,Thomas Walkup,,G,6-4,195,23,Stephen F. Austin,United States/Greece,/player/Thomas-Walkup/Summary/31849,,135.0,,0.628,0.586,10.4,16.1,13.2,23.2,13.4,3.0,1.1,23.1,163.2,1.4,1.6,128.9,89.4,25.4,2016,-61,339,6
61,Devin Williams,,PF,6-9,255,22,West Virginia,United States,/player/Devin-Williams/Summary/41436,,102.0,,0.506,0.445,12.5,27.4,19.3,9.6,15.6,1.6,1.1,25.2,111.2,-4.9,1.3,105.6,96.3,18.6,2016,-61,410,9
61,Nick Zeisloft,,G,6-4,185,23,Indiana,United States,/player/Nick-Zeisloft/Summary/30528,,128.0,,0.615,0.599,2.9,9.5,6.2,6.9,8.3,1.0,0.4,13.6,166.6,0.3,1.3,127.6,106.5,12.5,2016,-61,154,6
1,Andrew Wiggins,CLE,F,6-7,197,19,Kansas,Canada,/player/Andrew-Wiggins/Summary/24682,,35.0,,0.563,0.499,8.4,12.2,10.5,9.2,13.1,2.1,3.1,26.3,156.4,-3.7,1.4,116.0,101.6,20.2,2014,-1,172,2
2,Jabari Parker,MIL,F,6-8,245,19,Duke,United States,/player/Jabari-Parker/Summary/24302,,35.0,,0.558,0.511,11.4,23.0,17.1,8.7,11.9,2.1,4.0,32.7,157.9,-5.1,1.3,115.0,98.2,27.0,2014,-2,93,2
3,Joel Embiid,PHL,C,7-0,280,20,Kansas,Cameroon/United States,/player/Joel-Embiid/Summary/49880,,28.0,,0.655,0.629,12.8,26.5,20.3,11.6,21.6,2.3,11.5,23.3,151.1,-6.1,1.8,116.5,89.2,26.1,2014,-3,172,0
4,Aaron Gordon,ORL,F,6-8,235,18,Arizona,United States,/player/Aaron-Gordon/Summary/24308,,38.0,,0.503,0.516,10.3,19.3,15.0,13.0,10.5,1.8,3.4,23.2,127.3,-0.4,1.2,108.9,87.7,19.7,2014,-4,17,2
5,Dante Exum,UTH,PG,6-5,214,18,Australian Institute of Sport (Australian Capital Territory),Australia,/player/Dante-Exum/Summary/28245,,,,,,,,,,,,,,,,,,,,2014,-5,25,10
6,Marcus Smart,BOS,PG,6-3,220,20,Oklahoma State,United States,/player/Marcus-Smart/Summary/24275,,64.0,,0.542,0.47,5.3,14.6,10.1,28.2,16.4,5.2,2.0,28.2,145.9,-0.1,1.4,110.0,87.8,24.1,2014,-6,261,10
7,Julius Randle,LAL,PF,6-9,250,19,Kentucky,United States,/player/Julius-Randle/Summary/24301,,40.0,,0.567,0.505,13.3,24.6,19.2,10.0,16.1,1.0,2.6,25.5,137.4,-5.2,1.5,115.9,96.7,23.2,2014,-7,174,9
8,Nik Stauskas,SAC,SG,6-6,205,20,Michigan,Canada,/player/Nik-Stauskas/Summary/26608,,75.0,,0.638,0.591,1.8,9.1,5.6,12.9,11.8,1.1,0.9,20.9,173.9,0.1,1.5,126.7,105.1,19.2,2014,-8,211,12
9,Noah Vonleh,CHA,FC,6-10,257,18,Indiana,United States,/player/Noah-Vonleh/Summary/24323,,30.0,,0.604,0.56,10.8,27.3,19.4,4.9,18.6,1.9,5.4,21.4,172.4,-6.4,1.6,113.3,90.7,21.1,2014,-9,154,5
10,Elfrid Payton,PHL,G,6-3,195,20,Louisiana,United States,/player/Elfrid-Payton/Summary/31736,,100.0,,0.533,0.5,5.2,12.7,9.0,32.4,20.1,3.5,1.6,25.6,136.4,-0.4,1.4,104.9,97.3,20.4,2014,-10,191,6
11,Doug McDermott,DEN,F,6-6,225,22,Creighton,United States,/player/Doug-McDermott/Summary/23478,,145.0,,0.652,0.616,8.2,19.9,14.5,10.5,11.7,0.5,0.3,32.3,183.9,-4.3,1.5,123.5,102.4,28.8,2014,-11,82,2
12,Dario Saric,ORL,SF,6-10,225,20,KK Cibona (Croatia),Croatia,/player/Dario-Saric/Summary/24342,All Leagues,57.0,57.0,0.582,0.538,9.8,25.1,18.1,20.1,19.0,1.8,3.0,27.2,153.2,-3.8,1.4,107.9,99.3,20.0,2014,-12,166,11
13,Zach LaVine,MIN,SG,6-5,200,19,UCLA,United States,/player/Zach-LaVine/Summary/41396,,37.0,,0.545,0.524,2.4,9.5,6.1,12.6,11.6,2.1,0.8,20.1,150.7,0.2,1.2,109.1,103.6,14.0,2014,-13,373,12
14,T.J. Warren,PHX,F,6-8,220,20,NC State,United States,/player/TJ-Warren/Summary/24292,,70.0,,0.593,0.579,10.4,10.7,10.5,7.2,9.7,2.9,1.7,28.3,152.4,-3.3,1.4,120.3,103.2,26.2,2014,-14,232,2
15,Adreian Payne,ATL,C,6-10,237,23,Michigan State,United States,/player/Adreian-Payne/Summary/9303,,138.0,,0.601,0.562,9.4,21.2,15.6,6.5,15.4,1.7,5.8,22.7,169.0,-4.9,1.4,114.4,91.4,21.8,2014,-15,212,0
16,Jusuf Nurkic,CHI,FC,7-0,290,19,Cedevita (Croatia),Bosnia and Herzegovina,/player/Jusuf-Nurkic/Summary/32965,All Leagues,58.0,1.0,0.61,0.554,16.6,22.4,19.5,9.8,17.4,3.1,7.9,32.0,142.7,-8.8,1.6,112.1,92.1,26.6,2014,-16,65,5
17,James Young,BOS,SG,6-6,215,18,Kentucky,United States,/player/James-Young/Summary/24681,,40.0,,0.536,0.498,3.7,11.0,7.5,10.8,12.3,1.4,0.6,23.4,146.2,-2.4,1.3,114.7,103.1,15.9,2014,-17,174,12
18,Tyler Ennis,PHX,PG,6-3,182,19,Syracuse,Canada,/player/Tyler-Ennis/Summary/27049,,34.0,,0.511,0.453,2.6,9.1,5.8,32.3,11.9,3.9,0.7,21.9,152.9,6.1,1.2,117.5,97.7,20.3,2014,-18,344,10
19,Gary Harris,CHI,SG,6-4,210,19,Michigan State,United States,/player/Gary-Harris/Summary/24252,,69.0,,0.571,0.533,3.9,8.4,6.2,13.7,11.0,3.1,1.1,24.7,160.4,-0.8,1.3,117.1,97.7,20.2,2014,-19,212,12
20,Bruno Caboclo,TOR,PF,6-9,218,18,Pinheiros Sky (Brazil),Brazil,/player/Bruno-Caboclo/Summary/59172,All Leagues,21.0,6.0,0.632,0.587,7.4,20.4,14.4,3.2,20.9,1.4,5.6,18.6,163.7,-6.8,1.5,107.1,106.2,14.8,2014,-20,285,9
21,Mitch McGary,OKC,C,6-10,255,22,Michigan,United States,/player/Mitch-McGary/Summary/24656,,47.0,,0.582,0.588,15.5,23.0,19.3,7.3,16.0,3.6,3.7,20.7,110.1,-3.8,1.3,115.4,88.9,23.1,2014,-21,211,0
22,Jordan Adams,MEM,SG,6-5,209,19,UCLA,United States,/player/Jordan-Adams/Summary/24296,,69.0,,0.589,0.529,5.0,12.1,8.7,13.0,8.9,4.6,0.9,25.3,163.8,-,1.4,121.8,95.1,24.7,2014,-22,373,12
23,Rodney Hood,UTH,F,6-8,208,21,Duke,United States,/player/Rodney-Hood/Summary/24165,,67.0,,0.569,0.539,3.2,12.4,7.8,12.5,9.7,1.1,1.0,20.4,162.4,0.4,1.3,119.5,105.2,17.4,2014,-23,93,2
24,Shabazz Napier,CHA,PG,6-1,180,22,UConn,United States/Puerto Rico,/player/Shabazz-Napier/Summary/22395,,143.0,,0.562,0.501,2.7,11.1,7.1,28.9,16.7,3.4,0.7,23.9,159.9,1.8,1.4,114.2,97.1,20.7,2014,-24,374,10
25,Clint Capela,HOU,PF,6-10,256,20,Chalon-Sur-Saone (France),Switzerland,/player/Clint-Capela/Summary/28284,All Leagues,43.0,27.0,0.651,0.654,14.1,26.8,20.5,8.8,16.7,1.9,7.0,19.9,121.4,-4.0,1.5,120.2,102.4,22.8,2014,-25,66,9
26,P.J. Hairston,MIA,SG,6-6,230,21,Texas Legends,United States,/player/PJ-Hairston/Summary/24153,,,,,,,,,,,,,,,,,,,,2014,-26,357,12
27,Bogdan Bogdanovic,PHX,SG,6-5,225,21,KK Partizan (Serbia),Serbia,/player/Bogdan-Bogdanovic/Summary/24809,All Leagues,66.0,55.0,0.524,0.479,2.8,12.8,8.0,24.1,15.0,2.5,1.1,27.3,152.3,-0.1,1.2,107.2,105.0,16.4,2014,-27,169,12
28,C.J. Wilcox,LAC,SG,6-5,201,23,Washington,United States,/player/CJ-Wilcox/Summary/6964,,131.0,,0.571,0.535,3.3,10.1,6.7,11.3,9.8,1.7,2.5,23.8,166.2,-0.9,1.3,119.6,102.6,19.8,2014,-28,406,12
29,Josh Huestis,OKC,SF,6-7,230,22,Stanford,United States,/player/Josh-Huestis/Summary/23259,,135.0,,0.509,0.489,10.1,18.9,14.5,6.8,11.1,1.2,6.0,17.0,138.0,-1.5,1.2,110.3,94.4,16.9,2014,-29,338,11
30,Kyle Anderson,SAN,PF,6-9,230,20,UCLA,United States/China,/player/Kyle-Anderson/Summary/24265,,71.0,,0.531,0.479,6.2,24.2,15.5,27.9,18.4,3.2,2.7,22.1,156.3,2.3,1.3,108.8,92.4,21.6,2014,-30,373,9
31,Damien Inglis,MIL,PF,6-8,246,19,Chorale Roanne Basket (France),France,/player/Damien-Inglis/Summary/27710,Jeep Elite,27.0,8.0,0.593,0.56,5.8,23.9,15.1,12.5,23.6,2.3,1.1,17.3,160.6,-3.5,1.4,101.4,104.2,14.3,2014,-31,72,9
32,K.J. McDaniels,PHL,GF,6-6,205,21,Clemson,United States,/player/KJ-McDaniels/Summary/28823,,94.0,,0.547,0.501,9.1,14.7,11.9,9.2,12.9,2.4,8.6,26.2,153.0,-4.0,1.3,110.4,91.2,23.8,2014,-32,74,8
33,Joe Harris,CLE,SG,6-6,220,22,Virginia,United States,/player/Joe-Harris/Summary/23549,,135.0,,0.577,0.548,3.7,11.9,7.9,14.6,12.6,1.9,1.4,23.6,157.4,-1.2,1.3,112.5,94.3,18.2,2014,-33,397,12
34,Cleanthony Early,NYK,F,6-8,210,23,Wichita State,United States,/player/Cleanthony-Early/Summary/44097,,75.0,,0.596,0.541,8.2,16.7,12.5,6.0,12.1,1.8,3.8,28.6,163.6,-5.1,1.4,119.2,92.6,24.5,2014,-34,414,2
35,Jarnell Stokes,UTH,FC,6-9,260,20,Tennessee,United States,/player/Jarnell-Stokes/Summary/24264,,87.0,,0.56,0.53,15.5,22.3,18.9,11.9,15.1,1.6,3.8,24.2,115.7,-3.8,1.5,114.6,93.1,24.5,2014,-35,349,5
36,Johnny O'Bryant,MIL,FC,6-9,257,21,LSU,United States,/player/Johnny-OBryant/Summary/24170,,91.0,,0.501,0.47,12.1,19.2,15.6,10.4,18.8,1.1,3.0,28.3,130.8,-7.6,1.2,96.0,98.4,17.1,2014,-36,176,5
37,DeAndre Daniels,TOR,SF,6-9,196,22,UConn,United States,/player/DeAndre-Daniels/Summary/24636,,98.0,,0.537,0.506,6.1,15.7,11.2,4.9,12.6,1.6,5.2,22.9,155.5,-4.1,1.2,105.6,96.0,17.6,2014,-37,374,11
38,Spencer Dinwiddie,DET,PG,6-5,215,21,Colorado,United States,/player/Spencer-Dinwiddie/Summary/30385,,86.0,,0.599,0.504,2.0,10.6,6.4,18.6,14.1,2.2,1.2,21.7,163.6,-0.1,1.6,121.3,97.2,19.6,2014,-38,77,10
39,Jerami Grant,PHL,F,6-7,210,20,Syracuse,United States,/player/Jerami-Grant/Summary/24661,,72.0,,0.536,0.494,9.0,15.5,12.2,8.0,11.1,1.7,3.0,18.8,142.7,-1.5,1.4,116.1,93.8,17.9,2014,-39,344,2
40,Glenn Robinson,MIN,SF,6-6,222,20,Michigan,United States,/player/Glenn-Robinson/Summary/28500,,76.0,,0.593,0.567,7.0,11.5,9.3,6.6,9.2,1.9,0.9,18.5,155.6,-0.8,1.4,123.5,102.0,18.3,2014,-40,211,11
41,Nikola Jokic,DEN,C,6-11,284,19,KK Mega Bemax (Serbia),Serbia,/player/Nikola-Jokic/Summary/49571,All Leagues,39.0,7.0,0.596,0.584,10.8,19.8,15.5,18.1,14.0,1.9,3.4,20.2,150.4,0.4,1.3,119.1,108.5,19.4,2014,-41,168,0
42,Nick Johnson,HOU,SG,6-3,200,21,Arizona,United States,/player/Nick-Johnson/Summary/24163,,108.0,,0.535,0.49,2.4,11.4,7.0,18.9,13.7,2.5,2.0,22.7,151.5,0.2,1.3,110.2,93.6,17.6,2014,-42,17,12
43,Edy Tavares,ATL,C,7-3,265,22,Dreamland Gran Canaria (Spain),Cape Verde,/player/Edy-Tavares/Summary/39662,All Leagues,36.0,18.0,0.626,0.587,14.0,25.5,20.0,2.4,13.4,1.4,7.6,13.6,133.7,-2.9,1.5,124.8,96.0,18.4,2014,-43,92,0
44,Markel Brown,MIN,SG,6-3,190,22,Oklahoma State,United States,/player/Markel-Brown/Summary/9283,,134.0,,0.545,0.497,3.0,13.2,8.2,16.3,13.6,2.0,3.0,22.3,151.9,-0.8,1.3,108.9,98.0,17.7,2014,-44,261,12
45,Dwight Powell,CHA,PF,6-10,240,22,Stanford,Canada,/player/Dwight-Powell/Summary/9346,,136.0,,0.533,0.479,7.4,20.7,14.0,14.5,17.1,2.1,3.5,23.8,147.5,-3.5,1.3,104.9,93.4,18.7,2014,-45,338,9
46,Jordan Clarkson,WAS,G,6-3,194,22,Missouri,United States/Philippines,/player/Jordan-Clarkson/Summary/22892,,93.0,,0.548,0.484,3.1,9.1,6.3,20.6,16.3,1.8,1.0,27.8,156.7,-3.1,1.3,108.5,103.2,18.3,2014,-46,219,6
47,Russ Smith,PHL,G,6-0,165,23,Louisville,United States,/player/Russ-Smith/Summary/22406,,133.0,,0.528,0.473,3.5,9.1,6.3,25.6,14.9,4.7,0.3,32.8,151.9,-2.0,1.3,107.8,87.9,22.4,2014,-47,193,6
48,Lamar Patterson,MIL,F,6-5,225,22,Pittsburgh,United States,/player/Lamar-Patterson/Summary/6235,,149.0,,0.549,0.513,5.9,13.9,9.9,24.1,16.0,2.6,1.4,22.4,152.8,1.2,1.3,114.3,96.1,19.4,2014,-48,286,2
49,Cameron Bairstow,CHI,F,6-9,250,23,New Mexico,Australia,/player/Cameron-Bairstow/Summary/22372,,134.0,,0.577,0.519,10.4,16.0,13.3,8.1,12.8,1.4,4.0,23.1,156.8,-3.3,1.5,116.6,93.8,20.5,2014,-49,236,2
50,Alec Brown,PHX,C,7-1,235,21,Green Bay,United States,/player/Alec-Brown/Summary/23740,,126.0,,0.542,0.495,9.4,16.3,12.9,6.9,14.5,1.2,9.3,25.5,161.3,-5.3,1.3,106.8,96.2,20.8,2014,-50,133,0
51,Thanasis Antetokounmpo,NYK,SF,6-7,219,21,Delaware 87ers,Greece/Nigeria,/player/Thanasis-Antetokounmpo/Summary/50244,,,,,,,,,,,,,,,,,,,,2014,-51,86,11
52,Vasilije Micic,PHL,PG,6-3,188,20,KK Mega Bemax (Serbia),Serbia,/player/Vasilije-Micic/Summary/26557,All Leagues,33.0,31.0,0.563,0.516,3.0,9.1,6.1,31.5,25.2,2.9,0.0,21.7,151.2,0.4,1.3,102.7,112.4,13.3,2014,-52,168,10
53,Alessandro Gentile,MIN,SF,6-6,228,21,AX Armani Exchange Milan (Italy),Italy,/player/Alessandro-Gentile/Summary/25901,All Leagues,66.0,54.0,0.571,0.529,3.8,13.4,8.7,20.2,16.7,1.9,0.7,25.3,155.4,-1.6,1.3,109.7,104.5,16.8,2014,-53,2,11
54,Nemanja Dangubic,PHL,SF,6-9,176,21,KK Mega Bemax (Serbia),Serbia,/player/Nemanja-Dangubic/Summary/24806,All Leagues,41.0,41.0,0.547,0.512,3.5,12.7,8.3,12.5,16.7,1.4,0.9,19.8,140.7,-2.3,1.3,103.4,113.0,10.9,2014,-54,168,11
55,Semaj Christon,MIA,PG,6-3,190,21,Xavier,United States,/player/Semaj-Christon/Summary/26729,,64.0,,0.525,0.479,1.1,8.2,4.8,28.9,16.7,2.5,0.6,28.2,147.0,-0.5,1.3,104.2,102.0,17.7,2014,-55,421,10
56,Devyn Marble,DEN,GF,6-6,192,21,Iowa,United States,/player/Devyn-Marble/Summary/22342,,136.0,,0.516,0.464,3.6,10.3,6.9,22.0,12.4,2.8,1.0,24.9,147.9,0.9,1.2,109.7,100.9,18.6,2014,-56,158,8
57,Louis Labeyrie,IND,PF,6-10,200,22,Boulogne-Levallois (France),France,/player/Louis-Labeyrie/Summary/27509,All Leagues,31.0,3.0,0.702,0.686,13.6,21.2,17.3,3.6,10.1,1.9,5.1,16.4,185.5,-2.3,1.6,135.4,103.5,21.8,2014,-57,45,9
58,Jordan McRae,SAN,G,6-5,179,23,Tennessee,United States,/player/Jordan-McRae/Summary/9345,,114.0,,0.541,0.492,2.9,11.0,7.0,15.7,13.8,1.5,3.3,27.6,152.9,-2.9,1.3,109.2,99.4,18.9,2014,-58,349,6
59,Xavier Thames,TOR,G,6-3,187,23,San Diego State,United States,/player/Xavier-Thames/Summary/7010,,128.0,,0.524,0.452,2.1,8.6,5.4,20.2,13.9,2.4,0.7,21.9,155.6,0.7,1.3,110.2,97.5,16.3,2014,-59,316,6
60,Cory Jefferson,SAN,PF,6-9,215,23,Baylor,United States,/player/Cory-Jefferson/Summary/4149,,130.0,,0.582,0.554,11.4,20.1,16.0,4.0,9.2,1.0,6.7,21.4,154.3,-2.6,1.5,123.2,94.6,23.1,2014,-60,37,9
61,Torrey Craig,,GF,6-5,221,23,USC Upstate,United States,/player/Torrey-Craig/Summary/22581,,131.0,,0.52,0.495,7.6,19.5,13.3,13.5,14.5,2.0,2.9,29.5,141.4,-4.7,1.2,103.8,98.8,19.9,2014,-61,381,8
61,Langston Galloway,,G,6-1,200,22,Saint Joseph's,United States,/player/Langston-Galloway/Summary/22568,,133.0,,0.588,0.552,3.4,10.9,7.3,13.7,8.4,2.2,1.4,21.0,168.4,0.9,1.3,121.9,103.6,19.4,2014,-61,310,6
61,Tyler Johnson,,G,6-4,190,22,Fresno State,United States,/player/Tyler-Johnson/Summary/23365,,128.0,,0.543,0.511,5.9,14.9,10.3,20.1,12.4,2.5,1.2,21.3,154.3,0.8,1.3,112.8,100.0,19.0,2014,-61,117,6
61,Cristiano Felicio,,C,6-10,275,21,Minas (Brazil),Brazil,/player/Cristiano-Felicio/Summary/24840,All Leagues,47.0,7.0,0.592,0.57,13.7,22.8,18.4,4.5,16.6,1.2,0.8,19.8,143.5,-5.2,1.4,112.4,102.5,15.6,2014,-61,216,0
61,Tarik Black,,PF,6-9,250,22,Kansas,United States,/player/Tarik-Black/Summary/9359,,135.0,,0.607,0.614,11.8,14.4,13.1,2.9,14.5,1.7,5.5,19.5,116.8,-4.6,1.6,115.5,95.7,18.7,2014,-61,172,9
61,Jarell Eddie,,SF,6-8,218,22,Virginia Tech,United States,/player/Jarell-Eddie/Summary/23553,,123.0,,0.525,0.481,3.8,16.5,10.3,9.5,14.0,0.8,2.0,21.7,156.2,-2.9,1.2,104.3,101.8,14.1,2014,-61,399,11
61,Okaro White,,F,6-8,205,21,Florida State,United States,/player/Okaro-White/Summary/9344,,139.0,,0.593,0.53,9.2,14.5,12.0,6.0,15.5,1.8,3.5,20.9,161.9,-4.5,1.5,115.8,96.0,18.7,2014,-61,111,2
61,Bryce Cotton,,G,6-1,165,21,Providence,United States,/player/Bryce-Cotton/Summary/22416,,130.0,,0.571,0.512,1.8,7.7,4.8,19.1,10.0,1.6,0.3,22.2,161.9,1.5,1.4,122.4,107.0,19.0,2014,-61,291,6
61,"Walt Lemon, Jr.",,G,6-3,180,21,Bradley,United States,/player/Walt-Lemon-Jr/Summary/23477,,130.0,,0.518,0.478,1.5,11.2,6.2,22.3,19.6,3.5,1.3,27.6,148.2,-4.2,1.2,94.7,101.7,16.2,2014,-61,47,6
61,Xavier Munford,,G,6-3,180,22,Rhode Island,United States,/player/Xavier-Munford/Summary/42842,,61.0,,0.51,0.472,1.5,9.7,5.6,15.7,13.9,1.9,1.1,28.9,144.4,-3.6,1.2,99.4,104.1,15.5,2014,-61,300,6
61,David Stockton,,G,5-11,172,23,Gonzaga,United States,/player/David-Stockton/Summary/8325,,139.0,,0.529,0.49,0.9,8.2,4.8,26.5,24.4,3.7,0.4,15.5,142.8,3.0,1.3,105.3,94.8,12.9,2014,-61,131,6
61,Keith Appling,,G,6-0,190,22,Michigan State,United States,/player/Keith-Appling/Summary/7110,,142.0,,0.544,0.491,1.8,9.8,6.0,21.4,17.6,2.2,1.7,20.7,151.3,0.3,1.3,108.4,97.8,15.1,2014,-61,212,6
61,Coty Clarke,,F,6-7,235,21,Arkansas,United States,/player/Coty-Clarke/Summary/42336,,65.0,,0.575,0.513,8.8,18.9,13.8,15.6,14.6,3.8,2.9,19.6,168.7,-0.4,1.4,117.9,91.2,20.8,2014,-61,19,2
61,Mitchell Creek,,G,6-6,225,22,Adelaide (Australia),Australia,/player/Mitchell-Creek/Summary/24715,AUS NBL,33.0,9.0,0.585,0.534,7.9,17.4,12.8,9.3,12.2,1.5,2.0,19.7,155.8,-1.4,1.4,119.0,109.2,17.6,2014,-61,3,6
61,C.J. Fair,,F,6-8,218,22,Syracuse,United States,/player/CJ-Fair/Summary/9362,,143.0,,0.523,0.484,7.3,14.6,11.0,5.8,11.4,2.3,3.2,21.9,152.7,-3.1,1.2,109.4,94.0,18.1,2014,-61,344,2
61,Ronald Roberts,,F,6-8,219,22,Saint Joseph's,United States/Dominican Republic,/player/Ronald-Roberts/Summary/22570,,131.0,,0.581,0.57,12.2,15.8,14.1,6.4,13.6,1.0,3.4,21.1,116.2,-3.6,1.5,114.4,102.9,19.6,2014,-61,310,2
61,Richard Solomon,,PF,6-11,235,22,California,United States,/player/Richard-Solomon/Summary/23248,,110.0,,0.536,0.517,11.2,24.3,18.0,6.6,14.8,2.1,5.0,20.3,132.4,-3.6,1.4,106.6,92.5,18.7,2014,-61,63,9
61,Patric Young,,PF,6-9,239,22,Florida,United States,/player/Patric-Young/Summary/7104,,150.0,,0.581,0.577,11.6,16.3,14.0,6.5,14.3,1.7,4.9,19.2,114.6,-3.2,1.4,115.8,91.7,19.6,2014,-61,108,9
61,Eric Atkins,,PG,6-2,182,22,Notre Dame,United States,/player/Eric-Atkins/Summary/22409,,133.0,,0.528,0.495,2.4,6.3,4.4,25.2,15.6,2.1,0.3,18.8,148.4,3.3,1.2,110.8,105.4,14.3,2014,-61,255,10
61,Jordan Bachynski,,C,7-2,250,24,Arizona State,Canada,/player/Jordan-Bachynski/Summary/23246,,121.0,,0.581,0.56,9.2,19.3,14.5,2.7,15.9,0.5,12.4,19.8,117.3,-5.2,1.5,108.0,96.6,19.3,2014,-61,18,0
61,Davion Berry,,GF,6-4,185,22,Weber State,United States,/player/Davion-Berry/Summary/31101,,68.0,,0.617,0.554,1.7,13.1,8.0,25.1,14.6,2.1,0.7,27.0,166.5,0.6,1.6,122.2,97.4,23.5,2014,-61,408,8
61,John Bohannon,,C,6-11,210,22,UTEP,United States/Jordan,/player/John-Bohannon/Summary/22895,,125.0,,0.596,0.571,8.7,23.1,16.3,15.0,20.0,1.4,6.1,22.5,138.2,-4.2,1.5,107.0,90.6,20.5,2014,-61,382,0
61,Deonte Burton,,PG,6-1,193,22,Nevada,United States,/player/Deonte-Burton/Summary/23388,,130.0,,0.562,0.501,1.4,8.4,4.9,26.7,13.0,2.3,1.3,25.2,152.6,1.5,1.4,116.5,105.5,20.8,2014,-61,235,10
61,Tre Bussey,,G,6-3,170,22,Georgia Southern,United States,/player/Tre-Bussey/Summary/22925,,126.0,,0.514,0.488,3.3,9.3,6.3,9.1,13.0,1.7,0.3,21.4,145.4,-2.6,1.2,102.3,106.6,13.2,2014,-61,126,6
61,Aaron Craft,,G,6-2,195,23,Ohio State,United States,/player/Aaron-Craft/Summary/9412,,148.0,,0.558,0.507,1.8,10.4,6.1,25.9,21.6,4.3,0.5,16.4,153.0,3.0,1.4,110.7,89.8,16.4,2014,-61,259,6
61,Chris Crawford,,G,6-4,220,21,Memphis,United States,/player/Chris-Crawford/Summary/22874,,140.0,,0.52,0.501,1.7,12.3,7.2,21.6,18.0,3.3,1.7,18.2,151.1,1.3,1.1,104.2,95.1,14.6,2014,-61,208,6
61,Fuquan Edwin,,SF,6-6,213,22,Seton Hall,United States,/player/Fuquan-Edwin/Summary/9413,,127.0,,0.533,0.51,4.6,13.8,9.3,10.9,13.3,4.6,1.5,24.0,149.1,-3.0,1.2,103.3,93.2,18.4,2014,-61,321,11
61,Melvin Ejim,,SF,6-6,220,23,Iowa State,Canada,/player/Melvin-Ejim/Summary/23288,,135.0,,0.574,0.536,11.3,19.6,15.6,9.7,14.7,2.2,1.6,22.1,153.3,-3.1,1.4,114.7,97.3,20.2,2014,-61,159,11
61,Stephen Holt,,SG,6-4,195,22,Saint Mary's,United States,/player/Stephen-Holt/Summary/23432,,127.0,,0.591,0.524,5.2,11.3,8.3,14.4,13.6,2.7,0.1,17.7,163.2,0.5,1.5,124.0,99.5,17.6,2014,-61,312,12
61,Joe Jackson,,G,6-1,171,22,Memphis,United States,/player/Joe-Jackson/Summary/7117,,139.0,,0.563,0.498,2.7,8.3,5.6,26.7,19.9,2.7,0.5,23.3,156.2,0.1,1.4,109.0,98.7,17.4,2014,-61,208,6
61,Geron Johnson,,SG,6-3,200,21,Memphis,United States,/player/Geron-Johnson/Summary/9357,,67.0,,0.509,0.486,6.1,12.5,9.4,22.3,21.9,3.1,1.5,20.7,138.6,-1.0,1.1,99.3,95.4,14.4,2014,-61,208,12
61,Jaron Johnson,,G,6-6,205,22,Louisiana Tech,United States,/player/Jaron-Johnson/Summary/42783,,71.0,,0.582,0.542,8.2,10.5,9.3,5.1,11.1,1.5,1.5,17.3,151.6,-2.1,1.4,120.4,94.7,15.7,2014,-61,192,6
61,Shawn Jones,,F,6-8,240,22,Middle Tennessee State,United States/Kosovo,/player/Shawn-Jones/Summary/22499,,131.0,,0.565,0.541,12.0,18.5,15.3,4.5,13.9,1.6,7.7,23.5,119.4,-5.2,1.4,110.9,89.4,21.0,2014,-61,213,2
61,Akil Mitchell,,PF,6-9,250,21,Virginia,United States/Panama,/player/Akil-Mitchell/Summary/23547,,133.0,,0.535,0.52,9.3,22.2,15.9,10.3,15.4,2.3,1.9,18.3,118.1,-2.0,1.3,107.0,88.5,17.0,2014,-61,397,9
61,Yakuba Ouattara,,SG,6-4,220,22,Chalon-Sur-Saone (France),Ghana/France,/player/Yakuba-Ouattara/Summary/29323,All Leagues,23.0,0.0,0.464,0.443,3.8,10.1,7.0,6.1,12.5,0.8,0.7,21.8,137.4,-3.5,1.0,95.9,113.8,7.3,2014,-61,66,12
61,Bubu Palo,,G,6-1,181,22,Iowa State,United States,/player/Bubu-Palo/Summary/4182,,70.0,,0.544,0.44,2.7,10.4,6.6,15.7,21.4,1.7,0.4,14.7,145.4,-0.1,1.6,107.6,103.5,10.5,2014,-61,159,6
61,John Petrucelli,,G,6-4,190,21,Molloy,United States/Italy,/player/John-Petrucelli/Summary/55769,,85.0,,0.52,0.458,-,-,-,-,16.6,-,-,-,147.1,-,1.3,-,-,-,2014,-61,221,6
61,Casey Prather,,F,6-6,208,23,Florida,United States,/player/Casey-Prather/Summary/9343,,127.0,,0.595,0.579,9.3,13.1,11.2,11.2,18.4,2.5,2.6,21.3,151.6,-4.0,1.5,111.7,92.8,19.2,2014,-61,108,2
61,Orlando Sanchez,,PF,6-9,230,26,St. John's,Dominican Republic,/player/Orlando-Sanchez/Summary/28294,,32.0,,0.576,0.542,7.6,20.0,13.9,11.8,17.2,2.1,5.4,17.8,152.9,-1.9,1.3,111.3,95.2,17.9,2014,-61,337,9
61,Nick Wiggins,,SG,6-6,192,23,Wichita State,Canada,/player/Nick-Wiggins/Summary/44093,,72.0,,0.513,0.485,3.9,12.7,8.4,6.1,12.7,1.2,1.8,20.7,135.8,-3.1,1.2,104.3,96.8,12.6,2014,-61,414,12
61,Scottie Wilbekin,,G,6-2,176,21,Florida,United States/Turkey,/player/Scottie-Wilbekin/Summary/23338,,143.0,,0.538,0.506,1.9,8.2,5.1,22.2,17.0,3.0,0.2,16.4,150.4,3.0,1.2,113.2,95.5,14.6,2014,-61,108,6
61,Tim Frazier,,G,6-0,172,23,Penn State,United States,/player/Tim-Frazier/Summary/3977,,135.0,,0.517,0.449,3.4,12.3,7.8,35.0,19.2,3.0,0.6,24.3,150.2,1.9,1.3,105.3,102.7,18.0,2014,-61,278,6
61,Maxi Kleber,,PF,6-10,240,22,s.Oliver Baskets (Germany),Germany,/player/Maxi-Kleber/Summary/27060,G-BBL,23.0,13.0,0.525,0.49,8.5,26.7,17.5,8.3,15.3,1.4,3.4,21.9,149.1,-4.0,1.2,100.1,101.5,15.3,2014,-61,428,9
61,Khem Birch,,PF,6-8,233,21,UNLV,Canada,/player/Khem-Birch/Summary/24151,,69.0,,0.576,0.531,13.8,19.6,16.8,6.1,13.4,1.4,11.8,17.7,119.8,-2.6,1.6,120.2,90.0,23.3,2014,-61,379,9
61,JaKarr Sampson,,F,6-9,215,21,St. John's,United States,/player/JaKarr-Sampson/Summary/24175,,66.0,,0.491,0.47,7.6,15.2,11.4,8.4,11.2,1.7,3.6,26.7,115.3,-3.4,1.1,100.0,97.8,18.0,2014,-61,337,2
61,Sean Kilpatrick,,SG,6-4,212,24,Cincinnati,United States,/player/Sean-Kilpatrick/Summary/4347,,140.0,,0.552,0.512,4.6,11.7,8.1,14.9,10.8,2.4,0.6,26.1,154.6,-1.2,1.3,116.7,95.0,21.2,2014,-61,73,12
61,James McAdoo,,PF,6-9,230,21,North Carolina,United States,/player/James-McAdoo/Summary/9304,,108.0,,0.476,0.447,9.0,15.9,12.5,7.6,11.8,2.7,2.2,25.3,101.6,-3.4,1.2,101.3,93.6,17.5,2014,-61,242,9
61,Eric Moreland,,FC,6-10,238,22,Oregon State,United States,/player/Eric-Moreland/Summary/23255,,89.0,,0.547,0.544,11.1,28.4,19.8,9.6,21.6,1.8,8.3,16.5,139.9,-3.6,1.4,104.1,95.0,18.3,2014,-61,268,5
61,Norvel Pelle,,FC,6-10,216,21,Delaware 87ers,Lebanon/Antigua and Barbuda,/player/Norvel-Pelle/Summary/24214,,,,,,,,,,,,,,,,,,,,2014,-61,86,5
61,Axel Toupane,,SG,6-7,197,21,Strasbourg IG (France),France,/player/Axel-Toupane/Summary/25855,All Leagues,59.0,20.0,0.572,0.539,3.1,15.2,9.3,8.4,13.3,2.4,0.7,15.2,165.1,-0.8,1.2,109.0,108.9,11.1,2014,-61,342,12
61,Travis Wear,,PF,6-9,219,23,UCLA,United States,/player/Travis-Wear/Summary/2208,,128.0,,0.553,0.516,8.3,12.3,10.3,5.6,10.8,1.6,3.5,18.4,169.5,-2.0,1.2,114.3,100.8,16.3,2014,-61,373,9
61,Shayne Whittington,,C,6-11,245,23,Western Michigan,United States/North Macedonia,/player/Shayne-Whittington/Summary/11138,,114.0,,0.57,0.52,10.9,22.3,16.8,7.5,13.3,1.4,5.7,22.6,144.2,-3.8,1.4,115.2,94.5,22.0,2014,-61,412,0
61,Jerrelle Benimon,,F,6-8,245,22,Towson,United States,/player/Jerrelle-Benimon/Summary/6089,,128.0,,0.585,0.544,9.3,22.6,16.4,15.7,21.1,1.2,4.3,23.4,153.6,-4.6,1.5,109.1,98.1,20.7,2014,-61,364,2
61,Sim Bhullar,,C,7-5,355,21,New Mexico State,Canada,/player/Sim-Bhullar/Summary/24708,,65.0,,0.607,0.633,12.9,19.7,16.6,9.1,16.3,0.3,10.7,20.5,112.9,-3.8,1.6,115.7,91.8,23.2,2014,-61,237,0
61,Jabari Brown,,SG,6-4,215,21,Missouri,United States,/player/Jabari-Brown/Summary/24164,,62.0,,0.598,0.54,1.7,10.6,6.5,9.9,13.4,1.1,0.3,24.0,160.9,-3.1,1.5,118.5,106.3,18.2,2014,-61,219,12
61,Andre Dawkins,,SG,6-4,206,22,Duke,United States,/player/Andre-Dawkins/Summary/3670,,142.0,,0.604,0.584,1.5,8.8,5.2,5.0,9.5,1.5,0.5,18.7,160.8,-1.8,1.3,122.4,100.4,15.0,2014,-61,93,12
61,Alex Kirk,,C,7-0,245,22,New Mexico,United States/Japan,/player/Alex-Kirk/Summary/9391,,101.0,,0.542,0.51,9.3,21.7,15.8,5.7,12.4,0.9,7.5,21.9,142.3,-3.6,1.3,108.5,92.3,19.0,2014,-61,236,0
61,David Wear,,PF,6-10,225,23,UCLA,United States,/player/David-Wear/Summary/2207,,130.0,,0.538,0.513,7.8,14.3,11.1,6.0,12.7,1.4,0.9,16.5,163.2,-1.9,1.2,109.7,100.9,13.6,2014,-61,373,9
61,Jamil Wilson,,SF,6-7,229,23,Marquette,United States,/player/Jamil-Wilson/Summary/2543,,127.0,,0.518,0.485,7.3,15.0,11.2,13.7,14.3,1.5,3.9,20.1,148.1,-1.2,1.2,107.4,98.1,15.6,2014,-61,202,11
61,Kadeem Batts,,PF,6-9,244,22,Providence,United States,/player/Kadeem-Batts/Summary/6274,,123.0,,0.509,0.453,11.8,15.0,13.4,6.8,13.5,1.1,2.3,22.4,147.4,-4.0,1.3,107.3,103.9,16.1,2014,-61,291,9
61,Taylor Braun,,G,6-7,210,22,North Dakota State,United States,/player/Taylor-Braun/Summary/12952,,116.0,,0.598,0.542,4.1,19.3,12.1,19.5,16.3,2.7,0.9,25.2,168.0,-1.3,1.5,116.4,97.4,22.9,2014,-61,244,6
61,Sampson Carter,,F,6-8,220,23,Massachusetts,United States,/player/Sampson-Carter/Summary/10588,,135.0,,0.512,0.452,5.8,15.0,10.4,6.7,16.0,1.7,2.0,18.2,141.2,-3.6,1.3,102.3,100.4,12.8,2014,-61,205,2
61,Kyle Casey,,SF,6-7,225,24,Harvard,United States,/player/Kyle-Casey/Summary/12551,,118.0,,0.573,0.523,7.3,21.7,14.9,10.0,16.0,1.8,5.0,24.9,155.9,-4.7,1.4,109.1,91.4,19.8,2014,-61,139,11
61,Justin Cobbs,,PG,6-3,190,23,California,United States/Montenegro,/player/Justin-Cobbs/Summary/3925,,136.0,,0.554,0.49,1.5,8.7,5.3,29.4,16.7,1.8,0.4,22.7,161.6,2.8,1.3,111.4,101.3,17.5,2014,-61,63,10
61,Drew Crawford,,GF,6-5,215,23,Northwestern,United States,/player/Drew-Crawford/Summary/3952,,143.0,,0.539,0.51,5.3,13.5,9.4,14.6,11.7,1.6,2.4,24.3,151.6,-1.0,1.2,107.5,103.7,17.5,2014,-61,253,8
61,Josh Davis,,F,6-8,215,23,San Diego State,United States,/player/Josh-Davis/Summary/3786,,131.0,,0.502,0.465,12.1,21.7,16.8,10.7,15.0,1.7,2.6,21.6,143.9,-3.2,1.3,105.4,93.9,18.5,2014,-61,316,2
61,Luke Hancock,,F,6-6,200,24,Louisville,United States,/player/Luke-Hancock/Summary/18586,,155.0,,0.585,0.533,4.1,11.0,7.6,20.2,17.3,2.3,1.2,20.5,159.6,0.1,1.4,116.0,95.2,17.8,2014,-61,193,2
61,Marshall Henderson,,G,6-2,177,23,Ole Miss,United States,/player/Marshall-Henderson/Summary/10061,,96.0,,0.541,0.493,1.2,8.0,4.6,11.6,9.9,2.3,0.3,29.0,156.4,-2.3,1.2,110.9,102.6,18.9,2014,-61,263,6
61,Brady Heslip,,PG,6-2,185,24,Baylor,Canada,/player/Brady-Heslip/Summary/5276,,112.0,,0.634,0.615,1.0,4.5,2.9,6.4,4.5,1.3,-,15.7,169.3,0.9,1.4,137.9,106.4,15.1,2014,-61,37,10
61,Raphiael Putney,,F,6-10,185,24,Massachusetts,United States,/player/Raphiael-Putney/Summary/10587,,131.0,,0.54,0.517,5.5,18.5,12.1,11.0,18.2,1.9,5.6,19.8,150.9,-3.6,1.2,101.6,95.3,15.7,2014,-61,205,2
61,Akeem Richmond,,PG,6-0,180,23,East Carolina,United States,/player/Akeem-Richmond/Summary/10631,,139.0,,0.563,0.54,2.2,7.5,4.8,8.5,8.2,1.9,0.1,22.5,159.3,-0.9,1.2,115.2,106.2,16.5,2014,-61,96,10
61,Roscoe Smith,,SF,6-9,202,23,UNLV,United States,/player/Roscoe-Smith/Summary/9279,,104.0,,0.523,0.481,10.1,17.8,14.2,3.2,12.6,0.9,3.5,16.5,142.9,-3.0,1.3,111.5,97.7,15.5,2014,-61,379,11
61,Yuki Togashi,,G,5-7,143,20,Akita Northern Happinets (Japan),Japan,/player/Yuki-Togashi/Summary/73959,,,,,,,,,,,,,,,,,,,,2014,-61,5,6
61,Chris Udofia,,F,6-6,200,21,Denver,United States,/player/Chris-Udofia/Summary/23034,,124.0,,0.569,0.543,7.1,16.6,11.9,23.6,14.7,2.6,8.4,25.7,145.0,0.1,1.4,112.2,95.3,22.9,2014,-61,89,2
61,Jordan Vandenberg,,C,7-1,245,24,NC State,Australia,/player/Jordan-Vandenberg/Summary/3788,,107.0,,0.602,0.611,8.5,14.2,11.5,6.3,18.5,0.9,7.1,9.4,111.1,-1.1,1.4,116.7,101.6,12.4,2014,-61,232,0
61,Talib Zanna,,PF,6-9,230,23,Pittsburgh,Nigeria,/player/Talib-Zanna/Summary/6238,,135.0,,0.583,0.553,14.2,19.5,16.9,3.9,12.5,1.3,2.9,19.8,120.3,-3.7,1.5,120.3,96.0,20.3,2014,-61,286,9
1,Kyrie Irving,CLE,G,6-2,195,19,Duke,United States/Australia,/player/Kyrie-Irving/Summary/7118,,11.0,,0.697,0.615,2.4,10.9,6.9,28.1,16.4,2.9,1.8,25.7,189.2,1.3,1.8,134.7,91.5,28.1,2011,-1,93,6
2,Derrick Williams,MIN,F,6-8,240,20,Arizona,United States,/player/Derrick-Williams/Summary/6644,,69.0,,0.66,0.621,10.9,20.9,16.1,7.7,14.7,1.6,2.3,27.9,181.7,-5.7,1.9,124.7,98.3,27.3,2011,-2,17,2
3,Enes Freedom,UTH,F,6-10,250,19,Kentucky,Switzerland/Turkey,/player/Enes-Freedom/Summary/9273,,,,,,,,,,,,,,,,,,,,2011,-3,174,2
4,Tristan Thompson,CLE,F,6-9,254,20,Texas,Canada,/player/Tristan-Thompson/Summary/7103,,36.0,,0.536,0.546,14.0,13.7,13.8,8.1,12.7,1.8,7.2,22.4,103.3,-3.0,1.5,112.3,88.2,22.0,2011,-4,353,2
5,Jonas Valanciunas,TOR,C,6-11,265,19,Lietuvos Rytas (Lithuania),Lithuania,/player/Jonas-Valanciunas/Summary/24239,Euroleague,15.0,5.0,0.752,0.708,15.4,34.1,24.8,2.7,21.6,0.7,4.2,20.7,159.2,-8.1,1.8,123.5,104.9,25.2,2011,-5,184,0
6,Jan Vesely,WAS,PF,6-11,240,21,KK Partizan (Serbia),Czech Republic,/player/Jan-Vesely/Summary/2329,Euroleague,15.0,12.0,0.568,0.582,8.0,9.1,8.5,9.2,15.2,2.7,3.3,19.0,133.8,-3.3,1.4,106.6,101.7,16.7,2011,-6,169,9
7,Bismack Biyombo,SAC,PF,6-8,255,18,Baloncesto Fuenlabrada (Spain),Democratic Republic of the Congo,/player/Bismack-Biyombo/Summary/24340,ACB,14.0,3.0,0.572,0.552,14.6,24.8,19.6,3.1,23.4,1.2,12.9,21.0,110.5,-8.7,1.6,98.5,99.9,18.7,2011,-7,32,9
8,Brandon Knight,DET,G,6-2,182,19,Kentucky,United States,/player/Brandon-Knight/Summary/2258,,38.0,,0.553,0.508,2.1,10.4,6.4,23.4,16.8,1.1,0.6,27.0,159.5,-1.0,1.3,109.5,100.0,17.8,2011,-8,174,6
9,Kemba Walker,CHA,G,6-0,184,21,UConn,United States,/player/Kemba-Walker/Summary/2181,,111.0,,0.539,0.475,3.6,10.5,7.3,26.1,13.5,3.0,0.7,26.1,153.7,1.3,1.3,115.2,96.5,21.9,2011,-9,374,6
10,Jimmer Fredette,MIL,G,6-2,195,22,Brigham Young,United States,/player/Jimmer-Fredette/Summary/9263,,139.0,,0.596,0.535,2.1,7.6,5.0,26.4,13.8,2.4,0.3,30.7,173.0,-0.2,1.4,117.6,96.5,24.5,2011,-10,48,6
11,Klay Thompson,GOS,G,6-5,220,21,Washington State,United States,/player/Klay-Thompson/Summary/4717,,98.0,,0.55,0.509,3.3,13.5,8.5,18.5,15.3,2.4,2.6,30.0,164.1,-3.7,1.2,105.3,97.6,20.2,2011,-11,407,6
12,Alec Burks,UTH,SG,6-5,214,19,Colorado,United States,/player/Alec-Burks/Summary/4169,,68.0,,0.592,0.522,9.0,13.9,11.5,17.2,12.6,2.2,1.2,30.2,161.2,-2.2,1.5,120.4,105.2,26.1,2011,-12,77,12
13,Markieff Morris,PHX,PF,6-9,245,21,Kansas,United States,/player/Markieff-Morris/Summary/4191,,109.0,,0.603,0.583,12.4,22.1,17.6,11.0,18.4,1.6,5.1,21.8,161.0,-4.0,1.5,115.0,89.2,21.6,2011,-13,172,9
14,Marcus Morris,HOU,F,6-8,218,21,Kansas,United States,/player/Marcus-Morris/Summary/4078,,109.0,,0.601,0.579,12.0,16.6,14.5,10.3,13.1,2.3,1.9,24.6,157.3,-3.0,1.5,120.8,92.3,23.9,2011,-14,172,2
15,Kawhi Leonard,IND,F,6-7,225,19,San Diego State,United States,/player/Kawhi-Leonard/Summary/2256,,70.0,,0.513,0.473,12.6,25.1,19.0,14.3,13.7,3.0,2.3,26.1,144.3,-2.4,1.2,111.8,86.9,24.2,2011,-15,316,2
16,Nikola Vucevic,PHL,PF,6-10,260,20,USC,Switzerland/Montenegro,/player/Nikola-Vucevic/Summary/6925,,87.0,,0.571,0.535,10.8,23.7,17.4,9.2,13.3,1.2,4.3,21.6,155.8,-2.8,1.3,115.4,91.5,21.6,2011,-16,380,9
17,Iman Shumpert,NYK,G,6-5,220,20,Georgia Tech,United States,/player/Iman-Shumpert/Summary/2183,,92.0,,0.503,0.453,3.9,12.0,7.9,26.6,19.5,4.1,0.6,23.9,143.9,-0.8,1.2,100.9,94.6,17.0,2011,-17,128,6
18,Chris Singleton,WAS,FC,6-8,228,21,Florida State,United States,/player/Chris-Singleton/Summary/2188,,95.0,,0.507,0.484,8.1,15.3,11.9,10.7,19.1,3.8,5.6,21.4,134.1,-4.8,1.2,98.3,86.2,16.7,2011,-18,111,5
19,Tobias Harris,CHA,F,6-8,226,18,Tennessee,United States,/player/Tobias-Harris/Summary/7119,,34.0,,0.54,0.489,7.6,20.9,14.2,10.4,11.4,1.4,3.4,27.3,151.6,-3.3,1.3,112.4,98.1,22.1,2011,-19,349,2
20,Donatas Motiejunas,MIN,C,7-0,222,20,Universo De'Longhi Treviso (Italy),Lithuania,/player/Donatas-Motiejunas/Summary/2314,All Leagues,53.0,50.0,0.576,0.529,8.8,13.8,11.3,6.3,16.6,2.3,2.0,22.9,152.7,-5.8,1.4,109.3,102.2,17.1,2011,-20,386,0
21,Nolan Smith,POR,G,6-2,190,22,Duke,United States,/player/Nolan-Smith/Summary/2154,,143.0,,0.551,0.503,3.3,8.2,5.7,20.9,14.4,2.1,0.5,25.4,161.5,-0.5,1.3,113.6,96.5,18.9,2011,-21,93,6
22,Kenneth Faried,DEN,F,6-8,228,21,Morehead State,United States,/player/Kenneth-Faried/Summary/2303,,136.0,,0.579,0.57,18.6,33.8,26.1,7.4,14.9,3.8,8.1,26.2,140.2,-6.0,1.5,115.0,84.9,30.7,2011,-22,224,2
23,Nikola Mirotic,HOU,F,6-10,250,20,Real Madrid (Spain),Montenegro/Spain,/player/Nikola-Mirotic/Summary/9276,All Leagues,54.0,11.0,0.623,0.563,9.8,18.6,14.3,7.7,11.8,2.0,2.9,21.2,177.0,-2.5,1.4,124.3,99.4,21.4,2011,-23,299,2
24,Reggie Jackson,OKC,G,6-2,208,21,Boston College,Italy/United States,/player/Reggie-Jackson/Summary/3771,,99.0,,0.56,0.527,5.9,12.3,9.2,26.5,15.3,1.8,1.7,24.5,156.9,1.1,1.3,115.3,104.7,20.6,2011,-24,43,6
25,MarShon Brooks,BOS,GF,6-5,200,22,Providence,United States,/player/MarShon-Brooks/Summary/6276,,113.0,,0.559,0.526,6.6,11.7,9.1,12.7,12.4,2.5,2.7,26.9,153.5,-2.9,1.3,114.7,105.6,22.1,2011,-25,291,8
26,Jordan Hamilton,DAL,SF,6-7,220,20,Texas,United States,/player/Jordan-Hamilton/Summary/2539,,70.0,,0.538,0.516,6.2,16.6,11.6,13.9,11.7,1.8,1.8,27.4,151.6,-2.1,1.2,112.6,92.2,21.6,2011,-26,353,11
27,JaJuan Johnson,NJN,FC,6-10,220,22,Purdue,United States/Germany,/player/JaJuan-Johnson/Summary/2310,,140.0,,0.556,0.506,8.5,17.6,13.0,5.7,9.8,1.5,7.3,25.8,149.4,-3.3,1.4,113.7,90.1,23.3,2011,-27,293,5
28,Norris Cole,CHI,G,6-2,170,22,Cleveland State,United States,/player/Norris-Cole/Summary/15435,,138.0,,0.539,0.48,2.7,10.6,6.6,25.7,13.3,3.3,0.3,26.9,158.3,0.6,1.3,111.9,96.7,21.2,2011,-28,75,6
29,Cory Joseph,SAN,PG,6-2,200,19,Texas,Canada,/player/Cory-Joseph/Summary/7108,,36.0,,0.526,0.503,2.2,9.5,5.9,17.3,13.1,1.9,0.9,17.3,153.4,1.6,1.2,112.1,93.7,14.0,2011,-29,353,10
30,Jimmy Butler III,CHI,GF,6-7,230,21,Marquette,United States,/player/Jimmy-Butler-III/Summary/6160,,106.0,,0.607,0.531,9.4,12.6,11.0,11.1,9.5,2.2,1.7,18.9,166.4,0.3,1.7,131.7,100.9,21.3,2011,-30,202,8
31,Bojan Bogdanovic,MIA,F,6-7,226,22,KK Cibona (Croatia),Bosnia and Herzegovina/Croatia,/player/Bojan-Bogdanovic/Summary/9740,Euroleague,10.0,10.0,0.519,0.467,5.2,7.9,6.4,11.4,16.0,2.7,0.5,29.0,148.4,-5.8,1.2,97.9,118.5,16.7,2011,-31,166,2
32,Justin Harper,CLE,PF,6-10,225,21,Richmond,United States,/player/Justin-Harper/Summary/10687,,137.0,,0.584,0.564,7.5,17.3,12.5,7.5,12.1,1.5,4.0,24.7,157.7,-3.5,1.3,112.1,96.8,21.0,2011,-32,302,9
33,Kyle Singler,DET,F,6-8,228,23,Duke,United States,/player/Kyle-Singler/Summary/2151,,148.0,,0.548,0.504,8.2,14.8,11.5,11.7,12.6,2.0,2.0,24.7,156.9,-2.4,1.3,115.4,93.2,20.5,2011,-33,93,2
34,Shelvin Mack,WAS,G,6-3,203,21,Butler,United States,/player/Shelvin-Mack/Summary/9419,,108.0,,0.544,0.507,3.3,13.2,8.3,25.4,14.5,2.2,0.3,26.3,153.2,-,1.2,110.5,95.5,19.4,2011,-34,53,6
35,Tyler Honeycutt,SAC,F,6-8,190,20,UCLA,United States,/player/Tyler-Honeycutt/Summary/2376,,59.0,,0.528,0.497,7.0,18.7,13.1,17.8,22.1,2.2,5.3,20.7,147.5,-3.0,1.2,99.3,97.0,16.5,2011,-35,373,2
36,Jordan Williams,NJN,PF,6-10,260,20,Maryland,United States,/player/Jordan-Williams/Summary/3731,,66.0,,0.54,0.528,12.7,24.8,19.0,2.8,9.4,1.4,3.9,22.6,108.7,-3.3,1.4,114.1,90.1,21.8,2011,-36,204,9
37,Trey Thompkins,LAC,PF,6-10,245,21,Georgia,United States,/player/Trey-Thompkins/Summary/2363,,89.0,,0.536,0.504,8.0,21.6,15.0,11.8,15.3,2.0,4.5,29.7,155.5,-6.0,1.2,103.8,96.0,22.0,2011,-37,125,9
38,Chandler Parsons,HOU,SF,6-10,230,22,Florida,United States,/player/Chandler-Parsons/Summary/2537,,142.0,,0.56,0.546,8.0,17.2,12.6,15.7,15.3,2.0,1.1,19.6,142.5,-0.2,1.3,114.6,97.9,18.3,2011,-38,108,11
39,Jeremy Tyler,CHA,PF,6-10,260,20,Tokyo Apache (Japan),United States,/player/Jeremy-Tyler/Summary/2373,,,,,,,,,,,,,,,,,,,,2011,-39,362,9
40,Jon Leuer,MIL,PF,6-10,228,22,Wisconsin,United States,/player/Jon-Leuer/Summary/4000,,123.0,,0.559,0.529,7.2,18.4,12.7,12.3,10.3,1.2,3.5,28.0,157.3,-2.1,1.3,114.6,94.6,23.4,2011,-40,419,9
41,Darius Morris,LAL,G,6-4,195,20,Michigan,United States/France,/player/Darius-Morris/Summary/3902,,67.0,,0.526,0.491,2.8,9.6,6.1,34.9,19.6,1.9,0.4,22.2,138.8,3.2,1.2,105.7,101.3,16.1,2011,-41,211,6
42,Davis Bertans,IND,SF,6-10,225,18,Union Olimpija (Slovenia),Latvia,/player/Davis-Bertans/Summary/24343,All Leagues,52.0,29.0,0.565,0.544,4.1,13.1,8.6,7.6,15.5,1.2,2.2,15.3,157.4,-2.1,1.2,107.8,107.0,9.8,2011,-42,385,11
43,Malcolm Lee,CHI,G,6-5,200,21,UCLA,United States,/player/Malcolm-Lee/Summary/2182,,94.0,,0.536,0.492,4.0,9.8,7.0,14.3,15.9,1.7,0.8,20.9,143.7,-1.6,1.3,106.7,103.5,13.9,2011,-43,373,6
44,Charles Jenkins,GOS,G,6-3,215,22,Hofstra,United States,/player/Charles-Jenkins/Summary/4770,,128.0,,0.563,0.505,3.2,10.2,6.7,25.9,14.7,2.8,1.7,28.5,164.9,-1.3,1.4,113.1,100.1,22.9,2011,-44,142,6
45,Josh Harrellson,NOP,F,6-10,275,22,Kentucky,United States/Japan,/player/Josh-Harrellson/Summary/5715,,94.0,,0.576,0.562,14.7,18.4,16.7,4.8,13.6,1.8,5.7,14.8,150.8,-2.3,1.3,121.1,90.3,19.0,2011,-45,174,2
46,Andrew Goudelock,LAL,G,6-3,200,22,Charleston,United States,/player/Andrew-Goudelock/Summary/9577,,140.0,,0.574,0.552,2.2,8.9,5.7,19.2,12.2,1.7,0.7,28.2,170.8,-0.6,1.2,114.6,107.5,21.6,2011,-46,67,6
47,Travis Leslie,LAC,G,6-4,205,21,Georgia,United States,/player/Travis-Leslie/Summary/5662,,90.0,,0.537,0.492,12.2,14.6,13.4,19.2,15.0,2.6,2.8,26.1,155.8,-2.3,1.3,110.3,97.9,22.5,2011,-47,125,6
48,Keith Benson,ATL,C,6-11,240,22,Oakland,United States,/player/Keith-Benson/Summary/9732,,135.0,,0.597,0.562,10.7,24.5,17.7,5.2,10.3,1.1,10.4,23.7,161.6,-3.3,1.6,124.2,97.8,27.8,2011,-48,256,0
49,Josh Selby,MEM,G,6-2,195,20,Kansas,United States,/player/Josh-Selby/Summary/7111,,27.0,,0.489,0.461,2.5,10.1,6.4,18.6,20.1,2.3,0.2,24.4,149.2,-2.8,1.1,95.4,96.1,11.6,2011,-49,172,6
50,Lavoy Allen,PHL,PF,6-9,260,22,Temple,United States,/player/Lavoy-Allen/Summary/9730,,135.0,,0.562,0.542,11.3,19.4,15.4,13.4,13.0,1.0,5.3,17.9,149.2,-,1.3,118.0,94.5,19.8,2011,-50,348,9
51,Jon Diebler,POR,SF,6-6,205,23,Ohio State,United States,/player/Jon-Diebler/Summary/2361,,144.0,,0.622,0.595,1.3,8.8,5.2,10.6,12.0,1.9,0.6,16.2,166.3,0.2,1.4,122.7,99.8,15.1,2011,-51,259,11
52,Vernon Macklin,DET,F,6-10,227,24,Florida,United States,/player/Vernon-Macklin/Summary/1949,,136.0,,0.591,0.61,11.3,12.7,12.1,8.2,15.2,1.1,3.7,21.2,106.4,-3.7,1.4,112.5,97.7,18.7,2011,-52,108,2
53,DeAndre Liggins,ORL,G,6-6,210,23,Kentucky,United States,/player/DeAndre-Liggins/Summary/5713,,100.0,,0.505,0.472,2.5,12.1,7.6,16.7,20.4,2.4,2.3,16.2,138.1,-0.2,1.2,100.8,94.5,12.0,2011,-53,174,6
54,Milan Macvan,CLE,PF,6-9,265,21,KK Vrsac Swisslion (Serbia),Croatia/Serbia,/player/Milan-Macvan/Summary/2428,All Leagues,17.0,6.0,0.582,0.516,6.7,18.8,13.0,13.4,15.5,0.8,1.4,21.3,153.5,-1.4,1.4,114.1,106.4,17.1,2011,-54,170,9
55,E'Twaun Moore,BOS,SG,6-4,191,22,Purdue,United States,/player/ETwaun-Moore/Summary/2354,,140.0,,0.536,0.508,3.9,12.1,8.0,20.1,12.7,2.2,1.4,26.4,154.9,-0.5,1.2,107.9,93.7,19.1,2011,-55,293,12
56,Chu Maduabum,LAL,PF,6-9,210,20,Bakersfield Jam,Nigeria,/player/Chu-Maduabum/Summary/24596,,,,,,,,,,,,,,,,,,,,2011,-56,31,9
57,Tanguy Ngombo,DAL,GF,6-6,230,21,Al-Rayyan Sports Club (Qatar),Republic of the Congo/Qatar,/player/Tanguy-Ngombo/Summary/24629,,,,,,,,,,,,,,,,,,,,2011,-57,7,8
58,Ater Majok,LAL,FC,6-11,233,23,Gold Coast (Australia),Australia/Lebanon,/player/Ater-Majok/Summary/2555,All Leagues,49.0,41.0,0.545,0.5,8.1,25.0,16.8,8.5,20.9,1.2,8.5,21.2,154.4,-6.4,1.2,100.4,94.8,16.7,2011,-58,130,5
59,Adam Hanga,SAN,SF,6-7,200,22,Alba Fehervar (Hungary),Hungary,/player/Adam-Hanga/Summary/2567,ACB,34.0,13.0,0.488,0.444,3.2,14.4,8.7,16.9,19.3,3.7,3.3,22.6,133.2,-2.9,1.1,90.0,99.9,13.6,2011,-59,11,11
60,Isaiah Thomas,SAC,PG,5-9,185,22,Washington,United States,/player/Isaiah-Thomas/Summary/4711,,105.0,,0.538,0.489,2.5,10.1,6.3,24.2,14.8,2.1,0.2,27.3,146.3,-0.1,1.3,111.8,99.0,19.3,2011,-60,406,10
61,Justin Holiday,,SF,6-6,180,22,Washington,United States,/player/Justin-Holiday/Summary/6968,,123.0,,0.52,0.494,7.3,13.2,10.2,12.8,16.9,2.2,2.5,14.5,152.2,-0.1,1.1,110.7,96.2,14.0,2011,-61,406,11
61,Julyan Stone,,PG,6-6,200,22,UTEP,United States,/player/Julyan-Stone/Summary/8270,,138.0,,0.512,0.469,2.6,17.2,9.9,29.0,25.2,2.8,1.5,12.1,130.7,4.8,1.3,106.3,93.7,13.9,2011,-61,382,10
61,Malcolm Thomas,,F,6-9,225,22,San Diego State,United States,/player/Malcolm-Thomas/Summary/2560,,103.0,,0.55,0.533,11.0,20.0,15.5,13.2,17.7,1.3,6.7,20.8,134.6,-3.1,1.4,109.6,94.5,20.9,2011,-61,316,2
61,Brad Wanamaker,,SG,6-3,210,21,Pittsburgh,United States,/player/Brad-Wanamaker/Summary/6228,,134.0,,0.534,0.477,4.7,14.3,9.6,26.3,20.1,2.6,1.1,20.6,150.0,1.5,1.3,109.7,95.2,17.3,2011,-61,286,12
61,Dwight Buycks,,G,6-3,190,22,Marquette,United States,/player/Dwight-Buycks/Summary/6158,,68.0,,0.529,0.505,3.5,10.5,7.0,20.2,21.8,2.6,0.2,18.4,149.0,-0.6,1.2,100.6,102.0,12.7,2011,-61,202,6
61,John Holland,,SF,6-5,205,22,Boston University,United States/Puerto Rico,/player/John-Holland/Summary/17700,,129.0,,0.562,0.51,5.9,13.8,9.9,9.5,11.2,2.9,1.1,27.6,159.6,-3.6,1.3,113.7,97.8,22.4,2011,-61,44,11
61,Malcolm Delaney,,SG,6-3,190,22,Virginia Tech,United States,/player/Malcolm-Delaney/Summary/2301,,136.0,,0.567,0.484,2.8,8.8,5.8,24.4,15.9,2.2,0.6,25.5,160.9,-0.3,1.4,114.4,98.9,19.4,2011,-61,399,12
61,Diante Garrett,,SG,6-4,190,22,Iowa State,United States,/player/Diante-Garrett/Summary/4175,,128.0,,0.485,0.447,1.3,8.8,5.1,32.0,20.5,2.3,0.5,23.1,143.4,1.1,1.1,95.8,101.4,13.5,2011,-61,159,12
61,Cory Higgins,,G,6-5,181,22,Colorado,United States,/player/Cory-Higgins/Summary/4071,,132.0,,0.58,0.512,2.7,12.3,7.7,15.6,15.0,2.7,1.2,24.3,164.0,-2.1,1.4,111.5,103.4,19.2,2011,-61,77,6
61,Mindaugas Kuzminskas,,SF,6-9,215,21,Siauliai (Lithuania),Lithuania,/player/Mindaugas-Kuzminskas/Summary/9729,Euroleague,8.0,0.0,0.424,0.393,7.5,10.9,9.3,3.5,20.7,2.0,0.0,16.6,119.0,-5.9,0.9,79.9,105.0,5.9,2011,-61,324,11
61,Kalin Lucas,,PG,6-1,195,22,Michigan State,United States,/player/Kalin-Lucas/Summary/2313,,141.0,,0.532,0.473,2.2,5.1,3.7,27.1,14.7,2.1,0.3,26.1,159.9,1.1,1.3,111.5,102.4,17.5,2011,-61,212,10
61,Xavier Silas,,SG,6-5,198,23,Northern Illinois,United States,/player/Xavier-Silas/Summary/4511,,99.0,,0.546,0.483,4.2,11.7,7.9,13.1,15.8,1.7,1.2,28.3,155.9,-5.2,1.3,104.7,107.7,17.2,2011,-61,249,12
61,Chris Wright,,F,6-8,225,22,Dayton,United States,/player/Chris-Wright/Summary/2536,,123.0,,0.537,0.5,10.2,19.9,15.1,10.7,17.0,1.8,5.9,27.5,138.1,-6.3,1.3,103.1,90.2,21.0,2011,-61,84,2
61,Chris Wright,,F,6-8,225,22,Dayton,United States,/player/Chris-Wright/Summary/2536,,110.0,,0.561,0.52,1.6,9.0,5.7,25.4,17.6,2.5,0.5,23.0,154.7,1.0,1.3,111.3,101.2,17.3,2011,-61,84,2
61,Dairis Bertans,,SG,6-4,190,21,BK Ventspils (Latvia),Latvia,/player/Dairis-Bertans/Summary/26072,Eurocup,6.0,4.0,0.44,0.408,0.8,3.3,2.0,15.4,16.7,1.2,0.0,21.1,135.7,-1.3,0.9,86.3,114.5,6.6,2011,-61,29,12
61,Zoran Dragic,,SG,6-5,200,22,Geoplin Slovan (Slovenia),Slovenia,/player/Zoran-Dragic/Summary/24599,All Leagues,54.0,51.0,0.556,0.532,8.7,14.8,11.8,13.9,15.4,3.5,0.8,23.3,135.7,-2.8,1.3,107.9,102.6,17.8,2011,-61,122,12
61,Ben Hansbrough,,G,6-3,203,23,Notre Dame,United States,/player/Ben-Hansbrough/Summary/3576,,134.0,,0.612,0.57,2.4,9.7,6.2,21.5,16.3,2.0,0.3,18.8,163.8,1.6,1.5,121.1,101.8,17.4,2011,-61,255,6
61,Omari Johnson,,F,6-9,220,22,Oregon State,Jamaica/United States,/player/Omari-Johnson/Summary/6809,,120.0,,0.496,0.479,7.4,16.6,11.9,8.1,17.1,1.7,2.0,19.8,131.0,-4.2,1.1,95.7,104.8,12.9,2011,-61,268,2
61,D.J. Kennedy,,GF,6-6,215,21,St. John's,United States,/player/DJ-Kennedy/Summary/6467,,129.0,,0.551,0.492,6.3,17.2,11.6,16.8,16.3,2.8,1.7,21.1,154.0,-1.5,1.4,110.8,97.3,19.2,2011,-61,337,8
61,Jacob Pullen,,G,6-1,200,21,Kansas State,United States/Georgia,/player/Jacob-Pullen/Summary/4073,,135.0,,0.554,0.502,1.9,7.4,4.6,23.4,15.6,3.1,0.3,26.8,154.0,-1.3,1.3,114.2,96.9,19.5,2011,-61,173,6
61,Alex Stepheson,,PF,6-10,249,23,USC,United States,/player/Alex-Stepheson/Summary/2389,,137.0,,0.521,0.52,13.3,19.8,16.6,1.6,16.4,0.5,5.1,17.2,101.7,-5.0,1.3,104.1,93.7,14.8,2011,-61,380,9
61,Mychel Thompson,,SF,6-6,211,23,Pepperdine,United States/Bahamas,/player/Mychel-Thompson/Summary/8430,,128.0,,0.465,0.427,4.7,12.3,8.4,11.9,12.3,2.4,2.4,22.7,144.2,-2.1,1.0,99.0,106.0,14.2,2011,-61,280,11
61,Chris Wright,,PG,6-1,210,21,Georgetown,United States,/player/Chris-Wright/Summary/2157,,123.0,,0.537,0.5,10.2,19.9,15.1,10.7,17.0,1.8,5.9,27.5,138.1,-6.3,1.3,103.1,90.2,21.0,2011,-61,124,10
61,Chris Wright,,PG,6-1,210,21,Georgetown,United States,/player/Chris-Wright/Summary/2157,,110.0,,0.561,0.52,1.6,9.0,5.7,25.4,17.6,2.5,0.5,23.0,154.7,1.0,1.3,111.3,101.2,17.3,2011,-61,124,10
61,Kevin Anderson,,PG,6-0,170,22,Richmond,United States,/player/Kevin-Anderson/Summary/9603,,139.0,,0.532,0.487,2.3,7.3,4.9,18.0,13.1,2.7,0.5,25.4,155.7,-0.7,1.2,106.3,100.9,17.5,2011,-61,302,10
61,Gilbert Brown,,SF,6-6,215,23,Pittsburgh,United States,/player/Gilbert-Brown/Summary/6232,,129.0,,0.566,0.524,5.9,11.1,8.6,14.6,15.1,1.4,1.2,18.8,155.0,-0.3,1.3,116.6,100.2,16.0,2011,-61,286,11
61,Justin Brownlee,,SF,6-7,220,23,St. John's,United States/Philippines,/player/Justin-Brownlee/Summary/6470,,65.0,,0.527,0.505,7.6,16.2,11.8,13.0,13.5,2.3,3.7,22.1,144.7,-1.9,1.2,107.1,97.9,18.4,2011,-61,337,11
61,Vance Cooksey,,G,6-0,175,23,Pikeville,United States,/player/Vance-Cooksey/Summary/15856,,89.0,,0.513,0.444,2.5,9.5,5.8,22.8,24.9,3.2,0.2,17.4,145.7,-0.9,1.3,96.0,102.7,11.5,2011,-61,283,6
61,Jarrid Famous,,C,6-11,239,22,South Florida,United States,/player/Jarrid-Famous/Summary/6413,,63.0,,0.556,0.515,13.1,16.9,15.0,4.4,16.6,0.9,2.4,21.7,120.4,-5.9,1.4,107.9,102.9,17.5,2011,-61,330,0
61,Mustapha Farrakhan,,G,6-4,180,22,Virginia,United States,/player/Mustapha-Farrakhan/Summary/3754,,103.0,,0.502,0.449,1.8,8.7,5.2,14.8,16.6,1.3,1.1,23.2,148.7,-2.8,1.2,98.0,104.9,12.2,2011,-61,397,6
61,Gary Flowers,,PF,6-8,214,25,Southern Mississippi,United States,/player/Gary-Flowers/Summary/2549,,64.0,,0.536,0.512,9.8,20.8,15.4,10.2,13.5,2.1,7.4,30.0,154.5,-5.9,1.2,110.1,88.9,25.6,2011,-61,334,9
61,Devin Gibson,,G,6-0,176,22,Texas-San Antonio,United States,/player/Devin-Gibson/Summary/9551,,119.0,,0.552,0.462,4.7,12.0,8.3,29.9,18.9,5.5,0.6,24.2,150.8,0.3,1.5,111.7,93.1,22.6,2011,-61,361,6
61,Zach Graham,,G,6-6,210,22,Ole Miss,United States,/player/Zach-Graham/Summary/5790,,135.0,,0.54,0.491,4.4,11.3,7.8,10.4,14.4,1.6,1.2,21.1,157.1,-2.4,1.3,110.0,104.1,15.4,2011,-61,263,6
61,Steven Gray,,SG,6-5,205,22,Gonzaga,United States,/player/Steven-Gray/Summary/8335,,126.0,,0.57,0.539,3.6,9.9,7.0,16.8,14.3,2.5,1.0,20.1,157.8,0.5,1.3,116.0,96.8,17.4,2011,-61,131,12
61,Demonte Harper,,SG,6-4,195,22,Morehead State,United States,/player/Demonte-Harper/Summary/12267,,135.0,,0.499,0.466,3.5,11.9,7.6,21.9,23.7,2.7,1.5,24.4,146.8,-5.0,1.1,93.7,98.5,12.5,2011,-61,224,12
61,Frank Hassell,,F,6-8,235,22,Old Dominion,United States,/player/Frank-Hassell/Summary/9583,,138.0,,0.553,0.526,13.4,19.7,16.5,8.8,14.3,2.0,5.6,22.1,119.3,-3.8,1.3,112.7,91.7,22.6,2011,-61,262,2
61,Jeremy Hazell,,G,6-5,180,25,Seton Hall,United States,/player/Jeremy-Hazell/Summary/6371,,114.0,,0.553,0.516,3.3,7.6,5.4,7.6,8.1,3.0,0.3,27.6,151.3,-2.2,1.3,115.2,105.6,21.1,2011,-61,321,6
61,Paris Horne,,PG,6-3,189,23,St. John's,United States,/player/Paris-Horne/Summary/6475,,129.0,,0.523,0.506,5.1,7.7,6.4,11.8,14.6,2.2,1.4,19.8,141.9,-2.1,1.2,104.5,102.9,13.8,2011,-61,337,10
61,Rick Jackson,,PF,6-9,235,22,Syracuse,United States,/player/Rick-Jackson/Summary/2357,,143.0,,0.583,0.591,11.4,17.8,14.9,10.1,17.9,2.2,8.1,18.2,110.4,-2.9,1.4,111.5,93.6,20.5,2011,-61,344,9
61,Cameron Jones,,G,6-4,185,22,Northern Arizona,United States,/player/Cameron-Jones/Summary/9731,,118.0,,0.556,0.523,3.3,12.1,7.9,23.2,15.1,2.3,0.3,28.8,165.1,-1.7,1.3,107.4,102.3,20.1,2011,-61,248,6
61,Dallas Lauderdale,,F,6-8,260,22,Ohio State,United States,/player/Dallas-Lauderdale/Summary/3954,,138.0,,0.667,0.734,8.4,15.6,12.2,1.9,21.1,1.1,10.3,12.2,114.4,-4.4,1.7,112.6,93.2,15.5,2011,-61,259,2
61,Jeff Ledbetter,,G,6-3,195,23,Idaho,United States,/player/Jeff-Ledbetter/Summary/8911,,62.0,,0.61,0.586,1.8,10.2,6.2,14.2,17.6,3.2,0.4,20.5,164.1,-2.4,1.4,110.8,100.3,16.1,2011,-61,147,6
61,David Lighty,,SF,6-6,216,23,Ohio State,United States/France,/player/David-Lighty/Summary/3956,,157.0,,0.544,0.521,5.1,9.7,7.5,15.0,17.5,2.6,1.3,18.8,144.6,-0.8,1.3,108.2,96.1,15.0,2011,-61,259,11
61,Demetri McCamey,,PG,6-3,205,22,Illinois,United States,/player/Demetri-McCamey/Summary/2506,,139.0,,0.538,0.509,1.9,9.6,5.9,34.3,19.8,2.0,0.5,24.2,149.7,2.3,1.2,105.3,98.9,16.7,2011,-61,151,10
61,Mickey McConnell,,PG,6-0,189,22,Saint Mary's,United States,/player/Mickey-McConnell/Summary/8531,,124.0,,0.646,0.605,1.4,6.2,3.9,25.3,18.7,2.1,0.6,17.7,177.8,3.0,1.5,126.0,99.4,18.2,2011,-61,312,10
61,Casey Mitchell,,SG,6-4,220,23,West Virginia,United States,/player/Casey-Mitchell/Summary/6591,,65.0,,0.534,0.492,4.9,8.5,6.7,11.1,10.9,2.0,0.8,29.2,161.1,-3.2,1.2,111.9,102.3,19.1,2011,-61,410,12
61,Adrian Oliver,,G,6-4,210,23,San Jose State,United States,/player/Adrian-Oliver/Summary/6974,,119.0,,0.54,0.48,4.4,11.4,7.9,17.0,15.1,1.6,1.3,29.1,163.3,-3.5,1.3,108.9,106.7,19.0,2011,-61,318,6
61,Brian Qvale,,C,6-11,255,22,Montana,United States,/player/Brian-Qvale/Summary/3606,,117.0,,0.605,0.589,11.6,21.7,16.9,6.2,14.7,1.2,10.4,20.7,122.7,-4.0,1.5,116.4,92.0,23.2,2011,-61,222,0
61,Damian Saunders,,SF,6-8,214,22,Duquesne,United States,/player/Damian-Saunders/Summary/8222,,127.0,,0.546,0.55,9.8,17.7,13.8,13.3,15.4,3.8,7.7,19.2,130.6,-1.5,1.3,109.5,91.4,21.1,2011,-61,94,11
61,Carleton Scott,,F,6-8,218,22,Notre Dame,United States,/player/Carleton-Scott/Summary/6195,,84.0,,0.592,0.561,6.6,20.5,13.7,12.0,13.3,1.6,5.9,16.8,169.0,-,1.3,120.6,97.7,19.6,2011,-61,255,2
61,Devin Searcy,,FC,6-10,226,21,Dayton,United States/Poland,/player/Devin-Searcy/Summary/10337,,130.0,,0.537,0.51,11.1,14.1,12.6,4.9,19.4,1.3,2.5,14.4,115.7,-3.9,1.3,104.7,96.8,12.2,2011,-61,84,5
61,Marcus Simmons,,G,6-6,220,23,USC,United States,/player/Marcus-Simmons/Summary/6923,,105.0,,0.467,0.434,4.5,9.4,7.0,9.2,23.7,1.7,1.4,13.6,133.5,-2.9,1.1,88.4,97.6,6.5,2011,-61,380,6
61,Durrell Summers,,SG,6-4,205,22,Michigan State,United States,/player/Durrell-Summers/Summary/2359,,145.0,,0.536,0.507,6.6,12.9,9.8,6.7,14.1,1.4,1.1,22.9,154.2,-4.3,1.2,106.2,100.0,14.9,2011,-61,212,12
61,Mike Tisdale,,C,7-1,249,21,Illinois,United States,/player/Mike-Tisdale/Summary/2505,,139.0,,0.587,0.55,9.0,14.9,12.0,6.9,13.7,0.8,6.5,21.1,171.8,-3.4,1.3,113.4,95.6,18.5,2011,-61,151,0
61,Billy White,,F,6-8,235,22,San Diego State,United States,/player/Billy-White/Summary/9900,,135.0,,0.623,0.609,9.0,12.0,10.5,9.7,17.7,2.8,3.4,18.8,156.6,-3.6,1.5,116.2,93.5,19.8,2011,-61,316,2
61,Willie Reed,,F,6-11,245,21,Saint Louis,United States,/player/Willie-Reed/Summary/10776,,67.0,,0.563,0.574,10.9,20.5,15.8,5.3,13.8,1.3,7.3,23.8,107.4,-5.0,1.4,107.2,89.7,22.0,2011,-61,311,2
61,Greg Smith,,C,6-10,250,20,Fresno State,United States,/player/Greg-Smith/Summary/8805,,64.0,,0.579,0.575,9.1,19.0,14.0,11.9,16.4,2.1,4.7,21.1,114.0,-3.5,1.5,109.2,97.6,19.7,2011,-61,117,0
61,Scotty Hopson,,GF,6-7,204,21,Tennessee,United States,/player/Scotty-Hopson/Summary/2184,,103.0,,0.537,0.514,3.5,9.6,6.5,10.1,15.1,1.7,0.9,25.2,146.9,-4.4,1.2,102.9,101.7,15.2,2011,-61,349,8
61,Jake Anderson,,PG,6-2,200,24,Iowa State,United States,/player/Jake-Anderson/Summary/2544,,119.0,,0.508,0.463,5.6,16.2,10.8,19.6,18.9,2.2,0.4,25.3,142.4,-3.7,1.2,98.3,101.9,15.9,2011,-61,159,10
61,Paul Carter,,F,6-8,200,24,Illinois-Chicago,United States,/player/Paul-Carter/Summary/3921,,94.0,,0.512,0.46,10.2,19.6,15.0,11.3,16.9,1.9,2.6,24.2,144.5,-4.5,1.2,102.5,96.9,17.3,2011,-61,153,2
61,Mike Dunigan,,C,6-10,245,21,Hapoel Bank Yahav Jerusalem (Israel),United States,/player/Mike-Dunigan/Summary/2177,All Leagues,30.0,27.0,0.562,0.5,13.6,24.6,19.1,5.2,17.7,1.6,5.7,21.4,119.0,-6.4,1.4,107.1,103.8,18.2,2011,-61,136,0
61,Phil Jones,,C,6-11,250,25,Charlotte,United States/U.S. Virgin Islands,/player/Phil-Jones/Summary/10303,,110.0,,0.488,0.437,10.8,14.5,12.7,6.1,12.3,0.8,9.5,18.7,131.3,-2.7,1.2,105.5,99.4,15.6,2011,-61,68,0
1,Andrea Bargnani,TOR,FC,7-0,245,20,Universo De'Longhi Treviso (Italy),Italy,/player/Andrea-Bargnani/Summary/65,All Leagues,65.0,29.0,0.615,0.574,8.5,18.8,13.8,4.4,15.5,3.3,5.4,23.3,166.2,-5.9,1.4,114.5,101.2,20.5,2006,-1,386,5
2,LaMarcus Aldridge,CHI,FC,6-11,265,20,Texas,United States,/player/LaMarcus-Aldridge/Summary/66,,53.0,,0.605,0.586,11.3,18.5,15.1,4.2,12.9,2.5,6.7,20.5,123.5,-4.1,1.5,122.2,86.3,24.6,2006,-2,353,5
3,Adam Morrison,CHA,SF,6-8,198,21,Gonzaga,United States,/player/Adam-Morrison/Summary/67,,95.0,,0.59,0.552,5.0,12.3,9.0,14.1,9.4,1.3,1.3,29.7,162.8,-1.3,1.4,123.6,103.3,25.1,2006,-3,131,11
4,Tyrus Thomas,POR,F,6-9,215,19,LSU,United States,/player/Tyrus-Thomas/Summary/9,,32.0,,0.627,0.61,12.7,26.5,19.9,10.2,15.8,2.4,12.1,21.5,226.5,-3.7,1.6,120.6,79.8,28.9,2006,-4,176,2
5,Shelden Williams,ATL,PF,6-9,250,22,Duke,United States,/player/Shelden-Williams/Summary/68,,139.0,,0.61,0.573,13.7,22.9,18.6,6.2,16.9,2.3,9.5,23.4,159.5,-6.0,1.6,117.1,86.0,25.7,2006,-5,93,9
6,Brandon Roy,MIN,G,6-6,211,21,Washington,United States,/player/Brandon-Roy/Summary/69,,103.0,,0.585,0.538,6.1,11.3,8.7,20.3,14.7,2.0,1.7,24.1,162.2,-0.4,1.4,119.6,105.5,22.4,2006,-6,406,6
7,Randy Foye,BOS,G,6-4,218,22,Villanova,United States,/player/Randy-Foye/Summary/79,,132.0,,0.504,0.461,5.2,12.5,8.8,22.8,16.3,2.9,1.4,28.2,150.7,-2.5,1.1,104.8,96.6,17.4,2006,-7,396,6
8,Rudy Gay,HOU,SF,6-7,250,19,UConn,United States,/player/Rudy-Gay/Summary/71,,64.0,,0.538,0.501,7.1,12.8,10.2,11.5,15.0,2.5,5.3,23.1,156.1,-3.3,1.3,110.2,91.7,18.9,2006,-8,374,11
9,Patrick O'Bryant,GOS,C,7-0,250,20,Bradley,United States,/player/Patrick-OBryant/Summary/72,,52.0,,0.582,0.554,11.8,23.3,17.6,6.8,16.1,2.1,12.3,23.8,124.1,-5.9,1.4,109.7,89.3,24.1,2006,-9,47,0
10,Saer Sene,SEA,C,7-0,230,20,Voo Wolves Verviers-Pepinster (Belgium),Senegal,/player/Saer-Sene/Summary/73,,,,,,,,,,,,,,,,,,,,2006,-10,402,0
11,J.J. Redick,ORL,G,6-4,200,22,Duke,United States,/player/JJ-Redick/Summary/76,,139.0,,0.615,0.553,1.7,7.1,4.5,13.0,11.6,1.8,0.2,25.9,175.1,-1.9,1.5,124.8,99.4,20.9,2006,-11,93,6
12,Hilton Armstrong,NOP,C,6-11,235,21,UConn,United States,/player/Hilton-Armstrong/Summary/80,,131.0,,0.58,0.565,9.8,16.8,13.6,6.2,23.1,1.2,8.6,16.2,149.4,-5.2,1.5,104.5,90.8,15.4,2006,-12,374,0
13,Thabo Sefolosha,PHL,GF,6-7,220,22,Edilnol Pallacanestro Biella (Italy),Switzerland,/player/Thabo-Sefolosha/Summary/86,Lega A,34.0,31.0,0.553,0.529,8.7,18.6,13.6,14.9,19.8,3.4,1.8,19.8,150.2,-3.2,1.3,106.2,101.0,16.5,2006,-13,99,8
14,Ronnie Brewer,UTH,GF,6-7,235,21,Arkansas,United States,/player/Ronnie-Brewer/Summary/83,,90.0,,0.546,0.511,5.7,11.8,8.7,21.5,13.5,4.2,1.8,25.1,147.7,-0.1,1.3,113.1,93.2,21.6,2006,-14,19,8
15,Cedric Simmons,NOP,FC,6-9,235,20,NC State,United States/Bulgaria,/player/Cedric-Simmons/Summary/82,,62.0,,0.599,0.568,8.0,17.9,13.1,11.8,16.8,1.3,10.2,21.5,171.6,-3.2,1.6,113.8,95.6,20.4,2006,-15,232,5
16,Rodney Carney,CHI,F,6-7,205,22,Memphis,United States,/player/Rodney-Carney/Summary/87,,133.0,,0.535,0.508,5.8,12.7,9.3,9.2,9.7,2.1,3.8,25.7,149.6,-2.4,1.2,114.4,95.2,20.1,2006,-16,208,2
17,Shawne Williams,IND,F,6-10,230,20,Memphis,United States,/player/Shawne-Williams/Summary/90,,36.0,,0.534,0.48,6.5,16.7,11.6,12.9,15.4,2.8,5.1,24.1,151.4,-3.5,1.3,110.5,87.3,19.9,2006,-17,208,2
18,Oleksiy Pecherov,WAS,C,7-0,232,20,Paris Basket Racing (France),Ukraine,/player/Oleksiy-Pecherov/Summary/75,Jeep Elite,23.0,4.0,0.577,0.528,10.2,26.5,18.1,2.0,12.2,1.1,4.6,26.1,163.9,-6.1,1.3,111.6,101.2,22.4,2006,-18,273,0
19,Quincy Douby,SAC,G,6-3,175,22,Rutgers,United States,/player/Quincy-Douby/Summary/74,,95.0,,0.564,0.528,2.5,7.8,5.2,21.9,11.9,2.5,2.3,29.2,164.2,-1.1,1.3,113.6,102.4,21.4,2006,-19,307,6
20,Renaldo Balkman,NYK,F,6-8,208,21,South Carolina,United States/Puerto Rico,/player/Renaldo-Balkman/Summary/92,,104.0,,0.566,0.567,11.8,17.8,14.8,16.6,20.2,3.5,6.0,20.5,137.7,-2.7,1.3,108.3,91.5,21.1,2006,-20,327,2
21,Rajon Rondo,PHX,PG,6-1,180,20,Kentucky,United States,/player/Rajon-Rondo/Summary/93,,68.0,,0.536,0.521,3.3,14.1,8.7,28.8,19.5,5.0,0.8,20.1,135.2,2.3,1.3,108.3,91.4,19.4,2006,-21,174,10
22,Marcus D. Williams,NJN,G,6-3,205,20,UConn,United States,/player/Marcus-D-Williams/Summary/77,,70.0,,0.518,0.455,2.7,8.5,5.9,42.5,27.0,2.1,0.6,19.6,156.8,5.5,1.2,107.1,98.0,15.2,2006,-22,374,6
23,Josh Boone,NJN,C,6-10,237,21,UConn,United States,/player/Josh-Boone/Summary/81,,103.0,,0.58,0.578,13.3,13.9,13.6,5.5,14.2,1.1,7.5,16.8,113.7,-2.8,1.5,118.4,92.2,18.9,2006,-23,374,0
24,Kyle Lowry,MEM,PG,6-0,196,20,Villanova,United States,/player/Kyle-Lowry/Summary/78,,57.0,,0.531,0.465,5.8,10.2,7.9,22.7,17.7,4.3,0.9,20.3,151.1,0.3,1.3,111.6,94.1,17.8,2006,-24,396,10
25,Shannon Brown,CLE,G,6-4,210,20,Michigan State,United States,/player/Shannon-Brown/Summary/70,,97.0,,0.565,0.518,4.8,10.3,7.7,14.1,15.8,2.8,0.5,24.0,165.2,-2.6,1.3,110.6,101.5,16.9,2006,-25,212,6
26,Jordan Farmar,LAL,PG,6-2,180,19,UCLA,United States,/player/Jordan-Farmar/Summary/91,,66.0,,0.526,0.478,1.7,6.4,4.1,33.6,22.9,2.5,0.6,26.3,150.4,-1.0,1.2,101.6,104.2,16.6,2006,-26,373,10
27,Sergio Rodriguez,PHX,PG,6-3,176,20,Movistar Estudiantes (Spain),Spain,/player/Sergio-Rodriguez/Summary/85,All Leagues,47.0,30.0,0.508,0.476,3.7,10.1,6.8,35.5,25.3,3.0,0.3,23.4,139.8,0.7,1.1,97.5,112.5,12.5,2006,-27,228,10
28,Maurice Ager,DAL,F-G,6-5,202,22,Michigan State,United States,/player/Maurice-Ager/Summary/89,,124.0,,0.571,0.532,4.1,12.4,8.4,12.3,13.4,1.2,1.4,26.1,160.0,-3.0,1.3,112.4,102.1,17.8,2006,-28,212,4
29,Mardy Collins,NYK,G,6-6,220,21,Temple,United States,/player/Mardy-Collins/Summary/88,,125.0,,0.473,0.45,3.7,10.9,7.0,20.6,11.2,4.0,0.9,25.9,131.5,0.2,1.1,104.0,100.7,18.6,2006,-29,348,6
30,Joel Freeland,POR,PF,6-11,255,19,Dreamland Gran Canaria (Spain),England,/player/Joel-Freeland/Summary/349,All Leagues,24.0,0.0,0.414,0.412,7.9,13.8,10.6,1.2,10.4,0.7,3.5,18.2,91.2,-3.5,0.8,88.8,104.8,6.9,2006,-30,92,9
31,James White,POR,SF,6-7,215,23,Cincinnati,United States,/player/James-White/Summary/95,,92.0,,0.583,0.526,4.1,12.6,8.4,18.4,17.5,2.0,2.2,20.3,163.0,-0.9,1.4,114.6,96.8,17.6,2006,-31,73,11
32,Steve Novak,HOU,F,6-10,225,23,Marquette,United States,/player/Steve-Novak/Summary/97,,126.0,,0.66,0.622,4.3,13.1,8.9,7.5,10.2,1.2,0.3,19.8,184.8,-1.6,1.5,134.5,104.9,19.6,2006,-32,202,2
33,Solomon Jones,ATL,C,6-10,230,21,South Florida,United States,/player/Solomon-Jones/Summary/159,,59.0,,0.548,0.505,10.4,20.1,15.4,7.6,23.3,1.3,9.2,19.5,119.8,-6.9,1.4,97.7,93.5,15.3,2006,-33,330,0
34,Paul Davis,LAC,FC,6-11,270,21,Michigan State,United States,/player/Paul-Davis/Summary/98,,130.0,,0.599,0.543,11.1,23.0,17.3,12.1,15.7,2.7,3.1,26.8,158.1,-4.5,1.5,115.7,93.7,23.9,2006,-34,212,5
35,P.J. Tucker,TOR,SF,6-5,245,21,Texas,United States,/player/PJ-Tucker/Summary/100,,87.0,,0.57,0.528,10.9,19.2,15.2,13.4,15.7,2.7,1.0,23.4,173.8,-3.2,1.4,116.4,90.1,23.0,2006,-35,353,11
36,Craig Smith,MIN,PF,6-7,250,22,Boston College,United States,/player/Craig-Smith/Summary/102,,130.0,,0.583,0.563,10.9,19.1,15.1,12.9,12.6,2.3,2.3,26.4,143.1,-3.0,1.4,117.4,97.0,24.2,2006,-36,43,9
37,Bobby Jones,MIN,F,6-7,215,22,Washington,United States,/player/Bobby-Jones/Summary/101,,125.0,,0.58,0.54,8.0,11.6,9.8,8.7,13.7,2.5,1.9,18.6,157.7,-2.1,1.4,119.4,102.5,17.8,2006,-37,406,2
38,Kosta Perovic,GOS,C,7-2,240,21,KK Partizan (Serbia),Serbia,/player/Kosta-Perovic/Summary/103,Euroleague,13.0,13.0,0.56,0.505,9.3,14.8,11.8,3.3,15.4,3.8,2.9,19.7,117.8,-5.4,1.4,107.9,114.2,17.3,2006,-38,169,0
39,David Noel,MIL,SF,6-6,230,22,North Carolina,United States,/player/David-Noel/Summary/99,,127.0,,0.586,0.581,8.0,12.8,10.5,14.4,22.6,2.5,2.0,15.3,147.3,-1.8,1.3,108.6,97.0,14.2,2006,-39,242,11
40,Denham Brown,SEA,GF,6-5,218,23,UConn,Canada,/player/Denham-Brown/Summary/107,,135.0,,0.525,0.488,4.9,11.4,8.4,9.4,14.6,1.6,0.7,20.1,155.9,-2.7,1.2,108.7,97.0,13.6,2006,-40,374,8
41,James Augustine,ORL,FC,6-10,235,22,Illinois,United States,/player/James-Augustine/Summary/104,,137.0,,0.641,0.621,11.7,20.7,16.3,7.7,15.6,2.3,4.2,17.9,163.7,-2.7,1.6,123.7,89.1,21.2,2006,-41,151,5
42,Daniel Gibson,CLE,G,6-2,200,20,Texas,United States,/player/Daniel-Gibson/Summary/105,,68.0,,0.566,0.533,2.6,8.9,5.9,20.0,16.6,2.8,1.0,21.7,153.9,-0.3,1.3,114.5,96.2,17.4,2006,-42,353,6
43,Marquinhos Vinicius,NOP,F,6-9,225,22,Objetivo Sao Carlos (Brazil),Brazil,/player/Marquinhos-Vinicius/Summary/108,,,,,,,,,,,,,,,,,,,,2006,-43,257,2
44,Lior Eliyahu,ORL,PF,6-7,225,20,Hapoel Galil Gilboa (Israel),Israel,/player/Lior-Eliyahu/Summary/109,Euroleague,22.0,15.0,0.593,0.553,11.4,19.9,15.9,12.5,13.4,2.3,2.4,24.0,120.6,-2.4,1.5,117.7,110.2,21.8,2006,-44,137,9
45,Alexander Johnson,IND,F,6-9,240,23,Florida State,United States,/player/Alexander-Johnson/Summary/110,,92.0,,0.573,0.53,10.0,19.6,14.9,7.1,23.3,2.5,4.2,26.5,149.4,-10.3,1.5,98.9,93.3,17.3,2006,-45,111,2
46,Dee Brown,UTH,G,6-0,185,21,Illinois,United States,/player/Dee-Brown/Summary/111,,137.0,,0.543,0.521,2.7,8.4,5.7,26.8,14.9,3.0,0.2,21.7,150.8,3.6,1.2,114.6,95.3,17.8,2006,-46,151,6
47,Paul Millsap,UTH,FC,6-7,250,21,Louisiana Tech,United States,/player/Paul-Millsap/Summary/112,,92.0,,0.594,0.579,16.6,22.5,19.5,6.5,13.4,2.3,5.7,24.9,157.1,-5.3,1.5,118.6,89.9,28.1,2006,-47,192,5
48,Vladimir Veremeenko,WAS,PF,6-8,229,21,Dynamo Saint Petersburg (Russia),Belarus,/player/Vladimir-Veremeenko/Summary/113,Eurocup,10.0,10.0,0.624,0.556,13.5,23.3,18.4,11.2,24.7,1.8,2.2,18.5,174.5,-4.9,1.5,113.4,115.5,16.8,2006,-48,95,9
49,Leon Powe,DEN,F,6-8,240,22,California,United States,/player/Leon-Powe/Summary/114,,54.0,,0.549,0.495,11.8,23.2,17.4,8.4,12.0,1.5,2.0,30.1,146.4,-4.9,1.5,112.3,98.8,24.1,2006,-49,63,2
50,Ryan Hollins,CHA,C,7-0,230,21,UCLA,United States,/player/Ryan-Hollins/Summary/115,,113.0,,0.59,0.577,8.0,12.1,10.1,3.3,22.3,0.7,4.5,15.5,216.7,-6.1,1.6,103.8,104.3,12.6,2006,-50,373,0
51,Cheickh Samb,LAL,C,7-1,245,21,CB Cornella (Spain),Senegal,/player/Cheickh-Samb/Summary/116,,,,,,,,,,,,,,,,,,,,2006,-51,54,0
52,Guillermo Diaz,LAC,G,6-2,192,21,Miami (FL),Puerto Rico/United States,/player/Guillermo-Diaz/Summary/117,,93.0,,0.557,0.523,3.1,9.0,6.0,16.9,12.4,2.5,1.0,25.4,156.8,-1.1,1.3,115.6,103.1,19.7,2006,-52,210,6
53,Yotam Halperin,SEA,SG,6-4,210,22,Union Olimpija (Slovenia),Israel,/player/Yotam-Halperin/Summary/118,Euroleague,13.0,11.0,0.592,0.543,1.8,9.6,5.6,17.7,16.2,3.8,0.2,20.1,173.5,0.0,1.3,116.3,111.0,18.1,2006,-53,385,12
54,Hassan Adams,NJN,G,6-4,220,22,Arizona,United States,/player/Hassan-Adams/Summary/119,,130.0,,0.545,0.524,8.6,10.2,9.4,13.7,13.3,3.8,2.3,24.6,151.5,-2.3,1.2,113.0,97.8,22.2,2006,-54,17,6
55,Ejike Ugboaja,CLE,F,6-9,225,21,Union Bank Lagos (Nigeria),Nigeria,/player/Ejike-Ugboaja/Summary/120,,,,,,,,,,,,,,,,,,,,2006,-55,384,2
56,Edin Bavcic,TOR,C,6-8,242,22,KK Bosna (Bosnia and Herzegovina),Bosnia and Herzegovina,/player/Edin-Bavcic/Summary/121,,,,,,,,,,,,,,,,,,,,2006,-56,165,0
57,Loukas Mavrokefalidis,MIN,C,6-10,260,21,PAOK BC (Greece),Greece,/player/Loukas-Mavrokefalidis/Summary/122,All Leagues,50.0,24.0,0.529,0.481,12.7,16.0,14.3,6.3,20.8,2.9,2.2,21.8,144.1,-7.3,1.2,99.4,104.1,13.0,2006,-57,271,0
58,J.R. Pinnock,DAL,SG,6-5,207,22,George Washington,United States/Panama,/player/JR-Pinnock/Summary/123,,89.0,,0.55,0.518,6.5,11.7,9.1,15.0,14.7,3.8,2.4,22.9,151.9,-1.9,1.3,110.9,95.0,19.3,2006,-58,123,12
59,Damir Markota,SAN,PF,6-10,260,20,KK Cibona (Croatia),Croatia/Sweden,/player/Damir-Markota/Summary/106,Euroleague,19.0,0.0,0.559,0.545,7.2,24.5,15.7,6.9,17.5,1.0,1.6,21.0,140.1,-5.3,1.2,102.7,107.6,15.2,2006,-59,166,9
60,Will Blalock,DET,G,6-1,200,22,Iowa State,United States,/player/Will-Blalock/Summary/124,,93.0,,0.509,0.475,1.8,8.2,4.9,26.3,18.2,3.2,0.4,19.6,150.5,2.3,1.2,103.2,100.9,14.8,2006,-60,159,6
61,J.J. Barea,,G,5-10,180,22,Northeastern,Puerto Rico/United States,/player/JJ-Barea/Summary/298,,113.0,,0.514,0.469,2.7,9.7,6.2,41.7,16.0,2.7,-,33.2,148.8,1.4,1.2,106.7,99.7,21.0,2006,-61,247,6
61,Lou Amundson,,PF,6-9,220,23,UNLV,United States,/player/Lou-Amundson/Summary/868,,90.0,,0.534,0.538,8.1,13.3,10.7,5.4,17.9,2.6,5.8,21.8,102.9,-6.9,1.3,99.8,103.6,20.7,2006,-61,379,9
61,C.J. Watson,,G,6-2,175,22,Tennessee,United States,/player/CJ-Watson/Summary/787,,119.0,,0.574,0.514,2.0,10.5,6.3,27.0,20.3,2.9,0.4,19.3,160.2,1.7,1.4,112.2,102.7,16.2,2006,-61,349,6
61,Chris Quinn,,G,6-2,175,22,Notre Dame,United States,/player/Chris-Quinn/Summary/792,,123.0,,0.589,0.555,2.3,7.3,4.9,22.8,11.5,2.4,0.4,18.7,168.8,3.3,1.3,123.7,104.3,17.7,2006,-61,255,6
61,Chris Copeland,,PF,6-8,235,22,Colorado,United States,/player/Chris-Copeland/Summary/4094,,113.0,,0.549,0.519,7.1,15.5,11.3,11.3,15.3,1.3,4.5,22.6,149.4,-3.4,1.3,109.1,100.8,17.6,2006,-61,77,9
61,Pops Mensah-Bonsu,,F,6-9,235,22,George Washington,England/Ghana,/player/Pops-Mensah-Bonsu/Summary/1034,,112.0,,0.601,0.584,11.7,17.9,14.8,5.2,15.6,1.9,5.9,23.3,119.9,-5.9,1.6,114.2,95.5,21.4,2006,-61,123,2
61,Tarence Kinsey,,GF,6-6,185,22,South Carolina,United States,/player/Tarence-Kinsey/Summary/344,,122.0,,0.524,0.487,4.4,11.1,7.7,13.0,14.6,2.9,1.3,23.0,151.6,-2.4,1.2,104.7,98.8,16.0,2006,-61,327,8
61,Jeremy Richardson,,SF,6-7,185,22,Delta State,United States,/player/Jeremy-Richardson/Summary/309,,,,,,,,,,,,,,,,,,,,2006,-61,87,11
61,Thomas Gardner,,G,6-5,225,21,Missouri,United States,/player/Thomas-Gardner/Summary/325,,89.0,,0.524,0.492,3.5,7.7,5.6,12.6,14.6,1.6,0.1,24.7,150.8,-3.6,1.2,103.4,107.9,13.7,2006,-61,219,6
61,Chris Hunter,,F-C,6-11,240,21,Michigan,United States,/player/Chris-Hunter/Summary/1595,,105.0,,0.552,0.496,8.8,14.8,11.9,6.0,18.8,1.6,5.2,22.0,153.1,-6.3,1.4,103.6,98.3,15.3,2006,-61,211,3
61,Larry Owens,,SF,6-7,215,23,Oral Roberts,United States,/player/Larry-Owens/Summary/1793,,66.0,,0.575,0.57,8.4,14.3,11.4,18.8,19.6,3.6,3.7,19.8,145.1,-1.6,1.4,111.5,96.4,22.2,2006,-61,266,11
61,Justin Williams,,C,6-10,260,22,Wyoming,United States,/player/Justin-Williams/Summary/351,,58.0,,0.554,0.538,10.5,16.0,13.3,5.0,19.7,1.1,16.5,20.7,111.2,-7.7,1.4,103.7,95.9,24.0,2006,-61,420,0
61,Cedric Bozeman,,G,6-6,215,23,UCLA,United States,/player/Cedric-Bozeman/Summary/1083,,80.0,,0.501,0.477,2.5,11.1,7.0,23.6,23.8,1.5,0.2,17.2,139.2,0.4,1.2,97.2,102.5,10.5,2006,-61,373,6
61,Mike Hall,,F,6-8,230,22,George Washington,United States,/player/Mike-Hall/Summary/1139,,117.0,,0.588,0.544,11.2,17.4,14.3,10.6,12.7,1.8,1.5,15.3,163.4,-0.2,1.4,126.2,98.1,17.6,2006,-61,123,2
61,Robert Hite,,SG,6-2,184,22,Miami (FL),United States,/player/Robert-Hite/Summary/331,,121.0,,0.556,0.523,4.6,14.0,9.2,11.2,11.3,3.1,1.0,24.5,167.5,-2.3,1.2,115.2,98.5,20.0,2006,-61,210,12
61,Dontell Jefferson,,G,6-5,195,22,Arkansas,United States,/player/Dontell-Jefferson/Summary/929,,62.0,,0.49,0.438,2.9,12.1,7.5,28.5,35.2,3.3,1.5,14.4,133.6,0.9,1.2,91.3,93.3,10.4,2006,-61,19,6
61,Pooh Jeter,,G,5-11,176,22,Portland,United States/Ukraine,/player/Pooh-Jeter/Summary/1056,,115.0,,0.556,0.497,1.6,7.8,4.6,22.0,15.6,2.7,-,25.8,164.1,-1.6,1.3,107.5,108.5,18.2,2006,-61,289,6
61,Squeaky Johnson,,G,5-10,180,23,UAB,United States,/player/Squeaky-Johnson/Summary/1760,,96.0,,0.537,0.512,2.2,6.4,4.3,28.9,23.2,4.7,-,11.6,152.9,6.0,1.2,112.7,96.9,13.4,2006,-61,367,6
61,Chris McCray,,G,6-5,205,22,Maryland,United States,/player/Chris-McCray/Summary/1027,,103.0,,0.588,0.528,4.4,9.4,6.9,17.5,16.7,3.4,1.8,19.1,164.7,-0.5,1.4,116.8,95.1,17.8,2006,-61,204,6
61,Allan Ray,,G,6-2,206,22,Villanova,United States,/player/Allan-Ray/Summary/1091,,131.0,,0.548,0.503,2.3,9.7,6.0,13.5,13.3,2.0,0.5,26.2,159.2,-3.1,1.3,112.1,100.3,17.0,2006,-61,396,6
61,Walker Russell,,PG,6-0,175,23,Jacksonville State,United States,/player/Walker-Russell/Summary/1967,,86.0,,0.571,0.495,1.5,7.8,4.6,37.1,25.2,3.6,0.3,22.8,166.2,1.7,1.4,107.3,110.9,19.4,2006,-61,162,10
61,Steven Smith,,PF,6-9,255,23,La Salle,United States,/player/Steven-Smith/Summary/1057,,106.0,,0.546,0.5,8.1,18.1,13.2,12.4,16.6,2.1,2.2,29.1,158.0,-6.4,1.3,104.1,99.9,19.9,2006,-61,177,9
61,Darius Washington,,PG,6-2,196,20,Memphis,United States/North Macedonia,/player/Darius-Washington/Summary/329,,73.0,,0.554,0.501,3.2,7.4,5.3,23.0,20.5,2.7,0.3,24.9,157.2,-3.3,1.3,106.8,97.2,16.6,2006,-61,208,10
61,Kenny Adeleke,,F,6-8,210,23,Hartford,United States/Nigeria,/player/Kenny-Adeleke/Summary/1165,,86.0,,0.542,0.521,16.4,22.4,19.3,6.6,19.4,1.8,4.0,28.6,122.0,-9.9,1.3,102.0,96.8,21.6,2006,-61,138,2
61,Akin Akingbala,,PF,6-10,224,23,Clemson,Nigeria,/player/Akin-Akingbala/Summary/4850,,104.0,,0.583,0.589,11.6,20.9,16.1,6.3,20.1,2.2,5.0,19.1,162.3,-6.0,1.5,105.5,93.4,18.2,2006,-61,74,9
61,Rod Benson,,FC,6-10,235,21,California,United States,/player/Rod-Benson/Summary/1756,,84.0,,0.541,0.518,8.1,11.5,9.8,8.2,16.8,1.5,3.3,23.2,115.6,-5.7,1.3,103.2,107.6,18.1,2006,-61,63,5
61,Brandon Bowman,,F,6-9,223,21,Georgetown,United States,/player/Brandon-Bowman/Summary/1891,,127.0,,0.529,0.492,7.2,16.5,11.9,13.6,17.8,2.7,2.9,24.4,146.2,-4.5,1.2,101.7,94.1,16.6,2006,-61,124,2
61,Evan Brock,,F,6-9,220,22,Alabama,United States,/player/Evan-Brock/Summary/5516,,106.0,,0.476,0.418,8.0,12.2,10.2,9.1,23.1,1.9,1.4,14.7,103.0,-3.4,1.3,95.6,100.9,9.3,2006,-61,8,2
61,Nik Caner-Medley,,F,6-8,225,22,Maryland,United States/Azerbaijan,/player/Nik-Caner-Medley/Summary/1732,,127.0,,0.545,0.506,7.3,12.0,9.7,11.7,14.6,2.2,2.4,21.4,153.9,-2.6,1.3,110.1,97.0,17.1,2006,-61,204,2
61,Milone Clark,,G,6-4,215,22,Tennessee Tech,United States,/player/Milone-Clark/Summary/2042,,120.0,,0.567,0.531,6.3,10.5,8.4,9.7,18.2,2.2,1.7,18.7,157.9,-4.1,1.3,109.3,103.9,16.5,2006,-61,351,6
61,Chris Ellis,,F,6-9,265,22,Wake Forest,United States,/player/Chris-Ellis/Summary/1899,,112.0,,0.595,0.562,10.4,14.4,12.5,4.8,19.4,0.8,4.9,13.3,164.5,-3.6,1.5,115.7,102.2,13.2,2006,-61,405,2
61,Michael Fey,,C,7-0,270,23,UCLA,United States,/player/Michael-Fey/Summary/3453,,95.0,,0.578,0.546,8.9,9.3,9.1,4.6,14.8,0.9,3.0,18.4,124.4,-4.2,1.4,113.1,106.8,15.7,2006,-61,373,0
61,Mike Gansey,,G,6-4,205,23,West Virginia,United States,/player/Mike-Gansey/Summary/1059,,95.0,,0.619,0.603,7.0,14.1,10.5,14.0,10.1,2.9,1.0,21.4,162.6,0.3,1.4,123.9,101.8,22.0,2006,-61,410,6
61,Taj Gray,,PF,6-9,238,22,Oklahoma,United States,/player/Taj-Gray/Summary/1876,,62.0,,0.595,0.562,12.8,20.5,16.6,9.0,17.2,2.3,6.1,25.5,123.9,-6.2,1.5,113.8,91.7,24.8,2006,-61,260,9
61,Vincent Grier,,GF,6-5,207,23,Minnesota,United States,/player/Vincent-Grier/Summary/1113,,86.0,,0.523,0.472,5.2,15.1,10.0,16.3,15.2,3.5,0.8,24.7,140.7,-2.6,1.3,104.5,95.0,17.9,2006,-61,217,8
61,Dan Grunfeld,,GF,6-6,215,22,Stanford,United States/Romania,/player/Dan-Grunfeld/Summary/900,,116.0,,0.537,0.482,5.1,10.9,8.1,14.0,12.1,1.4,0.6,23.3,153.1,-1.2,1.3,113.1,101.1,17.2,2006,-61,338,8
61,Matt Haryasz,,F,6-11,230,22,Stanford,United States,/player/Matt-Haryasz/Summary/2033,,122.0,,0.532,0.48,8.8,17.3,13.2,7.0,12.9,1.4,5.0,22.8,148.0,-3.8,1.3,110.0,95.9,19.8,2006,-61,338,2
61,Antoine Hood,,G,6-4,185,22,Air Force,United States,/player/Antoine-Hood/Summary/2043,,118.0,,0.605,0.582,3.4,7.1,5.3,14.4,14.8,3.1,0.6,23.2,158.2,-2.2,1.4,113.1,105.9,20.0,2006,-61,4,6
61,Daniel Horton,,SG,6-3,200,22,Michigan,United States,/player/Daniel-Horton/Summary/1058,,110.0,,0.53,0.483,1.4,7.8,4.7,28.4,19.6,3.0,1.0,26.5,154.9,-1.4,1.2,102.8,99.0,15.9,2006,-61,211,12
61,Ron Howard,,GF,6-5,185,23,Valparaiso,United States,/player/Ron-Howard/Summary/908,,79.0,,0.562,0.519,3.1,8.0,5.6,22.3,20.0,2.9,0.1,23.3,155.4,-2.2,1.4,106.0,109.1,16.8,2006,-61,393,8
61,Gerry McNamara,,G,6-2,182,22,Syracuse,United States,/player/Gerry-McNamara/Summary/947,,135.0,,0.548,0.494,1.7,5.7,3.8,24.4,16.5,3.1,0.2,23.1,161.7,1.1,1.2,113.2,101.3,17.2,2006,-61,344,6
61,Paul Miller,,C,6-10,245,23,Wichita State,United States,/player/Paul-Miller/Summary/1043,,129.0,,0.548,0.502,8.3,19.0,13.9,7.7,14.6,1.0,2.3,23.9,123.8,-4.8,1.3,106.8,97.7,17.3,2006,-61,414,0
61,Dwayne Mitchell,,G,6-6,210,23,Louisiana,United States,/player/Dwayne-Mitchell/Summary/893,,85.0,,0.563,0.55,7.4,15.7,11.7,22.6,25.0,3.2,1.3,21.6,139.7,-3.4,1.4,101.8,94.7,16.3,2006,-61,191,6
61,Andre Patterson,,F,6-8,215,23,Tennessee,United States,/player/Andre-Patterson/Summary/5932,,85.0,,0.552,0.537,10.4,19.3,14.9,9.8,20.4,2.1,4.7,18.7,136.0,-4.2,1.3,103.4,99.8,15.8,2006,-61,349,2
61,Aaron Pettway,,PF,6-10,240,26,Oklahoma State,United States,/player/Aaron-Pettway/Summary/1886,,35.0,,0.477,0.483,6.2,14.1,10.5,5.3,47.3,1.7,9.7,16.0,91.1,-13.5,1.2,60.2,90.9,2.9,2006,-61,261,9
61,Kevin Pittsnogle,,C,6-11,250,21,West Virginia,United States,/player/Kevin-Pittsnogle/Summary/1092,,128.0,,0.583,0.557,6.6,14.1,10.3,8.6,10.3,1.7,3.4,26.7,168.6,-2.8,1.3,112.0,102.3,20.9,2006,-61,410,0
61,Antywane Robinson,,F,6-8,220,21,Temple,United States,/player/Antywane-Robinson/Summary/934,,116.0,,0.504,0.487,5.9,14.2,9.8,6.2,5.6,1.7,2.9,15.5,145.0,0.3,1.1,117.3,103.6,14.9,2006,-61,348,2
61,Dawan Robinson,,G,6-2,195,24,Rhode Island,United States,/player/Dawan-Robinson/Summary/1850,,92.0,,0.515,0.471,2.1,11.8,6.9,25.4,18.2,3.5,0.6,28.1,146.5,-3.1,1.2,101.3,97.3,17.5,2006,-61,300,6
61,Marcus Slaughter,,PF,6-9,230,21,San Diego State,United States,/player/Marcus-Slaughter/Summary/891,,87.0,,0.553,0.488,8.4,13.9,11.1,9.0,15.8,3.0,3.4,24.4,147.5,-5.8,1.4,111.3,106.0,25.6,2006,-61,316,9
61,Curtis Stinson,,SG,6-3,215,23,Iowa State,United States,/player/Curtis-Stinson/Summary/1872,,94.0,,0.513,0.486,5.4,12.4,8.8,27.8,17.0,3.5,0.3,28.1,143.3,-0.9,1.2,102.4,98.0,19.4,2006,-61,159,12
61,Doug Thomas,,F,6-9,245,22,Iowa,United States,/player/Doug-Thomas/Summary/1715,,66.0,,0.522,0.498,10.4,19.5,15.1,4.6,17.4,2.0,3.9,16.2,108.8,-4.0,1.3,102.0,89.2,13.8,2006,-61,158,2
61,Eric Williams,,PF,6-9,280,22,Wake Forest,United States,/player/Eric-Williams/Summary/2017,,124.0,,0.599,0.596,11.2,16.7,14.1,5.4,15.0,2.2,3.5,23.8,117.5,-5.7,1.5,114.9,99.2,21.8,2006,-61,405,9
61,Charles Lee,,G,6-3,210,21,Bucknell,United States,/player/Charles-Lee/Summary/2031,,104.0,,0.561,0.504,6.5,17.9,12.5,17.9,20.9,3.7,1.0,23.7,158.1,-4.5,1.4,104.2,87.6,18.1,2006,-61,51,6
61,Jared Newson,,G,6-5,215,21,Tennessee-Martin,United States,/player/Jared-Newson/Summary/1983,,83.0,,0.532,0.475,5.9,12.7,9.3,9.0,13.2,3.3,1.9,26.7,151.6,-5.2,1.3,107.3,108.1,22.3,2006,-61,352,6
1,Anthony Davis,NOP,PF,6-10,253,19,Kentucky,United States,/player/Anthony-Davis/Summary/13305,,40.0,,0.654,0.628,11.3,24.2,18.2,7.5,8.6,2.5,13.8,18.8,148.3,-0.6,1.7,138.8,79.3,33.3,2012,-1,174,9
2,Michael Kidd-Gilchrist,CHA,SF,6-7,232,18,Kentucky,United States,/player/Michael-Kidd-Gilchrist/Summary/9290,,40.0,,0.57,0.511,10.1,16.3,13.4,10.8,17.3,1.9,2.8,20.6,149.0,-3.0,1.5,115.3,90.7,20.7,2012,-2,174,11
3,Bradley Beal,WAS,SG,6-4,207,19,Florida,United States,/player/Bradley-Beal/Summary/24148,,37.0,,0.575,0.525,4.7,18.3,11.6,12.7,14.3,2.5,2.6,22.9,155.3,-2.0,1.4,115.4,95.5,21.6,2012,-3,108,12
4,Dion Waiters,CLE,SG,6-4,215,20,Syracuse,United States,/player/Dion-Waiters/Summary/9280,,71.0,,0.551,0.516,2.4,8.2,5.4,19.8,11.1,4.4,1.3,25.1,155.5,1.2,1.3,115.6,93.8,22.1,2012,-4,344,12
5,Thomas Robinson,SAC,PF,6-10,235,21,Kansas,United States,/player/Thomas-Robinson/Summary/2383,,105.0,,0.55,0.529,13.7,29.2,22.0,10.4,15.6,1.9,3.9,28.0,163.0,-5.4,1.4,108.6,84.8,24.0,2012,-5,172,9
6,Damian Lillard,POR,G,6-2,195,21,Weber State,United States,/player/Damian-Lillard/Summary/13809,,104.0,,0.606,0.54,1.6,14.1,8.1,24.2,13.4,2.4,0.7,28.7,170.3,-0.1,1.5,120.5,99.6,24.9,2012,-6,408,6
7,Harrison Barnes,GOS,SF,6-8,225,20,North Carolina,United States,/player/Harrison-Barnes/Summary/2372,,75.0,,0.525,0.487,7.1,11.9,9.5,8.3,11.1,1.7,1.3,27.4,151.5,-3.5,1.2,109.8,95.5,19.1,2012,-7,242,11
8,Terrence Ross,TOR,SF,6-7,206,21,Washington,United States,/player/Terrence-Ross/Summary/9339,,69.0,,0.557,0.536,5.0,15.7,10.3,9.2,11.0,2.1,2.6,23.8,158.0,-2.2,1.2,115.1,96.4,19.9,2012,-8,406,11
9,Andre Drummond,DET,C,6-11,279,18,UConn,United States,/player/Andre-Drummond/Summary/24241,,34.0,,0.509,0.538,13.9,15.6,14.8,3.4,13.5,1.8,9.9,20.8,83.3,-4.6,1.2,103.4,95.8,20.9,2012,-9,374,0
10,Austin Rivers,NOP,SG,6-4,200,19,Duke,United States,/player/Austin-Rivers/Summary/9291,,34.0,,0.538,0.505,2.2,9.2,5.8,13.0,13.9,1.7,0.1,25.2,145.5,-2.8,1.3,108.0,102.9,16.2,2012,-10,93,12
11,Meyers Leonard,POR,C,7-0,260,20,Illinois,United States,/player/Meyers-Leonard/Summary/9270,,65.0,,0.601,0.569,8.1,20.2,14.4,7.9,18.4,1.0,6.3,21.1,138.0,-5.0,1.4,108.6,95.7,18.5,2012,-11,151,0
12,Jeremy Lamb,HOU,SG,6-5,180,20,UConn,United States,/player/Jeremy-Lamb/Summary/22394,,75.0,,0.58,0.553,3.9,11.7,8.0,11.2,11.6,2.0,1.9,22.1,163.6,-1.6,1.3,118.1,100.3,20.0,2012,-12,374,12
13,Kendall Marshall,PHX,PG,6-4,195,20,North Carolina,United States,/player/Kendall-Marshall/Summary/7113,,73.0,,0.541,0.505,0.6,7.5,4.1,43.2,28.5,2.2,0.4,14.7,150.5,8.7,1.3,109.5,97.0,15.1,2012,-13,242,10
14,John Henson,MIL,PF,6-11,219,21,North Carolina,United States,/player/John-Henson/Summary/2209,,109.0,,0.501,0.5,10.8,23.5,17.3,7.9,12.9,1.4,10.4,22.7,119.0,-3.4,1.2,103.8,87.6,21.8,2012,-14,242,9
15,Maurice Harkless,PHL,F,6-7,220,19,St. John's,United States/Puerto Rico,/player/Maurice-Harkless/Summary/24180,,32.0,,0.504,0.472,8.4,18.2,13.3,9.6,14.0,2.6,4.2,24.9,134.3,-4.3,1.2,102.1,100.3,20.2,2012,-15,337,2
16,Royce White,HOU,PF,6-8,268,21,Iowa State,United States,/player/Royce-White/Summary/2542,,34.0,,0.536,0.54,9.5,24.4,17.1,34.5,23.4,2.2,3.0,26.5,136.4,-1.6,1.4,103.3,94.2,21.8,2012,-16,159,9
17,Tyler Zeller,DAL,C,7-0,250,22,North Carolina,United States,/player/Tyler-Zeller/Summary/2175,,117.0,,0.596,0.543,12.3,17.4,14.9,4.9,11.6,1.6,4.7,24.1,131.7,-4.1,1.5,122.0,92.8,25.3,2012,-17,242,0
18,Terrence Jones,HOU,PF,6-9,255,20,Kentucky,United States,/player/Terrence-Jones/Summary/7109,,76.0,,0.526,0.493,9.7,19.5,14.8,9.5,11.9,2.4,5.9,25.4,143.4,-2.8,1.3,111.5,88.2,23.7,2012,-18,174,9
19,Andrew Nicholson,ORL,F,6-9,250,22,St. Bonaventure,Canada,/player/Andrew-Nicholson/Summary/10813,,123.0,,0.616,0.585,9.1,18.9,14.2,6.0,14.8,1.0,7.1,27.8,167.2,-6.6,1.5,114.6,97.6,25.0,2012,-19,336,2
20,Evan Fournier,DEN,SG,6-6,205,19,Poitiers Basket 86 (France),France,/player/Evan-Fournier/Summary/24346,Jeep Elite,30.0,18.0,0.529,0.48,5.2,10.6,7.8,17.9,14.0,3.3,0.5,28.5,145.6,-2.7,1.2,104.4,108.5,17.6,2012,-20,288,12
21,Jared Sullinger,BOS,C,6-9,260,20,Ohio State,United States,/player/Jared-Sullinger/Summary/2375,,74.0,,0.591,0.541,13.1,24.6,18.9,8.0,10.7,2.1,3.0,27.5,162.9,-3.2,1.5,123.8,87.5,28.3,2012,-21,259,0
22,Fab Melo,BOS,C,7-0,255,22,Syracuse,Brazil,/player/Fab-Melo/Summary/7105,,63.0,,0.577,0.576,10.9,13.6,12.3,4.8,20.2,1.4,11.7,15.7,112.9,-4.6,1.4,107.0,92.3,16.8,2012,-22,344,0
23,John Jenkins,ATL,SG,6-4,206,21,Vanderbilt,United States,/player/John-Jenkins/Summary/2377,,98.0,,0.648,0.607,1.7,8.1,5.1,8.2,9.2,1.3,0.9,24.1,176.2,-1.9,1.5,129.1,103.5,22.1,2012,-23,394,12
24,Jared Cunningham,CLE,SG,6-4,194,21,Oregon State,United States,/player/Jared-Cunningham/Summary/6804,,98.0,,0.576,0.505,4.1,8.9,6.4,15.2,18.5,4.7,1.0,24.9,155.4,-4.5,1.5,107.5,98.4,19.1,2012,-24,268,12
25,Tony Wroten,MEM,PG,6-6,205,19,Washington,United States,/player/Tony-Wroten/Summary/24154,,35.0,,0.488,0.453,8.1,9.7,8.9,24.5,18.7,3.5,1.2,31.2,118.7,-4.1,1.3,98.7,97.0,19.9,2012,-25,406,10
26,Miles Plumlee,IND,C,6-11,249,23,Duke,United States,/player/Miles-Plumlee/Summary/3654,,135.0,,0.586,0.574,13.1,20.9,17.1,4.4,20.2,1.8,4.0,16.0,218.4,-5.0,1.4,111.7,89.7,17.0,2012,-26,93,0
27,Arnett Moultrie,MIA,PF,6-11,250,21,Mississippi State,United States,/player/Arnett-Moultrie/Summary/8265,,100.0,,0.557,0.528,11.0,20.1,15.5,6.7,16.7,1.9,3.0,20.4,147.7,-4.6,1.3,107.8,95.6,18.2,2012,-27,218,9
28,Perry Jones,OKC,PF,6-11,235,20,Baylor,United States,/player/Perry-Jones/Summary/7116,,63.0,,0.558,0.531,10.6,17.2,14.0,8.3,13.9,1.3,2.6,22.5,147.9,-3.7,1.3,112.9,97.4,19.5,2012,-28,37,9
29,Marquis Teague,CHI,PG,6-2,180,19,Kentucky,United States,/player/Marquis-Teague/Summary/9305,,40.0,,0.491,0.449,1.6,6.7,4.4,25.6,21.1,1.7,0.8,20.2,145.1,1.4,1.1,101.4,97.3,13.0,2012,-29,174,10
30,Festus Ezeli,GOS,C,6-11,265,22,Vanderbilt,Nigeria,/player/Festus-Ezeli/Summary/5962,,121.0,,0.577,0.562,12.2,16.2,14.3,1.8,19.4,1.1,9.5,23.7,114.6,-8.6,1.6,104.4,94.6,19.5,2012,-30,394,0
31,Jeffery Taylor,CHA,SF,6-7,225,23,Vanderbilt,Sweden,/player/Jeffery-Taylor/Summary/4807,,134.0,,0.562,0.524,8.8,13.0,11.0,14.3,15.5,2.2,1.5,25.9,153.4,-3.6,1.4,111.3,98.1,20.3,2012,-31,394,11
32,Tomas Satoransky,WAS,PG,6-7,210,20,Real Betis Baloncesto (Spain),Czech Republic,/player/Tomas-Satoransky/Summary/24374,All Leagues,38.0,9.0,0.519,0.477,4.5,11.9,8.0,13.8,22.0,1.7,0.5,17.1,141.6,-2.9,1.2,97.9,106.9,8.9,2012,-32,298,10
33,Bernard James,CLE,PF,6-10,230,27,Florida State,United States,/player/Bernard-James/Summary/23527,,69.0,,0.613,0.627,12.6,19.3,16.1,3.1,18.3,1.9,11.2,19.7,115.5,-6.3,1.5,110.7,86.0,23.1,2012,-33,111,9
34,Jae Crowder,CLE,SF,6-6,235,21,Marquette,United States,/player/Jae-Crowder/Summary/22407,,72.0,,0.584,0.56,8.1,19.9,14.2,12.5,7.6,3.6,3.2,22.0,152.5,0.6,1.4,125.2,90.6,25.4,2012,-34,202,11
35,Draymond Green,GOS,F,6-6,230,22,Michigan State,United States,/player/Draymond-Green/Summary/2369,,145.0,,0.543,0.506,9.4,25.6,17.7,24.4,16.5,3.0,3.7,23.6,151.5,0.2,1.3,112.2,88.3,23.3,2012,-35,212,2
36,Orlando Johnson,SAC,GF,6-5,220,23,UC Santa Barbara,United States,/player/Orlando-Johnson/Summary/8391,,124.0,,0.566,0.526,7.0,14.0,10.6,21.3,14.2,1.8,2.0,30.5,156.8,-3.0,1.4,110.8,102.1,23.0,2012,-36,370,8
37,Quincy Acy,TOR,F,6-7,240,21,Baylor,United States,/player/Quincy-Acy/Summary/4130,,139.0,,0.635,0.604,10.8,17.0,14.0,4.9,16.7,1.8,5.6,18.6,173.9,-4.6,1.6,120.5,95.6,21.0,2012,-37,37,2
38,Quincy Miller,DEN,PF,6-11,210,19,Baylor,United States,/player/Quincy-Miller/Summary/24146,,37.0,,0.541,0.485,7.5,16.1,12.0,11.6,15.4,1.7,2.9,23.9,161.0,-3.4,1.3,110.2,97.7,18.7,2012,-38,37,9
39,Khris Middleton,DET,SF,6-7,222,20,Texas A&M,United States,/player/Khris-Middleton/Summary/4294,,87.0,,0.534,0.489,7.0,14.1,10.5,18.2,15.9,2.5,0.9,25.3,152.0,-2.7,1.2,107.3,96.1,18.6,2012,-39,354,11
40,Will Barton,POR,GF,6-5,181,21,Memphis,United States,/player/Will-Barton/Summary/9269,,70.0,,0.549,0.517,6.4,16.1,11.5,18.5,14.5,2.6,1.9,24.8,150.4,-1.3,1.3,110.3,94.4,20.5,2012,-40,208,8
41,Tyshawn Taylor,POR,G,6-3,185,22,Kansas,United States/Vietnam,/player/Tyshawn-Taylor/Summary/2323,,146.0,,0.566,0.529,1.4,7.2,4.5,25.6,21.3,2.5,0.8,21.7,155.5,0.1,1.4,107.4,96.6,15.6,2012,-41,172,6
42,Doron Lamb,MIL,SG,6-4,210,20,Kentucky,United States,/player/Doron-Lamb/Summary/7107,,78.0,,0.627,0.589,1.7,6.9,4.4,10.0,10.4,1.1,0.3,19.9,177.1,-0.6,1.5,127.6,100.3,17.9,2012,-42,174,12
43,Mike Scott,ATL,PF,6-8,237,23,Virginia,United States,/player/Mike-Scott/Summary/3753,,130.0,,0.575,0.529,11.5,20.8,16.1,8.3,13.6,1.5,1.6,23.3,166.0,-3.8,1.4,114.6,97.8,21.3,2012,-43,397,9
44,Kim English,DET,SG,6-6,200,23,Missouri,United States,/player/Kim-English/Summary/4216,,141.0,,0.551,0.517,3.1,11.1,7.1,10.7,14.2,2.5,0.8,23.6,153.9,-2.9,1.3,107.2,97.7,16.5,2012,-44,219,12
45,Justin Hamilton,PHL,C,7-0,255,22,LSU,United States/Croatia,/player/Justin-Hamilton/Summary/9475,,96.0,,0.58,0.538,12.3,14.4,13.4,4.6,13.4,1.0,4.6,18.6,152.6,-3.5,1.4,116.0,98.5,18.5,2012,-45,176,0
46,Darius Miller,NOP,GF,6-8,225,22,Kentucky,United States,/player/Darius-Miller/Summary/2364,,152.0,,0.569,0.537,4.7,9.4,7.2,13.2,16.3,1.8,2.6,17.2,164.2,-0.8,1.3,114.0,96.4,14.7,2012,-46,174,8
47,Kevin Murphy,UTH,GF,6-5,185,22,Tennessee Tech,United States,/player/Kevin-Murphy/Summary/11827,,128.0,,0.542,0.503,3.6,13.4,8.6,14.6,17.0,1.7,0.7,29.5,154.9,-5.8,1.3,103.3,104.9,17.8,2012,-47,351,8
48,Kostas Papanikolaou,NYK,PF,6-8,225,21,Olympiacos (Greece),Greece,/player/Kostas-Papanikolaou/Summary/25005,All Leagues,54.0,34.0,0.597,0.565,7.5,19.1,13.3,5.8,9.6,2.3,1.6,15.5,152.1,-0.9,1.4,123.4,97.0,15.8,2012,-48,264,9
49,Kyle O'Quinn,ORL,F,6-10,250,22,Norfolk State,United States,/player/Kyle-OQuinn/Summary/19543,,132.0,,0.601,0.576,10.8,23.7,17.4,8.0,16.4,1.1,8.4,22.1,150.0,-5.0,1.5,113.8,95.8,23.3,2012,-49,241,2
50,Izzet Turkyilmaz,DEN,C,7-0,211,22,Teksut Bandirma (Turkey),Turkey,/player/Izzet-Turkyilmaz/Summary/28018,All Leagues,36.0,5.0,0.498,0.478,9.9,18.4,14.5,6.3,18.9,2.1,8.7,15.8,123.5,-3.4,1.2,98.5,98.8,13.2,2012,-50,347,0
51,Kris Joseph,BOS,SF,6-7,210,23,Syracuse,Canada/Trinidad and Tobago,/player/Kris-Joseph/Summary/6525,,140.0,,0.546,0.5,5.8,12.5,9.4,9.8,13.8,2.8,2.0,20.9,148.2,-2.1,1.3,111.6,95.3,17.7,2012,-51,344,11
52,Ognen Kuzmic,GOS,C,7-1,251,22,Unicaja (Spain),Bosnia and Herzegovina/Serbia,/player/Ognen-Kuzmic/Summary/30145,All Leagues,36.0,33.0,0.561,0.534,17.2,26.6,21.9,6.5,19.0,1.5,7.5,22.0,120.5,-7.1,1.3,105.8,98.4,21.4,2012,-52,383,0
53,Furkan Aldemir,LAC,PF,6-10,240,20,Galatasaray (Turkey),Turkey,/player/Furkan-Aldemir/Summary/24373,All Leagues,52.0,32.0,0.624,0.582,14.2,27.6,21.0,5.5,13.5,1.6,4.0,18.3,125.9,-3.0,1.6,122.9,100.4,19.9,2012,-53,120,9
54,Tornike Shengelia,PHL,PF,6-9,220,20,Proximus Spirou Charleroi (Belgium),Georgia,/player/Tornike-Shengelia/Summary/24387,All Leagues,41.0,36.0,0.512,0.476,8.2,22.5,15.3,11.0,17.4,2.5,1.5,26.1,137.1,-5.6,1.2,96.4,100.2,14.4,2012,-54,292,9
55,Darius Johnson-Odom,DAL,SG,6-2,220,22,Marquette,United States,/player/Darius-Johnson-Odom/Summary/6156,,105.0,,0.564,0.532,2.1,9.5,5.8,17.1,13.2,1.7,0.5,26.4,156.9,-1.5,1.3,110.6,101.6,18.1,2012,-55,202,12
56,Tomislav Zubcic,TOR,C,6-10,230,22,KK Cibona (Croatia),Croatia,/player/Tomislav-Zubcic/Summary/2427,All Leagues,50.0,25.0,0.552,0.468,9.5,16.9,13.2,11.2,18.4,3.2,0.9,23.8,147.9,-4.7,1.3,105.6,105.0,15.3,2012,-56,166,0
57,Ilkan Karaman,BRK,F,6-8,254,22,Pinar Karsiyaka (Turkey),Turkey,/player/Ilkan-Karaman/Summary/26136,All Leagues,46.0,38.0,0.543,0.532,9.1,27.2,18.4,7.9,14.5,1.4,3.1,23.2,136.4,-4.0,1.2,105.2,104.9,17.0,2012,-57,284,2
58,Robbie Hummel,MIN,F,6-8,220,23,Purdue,United States,/player/Robbie-Hummel/Summary/2309,,127.0,,0.577,0.525,7.3,19.6,13.4,15.1,8.2,2.1,3.3,22.9,167.3,1.1,1.3,124.6,92.0,24.1,2012,-58,293,2
59,Marcus Denmon,SAN,G,6-3,185,22,Missouri,United States,/player/Marcus-Denmon/Summary/4218,,141.0,,0.596,0.563,4.1,10.9,7.5,12.2,8.6,2.8,0.4,22.0,165.6,0.5,1.4,124.2,97.5,21.5,2012,-59,219,6
60,Robert Sacre,LAL,C,7-0,270,23,Gonzaga,Canada/United States,/player/Robert-Sacre/Summary/8333,,136.0,,0.575,0.504,10.3,16.2,13.5,6.0,16.6,1.4,6.9,22.8,148.8,-5.5,1.6,112.3,92.3,20.2,2012,-60,131,0
61,Kent Bazemore,,GF,6-4,195,22,Old Dominion,United States,/player/Kent-Bazemore/Summary/18858,,140.0,,0.51,0.49,5.9,14.3,10.0,22.1,18.7,4.3,2.2,23.9,136.2,-2.0,1.2,101.8,89.5,18.9,2012,-61,262,8
61,JaMychal Green,,PF,6-9,227,22,Alabama,United States,/player/JaMychal-Green/Summary/2187,,123.0,,0.564,0.52,13.0,18.1,15.6,10.4,17.5,2.3,7.0,27.4,140.6,-6.6,1.4,108.4,90.8,24.3,2012,-61,8,9
61,Chris Johnson,,SF,6-6,206,22,Dayton,United States,/player/Chris-Johnson/Summary/9587,,138.0,,0.58,0.536,10.3,17.7,13.9,9.2,11.1,1.9,1.7,21.0,162.6,-1.8,1.3,121.8,94.8,21.0,2012,-61,84,11
61,Henry Sims,,C,6-10,248,22,Georgetown,United States,/player/Henry-Sims/Summary/2371,,121.0,,0.524,0.481,8.3,17.1,13.0,18.1,21.9,1.4,5.6,21.2,125.1,-2.7,1.3,101.4,95.7,15.9,2012,-61,124,0
61,Jorge Gutierrez,,PG,6-3,195,23,California,Mexico/United States,/player/Jorge-Gutierrez/Summary/6724,,129.0,,0.528,0.474,3.5,13.6,8.8,23.0,19.0,2.6,0.5,21.8,150.7,0.2,1.3,104.8,98.8,15.5,2012,-61,63,10
61,James Nunnally,,F,6-7,220,21,UC Santa Barbara,United States,/player/James-Nunnally/Summary/16887,,123.0,,0.588,0.542,4.2,16.5,10.6,15.8,16.2,1.2,0.8,25.0,163.5,-3.3,1.4,111.2,100.2,18.7,2012,-61,370,2
61,Mike James,,PG,6-1,190,21,Lamar,United States,/player/Mike-James/Summary/22959,,56.0,,0.532,0.494,3.3,8.5,5.9,16.6,11.8,3.2,0.5,28.9,158.4,-2.4,1.2,110.7,97.7,21.6,2012,-61,179,10
61,Scott Machado,,G,6-1,201,22,Iona,United States/Brazil,/player/Scott-Machado/Summary/18146,,132.0,,0.534,0.479,3.0,11.5,7.2,41.7,22.6,2.7,0.5,23.9,151.1,3.6,1.3,106.9,98.0,18.2,2012,-61,157,6
61,Joshua Magette,,PG,6-1,160,22,Alabama-Huntsville,United States,/player/Joshua-Magette/Summary/33561,,33.0,,0.616,0.569,-,-,-,-,21.5,-,-,-,172.5,-,1.5,-,-,-,2012,-61,10,10
61,Toure' Murry,,G,6-5,200,22,Wichita State,United States,/player/Toure-Murry/Summary/7565,,139.0,,0.51,0.458,4.8,14.1,9.6,21.9,18.4,2.8,1.2,24.4,147.9,-1.4,1.2,103.1,94.5,17.0,2012,-61,414,6
61,C.J. Williams,,SG,6-5,234,22,NC State,United States,/player/CJ-Williams/Summary/3773,,128.0,,0.531,0.512,4.9,8.7,6.9,11.5,15.0,1.7,1.6,16.0,150.2,-0.8,1.1,106.6,104.1,12.4,2012,-61,232,12
61,DeQuan Jones,,SF,6-8,221,22,Miami (FL),United States,/player/DeQuan-Jones/Summary/2365,,111.0,,0.48,0.451,6.9,12.4,9.7,6.7,18.9,2.0,3.6,20.7,124.1,-5.7,1.1,92.9,98.6,12.1,2012,-61,210,11
61,Nicolas Laprovittola,,PG,6-4,180,22,Lanus (Argentina),Argentina,/player/Nicolas-Laprovittola/Summary/25038,Liga A,48.0,23.0,0.621,0.558,1.8,11.3,6.5,22.8,22.4,2.2,0.2,18.3,164.8,0.6,1.5,112.6,105.5,15.9,2012,-61,180,10
61,Chris Smith,,G,6-2,195,24,Louisville,United States,/player/Chris-Smith/Summary/6119,,125.0,,0.51,0.475,5.0,12.8,8.8,13.4,12.9,1.8,0.4,21.3,145.7,-1.3,1.2,106.1,98.6,15.0,2012,-61,193,6
61,Casper Ware,,G,5-10,175,22,Long Beach State,United States,/player/Casper-Ware/Summary/16617,,131.0,,0.531,0.475,1.6,7.4,4.5,25.8,17.5,2.9,0.4,24.3,153.5,-0.1,1.3,105.9,101.0,16.5,2012,-61,189,6
61,Ryan Allen,,G,6-3,200,23,Milwaukee,United States,/player/Ryan-Allen/Summary/23754,,66.0,,0.567,0.54,7.2,12.9,10.0,9.2,20.6,2.9,3.9,17.7,141.6,-4.3,1.5,103.7,96.3,15.0,2012,-61,215,6
61,Oscar Bellfield,,G,6-2,190,22,UNLV,United States,/player/Oscar-Bellfield/Summary/10009,,134.0,,0.511,0.484,2.0,7.1,4.5,27.2,18.9,2.0,1.0,18.7,150.8,2.8,1.1,103.9,99.0,13.1,2012,-61,379,6
61,Micheal Eric,,FC,6-11,240,24,Temple,Nigeria,/player/Micheal-Eric/Summary/10879,,99.0,,0.512,0.504,11.0,20.7,16.0,8.0,16.5,1.0,6.8,22.0,104.7,-4.5,1.2,99.8,91.5,16.9,2012,-61,348,5
61,Kyle Fogg,,PG,6-3,183,22,Arizona,United States,/player/Kyle-Fogg/Summary/6649,,139.0,,0.562,0.509,2.4,9.3,6.0,15.8,15.9,2.0,0.9,19.4,158.5,-0.7,1.4,111.2,103.0,14.4,2012,-61,17,10
61,Kenny Gabriel,,PF,6-9,218,22,Auburn,United States,/player/Kenny-Gabriel/Summary/5584,,83.0,,0.513,0.491,7.3,18.8,12.9,6.3,15.3,2.0,6.7,22.6,141.4,-5.1,1.1,98.7,96.1,16.6,2012,-61,22,9
61,Lance Goulbourne,,GF,6-8,225,23,Vanderbilt,United States,/player/Lance-Goulbourne/Summary/5966,,122.0,,0.539,0.489,8.3,19.4,14.2,8.3,19.6,2.0,2.7,17.5,143.2,-3.9,1.4,105.0,94.9,14.7,2012,-61,394,8
61,Eric Griffin,,F,6-8,194,22,Campbell,United States,/player/Eric-Griffin/Summary/22618,,60.0,,0.595,0.588,10.2,21.1,15.8,9.6,18.3,2.6,8.8,26.0,149.9,-6.5,1.6,107.5,97.2,23.8,2012,-61,64,2
61,Lazeric Jones,,PG,6-0,185,21,UCLA,United States,/player/Lazeric-Jones/Summary/9331,,67.0,,0.523,0.48,2.0,8.6,5.4,25.1,17.9,2.8,0.9,22.0,154.8,0.7,1.2,104.7,98.9,15.3,2012,-61,373,10
61,Dominique Morrison,,F,6-6,213,22,Oral Roberts,United States,/player/Dominique-Morrison/Summary/13022,,129.0,,0.58,0.521,4.0,12.1,8.1,12.3,10.3,1.4,1.3,23.7,166.3,-1.0,1.4,121.6,102.7,20.4,2012,-61,266,2
61,Greg Somogyi,,C,7-2,240,22,UC Santa Barbara,Hungary,/player/Greg-Somogyi/Summary/16884,,122.0,,0.506,0.493,7.6,20.2,14.2,7.4,20.3,0.8,15.3,18.7,104.3,-5.1,1.2,93.2,92.0,15.2,2012,-61,370,0
61,Mitchell Watt,,F,6-10,225,22,Buffalo,United States,/player/Mitchell-Watt/Summary/11443,,128.0,,0.559,0.528,9.0,17.3,13.2,14.0,19.1,1.7,8.6,23.6,152.6,-4.8,1.3,105.1,93.7,19.9,2012,-61,52,2
61,Wesley Witherspoon,,GF,6-9,207,22,Memphis,United States,/player/Wesley-Witherspoon/Summary/2538,,121.0,,0.574,0.522,6.1,14.0,10.1,9.7,16.7,3.3,2.6,20.4,157.8,-3.4,1.5,111.0,92.0,17.5,2012,-61,208,8
61,Jonathon Simmons,,G,6-6,195,22,Houston,United States,/player/Jonathon-Simmons/Summary/30740,,30.0,,0.599,0.565,5.6,13.1,9.5,14.9,21.4,1.4,1.2,26.1,161.3,-6.3,1.5,106.3,105.8,18.9,2012,-61,143,6
61,Hollis Thompson,,SF,6-8,206,21,Georgetown,United States,/player/Hollis-Thompson/Summary/6088,,99.0,,0.592,0.577,5.8,14.0,10.2,8.5,12.8,2.0,1.9,18.3,159.4,-1.6,1.3,117.0,98.4,16.6,2012,-61,124,11
61,Maalik Wayns,,PG,6-2,185,21,Villanova,United States/Belarus,/player/Maalik-Wayns/Summary/2203,,95.0,,0.537,0.464,2.1,9.2,5.7,27.8,16.7,2.1,0.1,26.6,155.1,-0.3,1.3,109.7,103.8,17.9,2012,-61,396,10
61,Drew Gordon,,PF,6-9,245,21,New Mexico,United States,/player/Drew-Gordon/Summary/2412,,101.0,,0.57,0.543,13.7,28.4,21.2,6.5,16.3,1.9,4.7,23.5,173.1,-5.6,1.3,110.1,88.6,22.4,2012,-61,236,9
61,Kevin Jones,,PF,6-8,260,22,West Virginia,United States,/player/Kevin-Jones/Summary/2370,,139.0,,0.551,0.531,11.6,16.2,13.8,7.3,7.6,1.2,2.7,20.8,148.6,-1.0,1.2,122.7,98.0,21.3,2012,-61,410,9
61,Tony Mitchell,,SF,6-6,216,22,Alabama,United States,/player/Tony-Mitchell/Summary/5506,,89.0,,0.544,0.53,9.4,17.3,13.4,9.4,10.8,2.9,4.0,23.7,142.4,-2.2,1.2,112.9,89.8,22.5,2012,-61,8,11
61,Dee Bost,,G,6-2,176,22,Mississippi State,United States/Bulgaria,/player/Dee-Bost/Summary/4806,,122.0,,0.525,0.475,2.0,9.6,5.9,30.3,19.6,2.7,0.5,23.6,145.7,1.0,1.3,105.2,99.8,16.6,2012,-61,218,6
61,Carlon Brown,,SG,6-5,216,22,Colorado,United States,/player/Carlon-Brown/Summary/9734,,134.0,,0.519,0.482,4.5,14.0,9.5,19.5,17.6,1.6,0.9,23.6,145.4,-2.0,1.2,100.7,98.9,14.9,2012,-61,77,12
61,D'Aundray Brown,,G,6-4,195,23,Cleveland State,United States,/player/DAundray-Brown/Summary/15428,,115.0,,0.544,0.511,9.1,11.9,10.5,13.3,17.0,4.2,1.2,15.8,158.8,-0.8,1.2,110.9,92.7,16.9,2012,-61,75,6
61,Olek Czyz,,F,6-8,240,22,Nevada,Poland,/player/Olek-Czyz/Summary/3655,,77.0,,0.585,0.571,8.0,16.1,12.1,8.4,17.6,1.3,1.0,22.8,150.5,-5.5,1.4,109.0,97.0,17.8,2012,-61,235,2
61,Tu Holloway,,PG,6-0,190,22,Xavier,United States,/player/Tu-Holloway/Summary/10919,,134.0,,0.578,0.479,1.2,9.9,5.8,25.2,17.9,2.3,0.3,23.0,160.2,0.5,1.5,114.9,98.4,18.5,2012,-61,421,10
61,Reeves Nelson,,PF,6-8,235,20,Zalgiris (Lithuania),United States,/player/Reeves-Nelson/Summary/6890,All Leagues,6.0,0.0,0.342,0.278,17.1,26.2,22.1,2.6,21.5,3.6,3.3,22.5,83.3,-8.8,0.8,73.9,90.7,8.0,2012,-61,425,9
61,Josh Owens,,PF,6-8,240,23,Stanford,United States,/player/Josh-Owens/Summary/6855,,121.0,,0.585,0.573,9.7,15.5,12.6,8.1,14.9,2.3,3.4,20.3,119.4,-3.5,1.4,113.3,93.8,19.7,2012,-61,338,9
61,John Shurna,,F,6-9,215,22,Northwestern,United States,/player/John-Shurna/Summary/3940,,130.0,,0.587,0.557,5.1,14.7,9.9,17.2,11.0,1.9,4.0,26.6,161.2,-0.5,1.4,115.8,104.0,23.3,2012,-61,253,2
61,Hank Thorns,,PG,5-9,165,23,TCU,United States,/player/Hank-Thorns/Summary/3705,,130.0,,0.468,0.43,2.4,8.5,5.4,31.4,20.9,2.3,0.1,20.1,140.8,2.4,1.1,97.1,103.3,12.0,2012,-61,345,10
61,Charlie Westbrook,,G,6-4,196,22,South Dakota,United States,/player/Charlie-Westbrook/Summary/23419,,58.0,,0.547,0.508,3.5,12.5,8.1,12.0,13.2,2.8,2.4,29.6,154.3,-4.2,1.3,105.4,102.1,21.6,2012,-61,328,6
1,Anthony Bennett,CLE,PF,6-8,245,20,UNLV,Canada,/player/Anthony-Bennett/Summary/24660,,35.0,,0.609,0.58,10.3,21.8,16.3,8.8,12.3,1.5,4.6,27.5,160.9,-4.3,1.5,117.6,88.5,26.7,2013,-1,379,9
2,Victor Oladipo,ORL,G,6-3,213,21,Indiana,United States,/player/Victor-Oladipo/Summary/22337,,104.0,,0.604,0.57,10.3,14.7,12.6,14.1,17.9,3.8,2.4,22.8,159.2,-3.4,1.5,116.4,93.6,22.7,2013,-2,154,6
3,Otto Porter,WAS,SF,6-8,230,20,Georgetown,United States,/player/Otto-Porter/Summary/24181,,64.0,,0.585,0.545,7.6,18.7,13.5,14.6,10.8,2.9,3.1,20.9,160.4,0.3,1.4,122.2,86.4,23.5,2013,-3,124,11
4,Cody Zeller,CHA,F,6-11,240,20,Indiana,United States,/player/Cody-Zeller/Summary/24152,,72.0,,0.642,0.591,11.7,17.8,15.0,9.4,13.5,2.5,4.4,25.4,134.7,-3.8,1.7,127.8,91.4,28.9,2013,-4,154,2
5,Alex Len,PHX,C,7-0,250,20,Maryland,Ukraine,/player/Alex-Len/Summary/26866,,60.0,,0.569,0.539,11.8,19.5,15.9,7.2,15.4,0.5,8.6,20.7,131.3,-4.0,1.4,112.2,94.5,21.1,2013,-5,204,0
6,Nerlens Noel,NOP,FC,6-10,220,19,Kentucky,United States,/player/Nerlens-Noel/Summary/24303,,24.0,,0.583,0.59,10.4,21.5,16.5,9.1,17.3,3.8,12.7,17.1,111.9,-2.5,1.5,113.1,78.5,24.7,2013,-6,174,5
7,Ben McLemore,SAC,SG,6-3,195,20,Kansas,United States,/player/Ben-McLemore/Summary/24188,,37.0,,0.633,0.586,5.0,12.4,9.1,12.6,14.2,1.8,2.3,23.3,178.4,-2.3,1.5,121.4,92.3,21.9,2013,-7,172,12
8,Kentavious Caldwell-Pope,DET,SG,6-5,204,20,Georgia,United States,/player/Kentavious-Caldwell-Pope/Summary/24162,,64.0,,0.543,0.507,4.6,17.4,11.0,12.9,9.7,3.7,1.6,27.0,150.7,-1.8,1.2,111.2,93.9,23.1,2013,-8,125,12
9,Trey Burke,MIN,G,6-0,185,20,Michigan,United States,/player/Trey-Burke/Summary/24223,,73.0,,0.556,0.519,2.1,9.3,5.8,33.6,14.0,2.3,1.4,27.5,159.4,4.0,1.3,116.4,99.5,23.3,2013,-9,211,6
10,C.J. McCollum,POR,G,6-3,190,21,Lehigh,United States,/player/CJ-McCollum/Summary/17251,,111.0,,0.563,0.501,5.3,16.0,10.7,20.0,11.3,3.6,1.5,32.3,164.1,-1.7,1.4,115.3,95.1,27.5,2013,-10,182,6
11,Michael Carter-Williams,PHL,PG,6-5,190,21,Syracuse,United States,/player/Michael-Carter-Williams/Summary/24158,,66.0,,0.493,0.445,4.1,11.1,7.7,37.1,21.7,4.8,1.8,21.2,138.4,4.7,1.2,106.2,87.3,20.0,2013,-11,344,10
12,Steven Adams,OKC,C,6-11,265,19,Pittsburgh,New Zealand,/player/Steven-Adams/Summary/27993,,32.0,,0.555,0.571,15.2,19.2,17.2,5.4,14.4,1.9,11.2,17.6,101.4,-3.2,1.3,113.0,86.3,21.5,2013,-12,286,0
13,Kelly Olynyk,DAL,C,6-11,240,22,Gonzaga,Canada,/player/Kelly-Olynyk/Summary/8330,,101.0,,0.641,0.616,11.2,19.6,15.7,13.2,16.6,1.8,3.0,24.9,163.6,-4.0,1.6,120.7,93.1,25.2,2013,-13,131,0
14,Shabazz Muhammad,UTH,GF,6-6,222,20,UCLA,United States,/player/Shabazz-Muhammad/Summary/24245,,32.0,,0.528,0.487,9.9,8.7,9.3,5.8,8.6,1.3,0.4,30.1,153.1,-3.2,1.3,109.9,104.1,20.9,2013,-14,373,8
15,Giannis Antetokounmpo,MIL,F,6-11,243,18,Filathlitikos Div II Greece (Greece),Greece/Nigeria,/player/Giannis-Antetokounmpo/Summary/49629,,,,,,,,,,,,,,,,,,,,2013,-15,106,2
16,Lucas Nogueira,BOS,C,7-0,241,20,Movistar Estudiantes (Spain),Brazil,/player/Lucas-Nogueira/Summary/24240,All Leagues,35.0,5.0,0.678,0.667,15.6,16.7,16.1,3.5,11.8,1.9,9.6,16.1,132.0,-2.8,1.6,133.4,106.7,22.8,2013,-16,228,0
17,Dennis Schroder,ATL,PG,6-1,175,19,Basketball Lowen Braunschweig (Germany),Germany,/player/Dennis-Schroder/Summary/26503,G-BBL,32.0,14.0,0.548,0.49,3.5,9.7,6.5,25.9,18.8,2.1,0.1,27.2,165.3,-1.7,1.3,104.6,112.8,16.8,2013,-17,34,10
18,Shane Larkin,ATL,PG,5-11,175,20,Miami (FL),United States/Turkey,/player/Shane-Larkin/Summary/28945,,68.0,,0.566,0.524,2.0,9.9,6.0,23.3,17.5,3.5,0.3,20.4,162.1,1.0,1.3,112.2,96.5,18.5,2013,-18,210,10
19,Sergey Karasev,CLE,SF,6-7,213,19,Zenit Saint Petersburg (Russia),Russia,/player/Sergey-Karasev/Summary/24786,All Leagues,41.0,33.0,0.576,0.5,3.2,14.6,8.7,12.7,11.5,1.3,1.0,24.5,164.8,-1.5,1.4,115.1,107.1,17.2,2013,-19,426,11
20,Tony Snell,CHI,G,6-6,213,21,New Mexico,United States,/player/Tony-Snell/Summary/22374,,104.0,,0.571,0.533,2.0,9.2,5.7,17.3,15.6,1.3,1.6,19.9,162.2,-0.5,1.3,110.6,97.3,14.7,2013,-20,236,6
21,Gorgui Dieng,UTH,FC,6-10,250,23,Louisville,Senegal,/player/Gorgui-Dieng/Summary/22403,,102.0,,0.568,0.546,12.3,19.8,16.1,8.9,18.1,2.2,10.5,16.4,151.8,-2.9,1.4,111.9,83.9,20.4,2013,-21,193,5
22,Mason Plumlee,BRK,PF,6-10,254,23,Duke,United States,/player/Mason-Plumlee/Summary/2214,,141.0,,0.579,0.567,10.8,22.7,16.9,10.9,18.9,1.8,5.0,20.2,135.4,-3.9,1.5,111.1,89.8,20.8,2013,-22,93,9
23,Solomon Hill,IND,SF,6-6,226,22,Arizona,United States,/player/Solomon-Hill/Summary/6653,,139.0,,0.582,0.538,7.8,15.0,11.6,15.7,19.1,1.9,1.3,19.6,160.0,-2.2,1.4,111.9,98.0,16.8,2013,-23,17,11
24,Tim Hardaway Jr.,NYK,SG,6-5,205,21,Michigan,United States,/player/Tim-Hardaway-Jr/Summary/9386,,107.0,,0.539,0.507,2.2,13.0,7.7,13.2,11.4,1.4,1.1,25.2,149.3,-1.0,1.2,108.8,100.1,17.4,2013,-24,211,12
25,Reggie Bullock,LAC,SG,6-6,205,22,North Carolina,United States,/player/Reggie-Bullock/Summary/7120,,100.0,,0.568,0.555,6.6,14.1,10.4,12.0,9.7,2.0,0.8,18.1,154.6,0.7,1.2,121.4,94.8,18.3,2013,-25,242,12
26,Andre Roberson,MIN,SG,6-7,210,21,Colorado,United States,/player/Andre-Roberson/Summary/23283,,105.0,,0.561,0.549,12.7,27.8,20.6,8.2,16.9,3.3,5.5,18.8,144.8,-3.5,1.4,111.4,87.7,22.4,2013,-26,77,12
27,Rudy Gobert,DEN,C,7-1,258,21,Cholet Basket (France),France,/player/Rudy-Gobert/Summary/25858,All Leagues,30.0,20.0,0.739,0.725,11.3,19.4,15.2,3.1,20.0,1.8,7.6,16.0,142.3,-5.5,1.9,124.8,101.2,20.5,2013,-27,71,0
28,Livio Jean-Charles,SAN,SF,6-9,230,19,ASVEL Basket (France),France,/player/Livio-Jean-Charles/Summary/26494,All Leagues,30.0,16.0,0.579,0.564,10.9,16.2,13.7,6.1,17.1,2.0,1.2,13.0,154.5,-2.1,1.3,112.3,106.7,12.4,2013,-28,1,11
29,Archie Goodwin,OKC,G,6-5,205,18,Kentucky,United States,/player/Archie-Goodwin/Summary/24257,,33.0,,0.509,0.464,5.6,10.4,8.2,16.8,18.1,2.1,1.4,27.2,134.2,-4.0,1.3,100.1,97.8,16.3,2013,-29,174,6
30,Nemanja Nedovic,PHX,SG,6-3,192,22,Lietuvos Rytas (Lithuania),Serbia,/player/Nemanja-Nedovic/Summary/24375,All Leagues,45.0,31.0,0.552,0.518,2.8,12.5,7.3,26.9,17.2,2.8,1.1,25.0,159.9,-0.0,1.2,107.8,101.8,16.9,2013,-30,184,12
31,Allen Crabbe,CLE,SG,6-6,212,21,California,United States,/player/Allen-Crabbe/Summary/9300,,98.0,,0.571,0.533,3.1,15.8,9.7,13.5,11.9,1.5,1.7,23.3,164.7,-1.1,1.3,113.0,97.8,19.0,2013,-31,63,12
32,Alex Abrines,OKC,GF,6-6,190,19,Barca (Spain),Spain,/player/Alex-Abrines/Summary/26575,All Leagues,48.0,4.0,0.538,0.497,3.0,9.1,6.2,3.9,13.0,1.8,1.6,19.4,152.5,-3.7,1.2,103.4,101.1,10.5,2013,-32,33,8
33,Carrick Felix,CLE,SF,6-6,200,22,Arizona State,United States,/player/Carrick-Felix/Summary/23244,,94.0,,0.552,0.522,5.9,14.3,10.3,10.4,15.8,2.2,3.1,21.1,148.6,-3.1,1.3,104.7,100.7,16.4,2013,-33,18,11
34,Isaiah Canaan,HOU,G,6-0,200,22,Murray State,United States,/player/Isaiah-Canaan/Summary/12049,,132.0,,0.606,0.558,2.4,9.0,5.8,21.7,15.5,2.5,0.3,26.7,167.3,-1.5,1.5,119.0,96.2,21.9,2013,-34,229,6
35,Glen Rice,PHL,GF,6-6,206,22,Rio Grande Valley Vipers,United States,/player/Glen-Rice/Summary/3745,,,,,,,,,,,,,,,,,,,,2013,-35,304,8
36,Ray McCallum,SAC,PG,6-3,191,22,Detroit-Mercy,United States,/player/Ray-McCallum/Summary/7106,,102.0,,0.556,0.507,4.2,12.2,8.2,26.0,13.8,2.9,1.0,23.7,147.8,1.9,1.4,116.8,101.1,21.7,2013,-36,90,10
37,Tony Mitchell,DET,F,6-9,240,21,North Texas,United States,/player/Tony-Mitchell/Summary/9338,,55.0,,0.576,0.536,9.1,23.3,16.5,8.1,17.9,1.8,9.2,23.3,153.3,-5.8,1.4,107.8,88.3,23.2,2013,-37,246,2
38,Nate Wolters,WAS,PG,6-4,190,22,South Dakota State,United States,/player/Nate-Wolters/Summary/13301,,128.0,,0.56,0.497,3.4,13.7,8.6,34.1,11.8,2.8,0.5,29.1,159.7,4.0,1.4,121.0,101.3,26.9,2013,-38,329,10
39,Jeff Withey,POR,C,7-0,230,23,Kansas,United States,/player/Jeff-Withey/Summary/4518,,116.0,,0.616,0.569,9.9,20.0,15.4,5.4,15.3,1.5,14.0,19.4,229.3,-3.9,1.6,119.4,84.2,24.2,2013,-39,172,0
40,Grant Jerrett,POR,PF,6-10,232,19,Arizona,United States,/player/Grant-Jerrett/Summary/24246,,34.0,,0.535,0.513,7.7,16.4,12.2,5.7,10.4,1.6,5.8,15.6,163.2,-1.1,1.1,115.9,93.2,15.8,2013,-40,17,9
41,Jamaal Franklin,MEM,G,6-5,190,21,San Diego State,United States,/player/Jamaal-Franklin/Summary/23977,,87.0,,0.552,0.485,6.9,24.3,15.8,15.7,17.1,2.5,2.5,29.8,151.4,-5.1,1.4,107.7,86.2,23.8,2013,-41,316,6
42,Pierre Jackson,PHL,PG,5-10,180,21,Baylor,United States,/player/Pierre-Jackson/Summary/28285,,74.0,,0.583,0.53,2.8,8.6,5.8,39.4,19.5,3.0,0.1,27.2,162.8,2.6,1.4,115.8,99.1,23.1,2013,-42,37,10
43,Ricky Ledo,MIL,GF,6-7,197,20,Providence,United States,/player/Ricky-Ledo/Summary/24251,,,,,,,,,,,,,,,,,,,,2013,-43,291,8
44,Mike Muscala,DAL,FC,6-10,240,21,Bucknell,United States,/player/Mike-Muscala/Summary/17065,,133.0,,0.574,0.508,9.9,23.9,17.2,13.7,10.9,0.9,8.0,28.4,163.3,-2.1,1.4,117.8,91.1,28.0,2013,-44,51,5
45,Marko Todorovic,POR,C,6-10,240,21,FC Barcelona II (Spain),Montenegro,/player/Marko-Todorovic/Summary/25929,All Leagues,51.0,0.0,0.562,0.544,20.9,17.9,19.3,5.8,23.0,1.6,5.7,20.1,128.5,-7.3,1.4,105.3,95.9,16.5,2013,-45,103,0
46,Erick Green,UTH,G,6-3,178,22,Virginia Tech,United States,/player/Erick-Green/Summary/3715,,129.0,,0.543,0.488,1.9,8.5,5.2,20.2,10.0,2.6,0.8,25.1,157.9,1.1,1.3,115.2,100.3,20.4,2013,-46,399,6
47,Raulzinho Neto,ATL,PG,6-2,180,21,Gipuzkoa Basket (Spain),Brazil,/player/Raulzinho-Neto/Summary/24092,ACB,34.0,21.0,0.558,0.511,2.3,11.2,6.4,22.4,19.0,2.3,0.4,18.5,164.2,0.6,1.3,107.8,112.7,13.4,2013,-47,129,10
48,Ryan Kelly,LAL,PF,6-11,230,22,Duke,United States,/player/Ryan-Kelly/Summary/2193,,126.0,,0.585,0.535,6.8,14.4,10.7,8.9,11.4,1.7,5.1,18.7,164.5,-1.1,1.4,123.2,91.7,19.7,2013,-48,93,9
49,Erik Murphy,CHI,FC,6-10,240,22,Florida,United States/Finland,/player/Erik-Murphy/Summary/2384,,136.0,,0.622,0.606,7.7,16.3,12.1,7.9,14.1,1.5,3.7,20.8,170.5,-3.2,1.4,119.4,94.4,20.2,2013,-49,108,5
50,James Ennis,ATL,GF,6-6,215,22,Long Beach State,United States,/player/James-Ennis/Summary/31122,,67.0,,0.615,0.574,6.1,13.8,10.0,15.7,18.9,3.2,3.5,21.6,163.6,-3.0,1.5,114.5,95.9,21.2,2013,-50,189,8
51,Romero Osby,ORL,PF,6-8,240,23,Oklahoma,United States,/player/Romero-Osby/Summary/5841,,134.0,,0.566,0.516,8.5,16.4,12.6,8.0,13.0,1.1,3.1,22.5,162.8,-3.4,1.4,113.9,97.8,19.9,2013,-51,260,9
52,Lorenzo Brown,MIN,SG,6-5,189,22,NC State,United States/Spain,/player/Lorenzo-Brown/Summary/2382,,101.0,,0.513,0.463,2.6,11.5,7.2,33.1,21.1,3.1,1.5,21.8,147.5,2.7,1.2,104.3,100.4,17.7,2013,-52,232,12
53,Colton Iverson,IND,FC,7-0,255,23,Colorado State,United States,/player/Colton-Iverson/Summary/3914,,133.0,,0.557,0.546,12.0,20.2,16.2,9.0,18.6,1.3,5.2,21.0,111.0,-4.9,1.5,106.4,95.9,18.4,2013,-53,78,5
54,Arsalan Kazemi,WAS,F,6-7,226,23,Oregon,Iran,/player/Arsalan-Kazemi/Summary/7903,,130.0,,0.604,0.559,12.6,28.5,20.6,11.3,15.5,3.6,3.4,20.2,123.7,-2.7,1.7,119.7,88.2,25.5,2013,-54,267,2
55,Joffrey Lauvergne,MEM,PF,6-11,260,21,KK Partizan (Serbia),France,/player/Joffrey-Lauvergne/Summary/24383,All Leagues,54.0,34.0,0.623,0.592,11.0,22.1,16.7,8.5,16.2,1.7,2.2,18.9,153.3,-3.3,1.6,118.5,98.5,17.9,2013,-55,169,9
56,Peyton Siva,DET,PG,6-0,185,22,Louisville,United States,/player/Peyton-Siva/Summary/2200,,144.0,,0.516,0.467,1.4,9.0,5.2,33.8,24.6,4.0,0.6,20.6,144.5,1.8,1.2,101.1,92.8,14.9,2013,-56,193,10
57,Alex Oriakhi,PHX,PF,6-9,255,23,Missouri,United States,/player/Alex-Oriakhi/Summary/2199,,143.0,,0.559,0.53,12.5,18.3,15.5,2.6,13.8,0.9,6.0,16.8,117.1,-3.8,1.4,115.0,96.3,18.2,2013,-57,219,9
58,Deshaun Thomas,SAN,F,6-7,220,21,Ohio State,United States,/player/Deshaun-Thomas/Summary/2381,,113.0,,0.57,0.535,8.9,13.1,11.0,7.1,8.3,1.0,1.0,26.7,162.3,-2.1,1.3,120.2,95.9,22.9,2013,-58,259,2
59,Bojan Dubljevic,MIN,FC,6-9,242,21,Valencia Basket (Spain),Montenegro,/player/Bojan-Dubljevic/Summary/25931,All Leagues,55.0,31.0,0.629,0.579,10.0,16.8,13.5,5.3,16.4,1.7,1.5,27.3,179.9,-7.7,1.5,114.1,105.6,19.7,2013,-59,392,5
60,Janis Timma,MEM,SF,6-7,226,20,BK Ventspils (Latvia),Latvia,/player/Janis-Timma/Summary/24824,All Leagues,55.0,21.0,0.652,0.605,8.0,19.4,14.3,18.2,16.8,2.3,0.7,20.6,173.5,0.1,1.5,124.1,92.4,20.2,2013,-60,29,11
61,Seth Curry,,G,6-1,185,22,Duke,United States,/player/Seth-Curry/Summary/4873,,141.0,,0.578,0.534,2.3,7.9,5.2,13.3,11.0,2.4,0.6,23.7,165.2,-0.7,1.3,118.2,99.4,19.5,2013,-61,93,6
61,Robert Covington,,F,6-7,209,22,Tennessee State,United States,/player/Robert-Covington/Summary/11707,,118.0,,0.583,0.545,10.2,19.6,14.8,10.2,15.5,3.1,4.8,25.3,170.0,-5.1,1.3,112.6,96.2,23.6,2013,-61,350,2
61,Matt Dellavedova,,G,6-3,200,22,Saint Mary's,Australia,/player/Matt-Dellavedova/Summary/8530,,136.0,,0.575,0.516,2.9,8.5,5.8,28.2,16.9,1.9,0.1,21.2,165.3,3.6,1.4,120.7,101.1,18.5,2013,-61,312,6
61,Troy Daniels,,G,6-4,205,21,VCU,United States,/player/Troy-Daniels/Summary/18948,,123.0,,0.567,0.553,3.3,11.7,7.4,4.5,8.3,2.3,0.4,21.0,155.7,-2.0,1.2,116.5,97.5,16.5,2013,-61,390,6
61,Rodney McGruder,,SG,6-4,205,21,Kansas State,United States,/player/Rodney-McGruder/Summary/4210,,135.0,,0.557,0.527,7.8,12.8,10.2,10.5,10.8,1.9,1.1,21.0,159.1,-1.3,1.3,119.3,97.2,18.9,2013,-61,173,12
61,Ian Clark,,G,6-3,175,22,Belmont,United States,/player/Ian-Clark/Summary/14156,,133.0,,0.626,0.605,2.0,9.3,5.8,15.5,15.3,2.5,0.8,23.6,172.0,-2.2,1.4,116.5,96.9,19.6,2013,-61,40,6
61,Facundo Campazzo,,PG,5-11,165,22,Penarol (Argentina),Argentina,/player/Facundo-Campazzo/Summary/40886,All Leagues,61.0,59.0,0.597,0.529,3.0,12.1,7.5,32.5,19.1,4.0,0.3,21.6,152.2,3.5,1.5,116.0,99.5,19.4,2013,-61,277,10
61,Ryan Broekhoff,,SF,6-7,215,22,Valparaiso,Australia,/player/Ryan-Broekhoff/Summary/15764,,134.0,,0.619,0.578,6.8,21.5,14.5,14.1,12.6,2.2,3.1,21.3,169.0,-0.6,1.4,123.7,96.6,23.3,2013,-61,393,11
61,Jack Cooley,,PF,6-10,265,22,Notre Dame,United States,/player/Jack-Cooley/Summary/6196,,123.0,,0.621,0.601,17.5,21.1,19.4,6.0,11.8,1.4,4.9,20.8,176.3,-2.9,1.6,126.9,95.7,25.2,2013,-61,255,9
61,Brandon Davies,,PF,6-10,240,21,Brigham Young,United States/Uganda,/player/Brandon-Davies/Summary/9749,,135.0,,0.562,0.525,8.6,19.5,14.2,12.8,15.9,2.3,4.0,26.4,151.6,-4.1,1.4,108.8,90.3,21.9,2013,-61,48,9
61,Nicolo Melli,,PF,6-9,235,22,AX Armani Exchange Milan (Italy),Italy,/player/Nicolo-Melli/Summary/25892,All Leagues,48.0,8.0,0.525,0.484,7.5,20.5,14.2,7.8,18.0,1.1,2.0,17.7,150.8,-3.6,1.2,102.1,105.0,10.7,2013,-61,2,9
61,D.J. Stephens,,GF,6-5,188,22,Memphis,United States,/player/DJ-Stephens/Summary/7867,,129.0,,0.655,0.653,11.4,18.4,15.0,5.0,11.1,2.2,9.2,13.0,163.0,-1.1,1.6,132.5,90.2,21.1,2013,-61,208,8
61,Will Cherry,,G,6-0,185,22,Montana,United States,/player/Will-Cherry/Summary/13470,,116.0,,0.528,0.474,2.4,11.7,7.3,23.9,16.3,4.8,1.0,25.7,143.3,-0.3,1.3,105.5,91.5,20.3,2013,-61,222,6
61,Elias Harris,,SF,6-8,239,23,Gonzaga,Germany,/player/Elias-Harris/Summary/8327,,135.0,,0.587,0.547,9.1,20.7,15.3,9.8,13.3,2.0,2.1,24.7,159.6,-3.3,1.4,117.7,92.5,23.1,2013,-61,131,11
61,Reggie Hearn,,G,6-5,210,21,Northwestern,United States,/player/Reggie-Hearn/Summary/5155,,90.0,,0.579,0.537,4.2,12.8,8.5,10.6,16.0,1.9,1.3,20.0,156.5,-2.6,1.4,107.3,103.8,14.7,2013,-61,253,6
61,Brandon Paul,,G,6-4,200,22,Illinois,United States,/player/Brandon-Paul/Summary/2273,,138.0,,0.511,0.462,3.8,13.0,8.5,17.5,16.2,2.6,2.1,27.5,143.3,-3.0,1.2,101.0,97.8,16.9,2013,-61,151,6
61,James Southerland,,F,6-8,221,23,Syracuse,United States,/player/James-Southerland/Summary/6524,,111.0,,0.569,0.555,5.2,14.0,9.8,6.2,8.0,2.9,4.7,20.2,156.0,-1.1,1.2,119.9,89.4,20.3,2013,-61,344,2
61,Reginald Becton,,PF,6-10,255,22,Ole Miss,United States,/player/Reginald-Becton/Summary/3631,,132.0,,0.557,0.575,11.3,18.6,15.0,4.8,17.1,1.7,10.8,15.1,155.1,-3.5,1.5,109.8,92.5,18.1,2013,-61,263,9
61,Damen Bell-Holter,,FC,6-9,245,23,Oral Roberts,United States,/player/Damen-Bell-Holter/Summary/13021,,132.0,,0.551,0.5,11.2,19.7,15.5,8.5,15.3,0.9,4.2,22.1,150.4,-4.0,1.4,111.7,100.4,19.4,2013,-61,266,5
61,Abdul Gaddy,,PG,6-3,195,21,Washington,United States,/player/Abdul-Gaddy/Summary/2211,,118.0,,0.497,0.471,2.8,6.9,4.9,25.5,21.9,1.5,0.6,17.4,140.6,1.7,1.1,101.5,102.0,11.2,2013,-61,406,10
61,Ramon Galloway,,G,6-3,180,22,La Salle,United States,/player/Ramon-Galloway/Summary/5880,,126.0,,0.538,0.505,2.5,12.1,7.2,18.5,17.5,2.7,0.9,25.1,156.5,-2.7,1.2,103.1,99.1,16.8,2013,-61,177,6
61,Garlon Green,,GF,6-7,215,22,TCU,United States,/player/Garlon-Green/Summary/9947,,129.0,,0.524,0.484,3.7,13.5,8.5,6.9,14.5,1.1,1.5,20.4,154.5,-3.7,1.2,100.3,104.9,12.0,2013,-61,345,8
61,Jordan Henriquez,,PF,6-11,250,23,Kansas State,United States,/player/Jordan-Henriquez/Summary/4532,,125.0,,0.506,0.5,13.7,20.8,17.1,5.7,15.6,0.8,12.1,17.8,100.0,-3.8,1.3,105.4,90.3,17.7,2013,-61,173,9
61,Richard Howell,,PF,6-8,257,22,NC State,United States/Israel,/player/Richard-Howell/Summary/3790,,132.0,,0.544,0.52,15.0,23.6,19.4,9.7,14.8,2.2,2.0,21.6,137.4,-3.2,1.3,111.7,95.8,21.2,2013,-61,232,9
61,Trent Lockett,,SF,6-5,209,22,Marquette,United States,/player/Trent-Lockett/Summary/6679,,122.0,,0.558,0.512,6.7,14.8,10.9,14.6,19.9,2.1,1.6,21.7,152.9,-3.8,1.4,104.0,99.2,15.7,2013,-61,202,11
61,Brock Motum,,PF,6-10,235,22,Washington State,Australia,/player/Brock-Motum/Summary/7001,,120.0,,0.591,0.559,7.2,14.4,10.9,10.4,15.0,1.1,1.7,26.9,159.3,-4.9,1.4,110.9,102.0,20.7,2013,-61,407,9
61,Durand Scott,,SG,6-5,203,23,Miami (FL),United States/Jamaica,/player/Durand-Scott/Summary/2379,,132.0,,0.541,0.489,4.4,11.3,8.0,19.9,16.1,2.4,0.5,22.4,156.2,-0.6,1.3,110.3,99.1,17.7,2013,-61,210,12
61,E.J. Singler,,F,6-6,215,23,Oregon,United States,/player/EJ-Singler/Summary/6768,,142.0,,0.578,0.521,5.5,15.5,10.5,13.5,15.9,1.6,1.7,19.2,166.8,-1.5,1.4,114.6,100.1,16.8,2013,-61,267,2
61,Jason Washburn,,C,7-0,245,23,Utah,United States/Bulgaria,/player/Jason-Washburn/Summary/10056,,123.0,,0.601,0.568,8.4,17.9,13.3,5.9,13.8,1.0,5.8,20.4,180.2,-3.9,1.4,113.4,100.4,20.1,2013,-61,387,0
61,Christian Watford,,PF,6-9,220,22,Indiana,United States,/player/Christian-Watford/Summary/3869,,132.0,,0.546,0.474,6.3,17.8,12.3,7.1,13.5,1.4,1.8,25.0,165.2,-4.4,1.3,111.2,99.3,18.4,2013,-61,154,9
61,Rodney Williams,,F,6-7,205,21,Minnesota,United States,/player/Rodney-Williams/Summary/3924,,134.0,,0.55,0.538,7.3,11.7,9.6,12.6,14.2,2.1,5.0,19.2,134.8,-1.3,1.3,110.7,99.9,17.4,2013,-61,217,2
61,Scott Wood,,SF,6-6,175,23,NC State,United States,/player/Scott-Wood/Summary/3787,,138.0,,0.616,0.579,1.5,7.8,4.7,8.0,10.6,1.3,1.8,15.3,172.1,-0.3,1.4,124.1,105.0,14.1,2013,-61,232,11
61,Khalif Wyatt,,G,6-4,205,22,Temple,United States,/player/Khalif-Wyatt/Summary/10877,,109.0,,0.591,0.527,2.2,8.9,5.5,21.6,14.6,3.6,0.9,28.1,163.1,-1.1,1.5,115.4,97.8,23.3,2013,-61,348,6
61,Dewayne Dedmon,,PF,6-10,245,23,USC,United States,/player/Dewayne-Dedmon/Summary/28991,,51.0,,0.536,0.52,12.1,21.9,16.9,5.1,18.8,2.6,8.2,19.2,113.4,-5.5,1.2,99.9,90.4,18.6,2013,-61,380,9
61,Daniel Theis,,C,6-8,245,21,Ratiopharm Ulm (Germany),Germany,/player/Daniel-Theis/Summary/25876,All Leagues,57.0,26.0,0.548,0.479,9.4,22.2,16.1,8.1,15.7,1.3,4.3,18.7,147.5,-2.9,1.3,110.1,102.5,15.0,2013,-61,297,0
61,Vander Blue,,SG,6-4,196,20,Marquette,United States,/player/Vander-Blue/Summary/9340,,106.0,,0.505,0.461,4.8,10.8,7.9,15.4,17.6,2.4,0.6,21.8,141.0,-2.4,1.2,100.0,99.3,13.8,2013,-61,202,12
61,Phil Pressey,,PG,5-11,175,22,Missouri,United States,/player/Phil-Pressey/Summary/9347,,99.0,,0.51,0.466,2.6,8.9,5.9,33.8,22.3,3.9,0.2,20.5,149.9,3.9,1.2,106.3,98.7,16.8,2013,-61,219,10
61,Chris Babb,,G,6-5,225,23,Iowa State,United States,/player/Chris-Babb/Summary/3969,,130.0,,0.536,0.514,3.1,10.2,6.7,11.9,10.4,1.8,0.8,15.0,146.8,1.2,1.2,115.0,102.9,12.8,2013,-61,159,6
61,Larry Drew,,G,6-2,180,23,UCLA,United States,/player/Larry-Drew/Summary/2172,,131.0,,0.493,0.473,1.1,7.8,4.5,31.9,28.2,2.0,0.3,15.0,135.5,4.0,1.1,97.6,100.6,10.9,2013,-61,373,6
61,Trey McKinney Jones,,SG,6-5,220,22,Miami (FL),United States,/player/Trey-McKinney-Jones/Summary/13175,,130.0,,0.559,0.525,2.5,13.7,8.0,12.5,16.1,1.6,0.2,16.8,154.7,-1.1,1.3,108.5,103.4,12.9,2013,-61,210,12
61,Adonis Thomas,,PF,6-6,235,20,Memphis,United States,/player/Adonis-Thomas/Summary/24150,,55.0,,0.501,0.466,5.5,10.9,8.4,10.8,12.2,1.3,2.6,22.0,149.6,-1.7,1.1,104.1,97.4,15.0,2013,-61,208,9
61,C.J. Aiken,,F,6-9,200,22,Saint Joseph's,United States,/player/CJ-Aiken/Summary/22567,,98.0,,0.579,0.548,4.8,14.0,9.6,6.4,11.8,0.9,10.9,16.8,150.7,-1.7,1.4,114.3,100.9,18.7,2013,-61,310,2
61,Myck Kabongo Lukusa,,PG,6-3,180,21,Texas,Canada/Democratic Republic of the Congo,/player/Myck-Kabongo-Lukusa/Summary/24149,,45.0,,0.526,0.448,2.3,10.3,6.3,32.8,23.1,2.8,0.1,21.0,142.6,1.3,1.4,104.8,102.3,16.0,2013,-61,353,10
61,Kenneth Kadji,,C,6-11,242,25,Miami (FL),Cameroon/United States,/player/Kenneth-Kadji/Summary/5633,,111.0,,0.547,0.527,7.5,17.2,12.5,4.8,13.8,1.0,5.7,22.9,147.4,-4.6,1.3,106.7,95.5,17.9,2013,-61,210,0
61,C.J. Leslie,,PF,6-9,205,22,NC State,United States,/player/CJ-Leslie/Summary/7114,,99.0,,0.528,0.503,9.0,19.0,14.2,8.1,15.5,1.8,4.6,26.6,135.7,-5.6,1.3,102.9,98.4,20.3,2013,-61,232,9
61,Nick Minnerath,,F,6-9,215,23,Detroit-Mercy,United States,/player/Nick-Minnerath/Summary/23738,,71.0,,0.592,0.548,7.3,14.4,10.8,6.4,13.0,1.4,1.5,21.5,167.3,-3.5,1.4,117.6,102.8,18.8,2013,-61,90,2
61,B.J. Young,,G,6-4,180,20,Arkansas,United States,/player/BJ-Young/Summary/24161,,63.0,,0.553,0.525,3.9,10.1,6.9,24.5,13.7,2.0,1.0,29.3,150.4,-1.1,1.3,108.8,101.1,21.8,2013,-61,19,6
1,Greg Oden,POR,C,7-0,273,19,Ohio State,United States,/player/Greg-Oden/Summary/1,,32.0,,0.626,0.616,14.7,24.2,19.5,5.4,13.8,1.2,13.0,26.8,124.3,-5.7,1.6,120.8,88.8,31.0,2007,-1,259,0
2,Kevin Durant,SEA,SF,6-11,240,18,Texas,United States,/player/Kevin-Durant/Summary/34,,35.0,,0.587,0.536,9.0,24.0,16.5,8.6,11.4,3.0,5.5,33.2,169.3,-5.2,1.4,120.4,92.3,32.7,2007,-2,353,11
3,Al Horford,ATL,FC,6-9,240,21,Florida,Dominican Republic/United States,/player/Al-Horford/Summary/35,,109.0,,0.601,0.586,11.6,23.6,18.1,12.7,15.6,2.0,7.0,20.1,120.5,-1.8,1.6,120.7,86.3,23.3,2007,-3,108,5
4,Mike Conley,MEM,PG,6-0,175,19,Ohio State,United States,/player/Mike-Conley/Summary/33,,39.0,,0.584,0.552,2.7,9.9,6.4,36.6,18.6,4.3,0.9,19.7,151.7,6.1,1.4,121.0,93.3,22.2,2007,-4,259,10
5,Jeff Green,BOS,F,6-8,235,20,Georgetown,United States,/player/Jeff-Green/Summary/37,,102.0,,0.565,0.533,8.7,16.1,12.6,20.8,17.8,1.8,4.5,24.2,154.7,-1.5,1.3,113.0,96.8,20.3,2007,-5,124,2
6,Jianlian Yi,MIL,F,7-0,250,19,Guangdong Dongguan (China),China,/player/Jianlian-Yi/Summary/40,,,,,,,,,,,,,,,,,,,,2007,-6,134,2
7,Corey Brewer,MIN,GF,6-9,186,21,Florida,United States,/player/Corey-Brewer/Summary/43,,108.0,,0.571,0.535,6.0,12.0,9.3,19.0,19.1,3.5,1.5,22.8,154.4,-1.8,1.4,111.6,91.6,18.9,2007,-7,108,8
8,Brandan Wright,CHA,F,6-10,210,19,North Carolina,United States,/player/Brandan-Wright/Summary/45,,37.0,,0.637,0.646,8.9,15.7,12.5,6.7,12.1,2.0,6.3,22.0,121.3,-3.1,1.5,123.1,91.6,24.8,2007,-8,242,2
9,Joakim Noah,CHI,FC,6-11,230,22,Florida,France/United States,/player/Joakim-Noah/Summary/50,,108.0,,0.641,0.616,11.8,22.5,17.6,16.2,17.9,2.5,8.4,24.0,180.0,-3.1,1.7,122.2,85.1,27.9,2007,-9,108,5
10,Spencer Hawes,SAC,C,7-1,245,19,Washington,United States,/player/Spencer-Hawes/Summary/370,,31.0,,0.563,0.533,8.0,17.7,12.8,13.7,16.0,1.0,6.0,25.8,162.0,-3.9,1.3,110.8,103.0,20.7,2007,-10,406,0
11,Acie Law,ATL,SG,6-3,202,22,Texas A&M,United States,/player/Acie-Law/Summary/38,,122.0,,0.552,0.511,1.7,10.0,5.9,31.3,16.5,2.6,0.1,24.6,158.6,1.8,1.3,110.5,98.1,18.1,2007,-11,354,12
12,Thaddeus Young,PHL,F,6-8,225,19,Georgia Tech,United States,/player/Thaddeus-Young/Summary/41,,31.0,,0.552,0.531,9.3,10.3,9.8,12.9,14.2,2.4,1.5,24.2,164.1,-2.6,1.2,114.8,100.9,19.6,2007,-12,128,2
13,Julian Wright,NOP,F,6-8,225,20,Kansas,United States,/player/Julian-Wright/Summary/31,,71.0,,0.566,0.557,9.6,18.8,14.5,15.9,19.2,2.9,5.8,22.8,133.3,-3.5,1.3,106.3,82.8,21.8,2007,-13,172,2
14,Al Thornton,LAC,F,6-8,203,23,Florida State,United States,/player/Al-Thornton/Summary/39,,123.0,,0.593,0.559,11.7,16.6,14.2,7.4,14.4,2.2,3.2,27.6,166.7,-5.8,1.5,115.1,96.8,23.7,2007,-14,111,2
15,Rodney Stuckey,DET,G,6-5,205,21,Eastern Washington,United States,/player/Rodney-Stuckey/Summary/42,,59.0,,0.581,0.52,4.3,12.6,8.6,32.3,14.2,4.2,0.9,35.4,159.5,-0.8,1.4,117.5,102.9,29.3,2007,-15,98,6
16,Nick Young,WAS,SG,6-7,210,22,USC,United States,/player/Nick-Young/Summary/234,,96.0,,0.563,0.525,5.5,10.4,8.0,10.1,13.4,1.6,0.9,25.5,161.6,-3.9,1.3,110.3,105.8,18.8,2007,-16,380,12
17,Sean Williams,NJN,C,6-10,235,20,Boston College,United States,/player/Sean-Williams/Summary/46,,69.0,,0.592,0.577,9.5,14.3,12.0,5.8,20.5,1.8,14.0,14.4,118.2,-3.9,1.6,109.4,94.5,17.3,2007,-17,43,0
18,Marco Belinelli,GOS,G,6-5,225,21,Fortituto Kontatto Bologna (Italy),Italy,/player/Marco-Belinelli/Summary/48,All Leagues,46.0,42.0,0.541,0.499,1.8,5.6,3.7,8.0,13.5,2.9,0.2,24.9,148.8,-4.0,1.2,105.0,113.6,13.8,2007,-18,114,6
19,Javaris Crittenton,LAL,G,6-5,200,19,Georgia Tech,United States,/player/Javaris-Crittenton/Summary/49,,32.0,,0.552,0.501,3.3,10.9,7.1,32.3,22.9,3.7,0.2,25.6,158.9,-0.1,1.3,108.8,98.8,19.5,2007,-19,128,6
20,Jason Smith,MIA,PF,7-0,240,21,Colorado State,United States,/player/Jason-Smith/Summary/51,,87.0,,0.604,0.553,9.9,17.6,14.0,16.2,20.1,1.3,6.9,27.6,160.6,-6.6,1.5,111.6,101.1,25.0,2007,-20,78,9
21,Daequan Cook,PHL,G,6-5,205,20,Ohio State,United States,/player/Daequan-Cook/Summary/52,,39.0,,0.548,0.53,4.4,20.6,12.7,11.0,13.8,2.2,1.4,27.4,155.7,-3.9,1.2,106.1,92.4,20.1,2007,-21,259,6
22,Jared Dudley,CHA,PF,6-7,237,21,Boston College,United States,/player/Jared-Dudley/Summary/44,,130.0,,0.595,0.548,9.7,13.6,11.8,17.5,13.2,2.3,0.8,21.9,160.0,-,1.5,124.4,99.9,22.2,2007,-22,43,9
23,Wilson Chandler,NYK,SF,6-9,225,20,DePaul,United States,/player/Wilson-Chandler/Summary/47,,59.0,,0.504,0.48,7.2,19.2,13.3,8.7,12.3,1.4,5.3,25.5,140.7,-3.4,1.1,102.2,98.8,18.4,2007,-23,85,11
24,Rudy Fernandez,PHX,SG,6-6,185,22,Joventut Badalona (Spain),Spain,/player/Rudy-Fernandez/Summary/371,All Leagues,61.0,54.0,0.625,0.568,4.6,14.6,9.3,19.2,15.6,4.0,0.6,25.6,168.8,-2.4,1.5,121.1,99.7,22.0,2007,-24,164,12
25,Morris Almond,UTH,GF,6-6,220,22,Rice,United States,/player/Morris-Almond/Summary/372,,121.0,,0.602,0.552,5.7,14.5,10.3,11.2,14.7,2.1,2.7,33.4,175.1,-7.1,1.4,112.0,98.7,25.4,2007,-25,301,8
26,Aaron Brooks,HOU,G,6-0,161,22,Oregon,United States,/player/Aaron-Brooks/Summary/53,,115.0,,0.565,0.518,2.4,8.7,5.6,25.1,18.5,2.1,0.4,22.3,163.7,0.3,1.3,112.1,105.6,16.8,2007,-26,267,6
27,Arron Afflalo,DET,SG,6-5,210,21,UCLA,United States,/player/Arron-Afflalo/Summary/54,,104.0,,0.586,0.55,1.9,8.6,5.3,12.4,13.5,1.2,0.6,23.3,160.8,-2.3,1.4,115.9,102.9,17.5,2007,-27,373,12
28,Tiago Splitter,SAN,F,6-11,245,22,Baskonia (Spain),Brazil,/player/Tiago-Splitter/Summary/373,All Leagues,57.0,37.0,0.612,0.594,13.2,17.2,15.2,4.9,15.2,2.8,2.4,20.6,118.3,-4.6,1.6,117.4,102.4,19.5,2007,-28,35,2
29,Alando Tucker,PHX,F,6-6,205,23,Wisconsin,United States,/player/Alando-Tucker/Summary/55,,134.0,,0.541,0.511,8.7,12.9,10.8,11.8,10.1,1.5,0.7,28.2,142.3,-2.2,1.3,113.5,96.7,21.7,2007,-29,419,2
30,Petteri Koponen,PHL,G,6-4,195,19,Tapiolan Honka (Finland),Finland,/player/Petteri-Koponen/Summary/374,,,,,,,,,,,,,,,,,,,,2007,-30,346,6
31,Carl Landry,SEA,F,6-9,248,23,Purdue,United States,/player/Carl-Landry/Summary/2,,64.0,,0.647,0.61,12.1,16.5,14.3,10.3,16.9,2.1,3.2,29.3,154.9,-7.2,1.8,119.6,98.3,27.6,2007,-31,293,2
32,Gabe Pruitt,BOS,G,6-4,185,21,USC,United States,/player/Gabe-Pruitt/Summary/3,,80.0,,0.579,0.542,1.7,7.4,4.6,21.8,16.6,3.6,0.6,22.1,160.4,-,1.3,112.4,106.3,18.7,2007,-32,380,6
33,Marcus E. Williams,SAN,F,6-7,207,20,Arizona,United States,/player/Marcus-E-Williams/Summary/27,,63.0,,0.54,0.51,7.4,14.0,10.7,13.4,13.9,1.9,2.3,25.0,154.0,-2.7,1.2,109.1,101.5,19.0,2007,-33,17,2
34,Nick Fazekas,DAL,F,6-11,240,22,Nevada,United States/Japan,/player/Nick-Fazekas/Summary/343,,131.0,,0.612,0.566,9.8,24.7,17.6,10.1,10.1,1.5,4.8,28.2,168.8,-2.9,1.5,125.6,89.3,29.8,2007,-34,235,2
35,Glen Davis,SEA,PF,6-9,289,21,LSU,United States,/player/Glen-Davis/Summary/4,,95.0,,0.553,0.507,14.1,20.1,17.2,10.6,13.7,2.1,3.8,27.4,149.9,-4.4,1.4,113.9,93.4,24.4,2007,-35,176,9
36,Jermareo Davidson,GOS,PF,6-10,230,22,Alabama,United States,/player/Jermareo-Davidson/Summary/5,,126.0,,0.517,0.469,9.2,19.4,14.5,7.2,13.5,1.2,6.5,20.3,139.4,-3.1,1.2,109.1,98.3,18.0,2007,-36,8,9
37,Josh McRoberts,POR,PF,6-10,240,20,Duke,United States,/player/Josh-McRoberts/Summary/6,,69.0,,0.578,0.549,8.0,17.2,12.9,16.0,17.0,2.3,5.6,19.0,148.2,-1.0,1.4,115.1,91.0,19.9,2007,-37,93,9
38,Kyrylo Fesenko,PHL,C,7-1,280,20,BK Cherkassy (Ukraine),Ukraine,/player/Kyrylo-Fesenko/Summary/7,,,,,,,,,,,,,,,,,,,,2007,-38,28,0
39,Stanko Barac,MIA,C,7-1,245,20,BC Siroki (Bosnia and Herzegovina),Croatia,/player/Stanko-Barac/Summary/26,All Leagues,47.0,18.0,0.556,0.517,10.0,19.3,14.7,7.4,21.1,1.3,3.4,20.8,149.1,-6.4,1.3,100.2,104.6,13.0,2007,-39,27,0
40,Yue Sun,LAL,G,6-8,205,21,Beijing Olympians (United States),China,/player/Yue-Sun/Summary/25,,,,,,,,,,,,,,,,,,,,2007,-40,38,6
41,Chris Richard,MIN,F,6-9,255,22,Florida,United States,/player/Chris-Richard/Summary/10,,141.0,,0.663,0.665,9.4,14.1,12.0,4.3,20.7,1.4,2.7,15.4,129.2,-4.8,1.6,115.8,95.4,14.4,2007,-41,108,2
42,Derrick Byars,POR,SF,6-7,220,23,Vanderbilt,United States,/player/Derrick-Byars/Summary/29,,125.0,,0.575,0.556,5.4,10.9,8.2,16.7,16.0,2.1,0.7,21.7,156.0,-1.4,1.3,111.2,104.7,16.6,2007,-42,394,11
43,Adam Haluska,NOP,G,6-5,210,23,Iowa,United States,/player/Adam-Haluska/Summary/353,,129.0,,0.568,0.515,2.6,11.8,7.4,12.5,11.2,2.0,0.9,22.9,162.1,-1.1,1.3,115.5,97.1,18.1,2007,-43,158,6
44,Reyshawn Terry,ORL,PF,6-8,235,23,North Carolina,United States,/player/Reyshawn-Terry/Summary/24,,126.0,,0.601,0.565,7.8,18.5,13.4,11.2,19.1,2.3,3.4,23.9,165.4,-5.4,1.4,111.3,92.0,19.5,2007,-44,242,9
45,Jared Jordan,LAC,G,6-2,187,22,Marist,United States,/player/Jared-Jordan/Summary/28,,117.0,,0.541,0.509,3.9,11.7,7.8,40.8,18.5,2.3,0.2,22.0,147.3,5.3,1.3,113.9,104.6,18.9,2007,-45,200,6
46,Yann Ulrich Stephane Lasme,GOS,F,6-8,215,24,Massachusetts,Gabon,/player/Yann-Ulrich-Stephane-Lasme/Summary/375,,118.0,,0.609,0.595,13.8,16.4,15.2,7.5,20.7,1.8,14.0,18.3,121.7,-5.3,1.6,111.2,93.3,21.6,2007,-46,205,2
47,Dominic McGuire,WAS,F,6-9,235,21,Fresno State,United States,/player/Dominic-McGuire/Summary/23,,86.0,,0.5,0.482,6.1,15.7,10.9,17.3,21.8,1.6,8.0,22.5,127.2,-4.6,1.2,93.1,96.8,17.4,2007,-47,117,2
48,Marc Gasol,LAL,C,7-1,255,22,CB Girona (Spain),Spain,/player/Marc-Gasol/Summary/22,ACB,37.0,24.0,0.634,0.605,13.2,19.5,16.4,9.8,13.4,2.1,4.2,20.7,165.9,-2.3,1.6,125.5,106.8,23.5,2007,-48,55,0
49,Aaron Gray,CHI,C,7-0,270,22,Pittsburgh,United States,/player/Aaron-Gray/Summary/11,,113.0,,0.565,0.55,15.0,24.2,19.8,13.6,15.1,1.1,6.1,25.4,114.5,-3.4,1.4,113.6,90.4,23.9,2007,-49,286,0
50,Renaldas Seibutis,DAL,SG,6-5,176,21,Maroussi BC (Greece),Lithuania,/player/Renaldas-Seibutis/Summary/20,Euroleague,3.0,0.0,0.0,0.0,0.0,15.6,7.9,19.3,0.0,6.6,0.0,5.8,0.0,7.8,0.0,54.0,94.5,8.1,2007,-50,201,12
51,JamesOn Curry,CHI,G,6-4,200,21,Oklahoma State,United States,/player/JamesOn-Curry/Summary/12,,101.0,,0.558,0.527,1.8,8.6,5.3,21.8,18.9,1.9,0.8,23.5,159.6,-1.5,1.3,106.4,101.4,15.4,2007,-51,261,6
52,Taurean Green,POR,PG,6-0,177,20,Florida,United States,/player/Taurean-Green/Summary/21,,111.0,,0.595,0.518,1.1,7.1,4.4,21.3,22.2,2.3,0.2,20.0,164.6,-0.5,1.5,113.2,97.1,14.8,2007,-52,108,10
53,Demetris Nichols,POR,SF,6-8,216,22,Syracuse,United States,/player/Demetris-Nichols/Summary/16,,123.0,,0.543,0.515,4.9,11.7,8.5,8.1,12.7,2.2,3.2,21.6,153.3,-2.9,1.2,110.1,98.3,16.5,2007,-53,344,11
54,Brad Newley,HOU,F,6-6,205,22,Lietuvos Rytas (Lithuania),Australia,/player/Brad-Newley/Summary/19,Eurocup,12.0,10.0,0.637,0.609,2.7,15.1,9.0,6.6,12.6,3.1,0.6,17.6,158.9,-2.1,1.4,118.4,110.2,15.9,2007,-54,184,2
55,Herbert Hill,UTH,FC,6-10,240,22,Providence,United States,/player/Herbert-Hill/Summary/13,,98.0,,0.611,0.614,12.5,17.4,15.1,10.1,16.5,2.3,9.9,23.2,117.9,-4.5,1.4,114.6,97.4,24.1,2007,-55,291,5
56,Ramon Sessions,MIL,G,6-3,190,21,Nevada,United States,/player/Ramon-Sessions/Summary/14,,97.0,,0.488,0.434,4.1,11.5,8.1,31.0,22.2,2.4,0.5,19.9,146.9,2.6,1.2,102.0,96.3,14.6,2007,-56,235,6
57,Sammy Mejia,DET,SF,6-6,190,24,DePaul,United States,/player/Sammy-Mejia/Summary/30,,123.0,,0.537,0.511,6.3,11.7,9.0,21.8,16.5,2.1,0.6,23.3,145.0,-0.3,1.3,108.9,104.6,17.8,2007,-57,85,11
58,Georgios Printezis,SAN,F,6-9,235,22,Ifestos Limnou (Greece),Greece,/player/Georgios-Printezis/Summary/18,Euroleague,21.0,10.0,0.546,0.534,7.5,14.8,11.4,6.1,12.8,0.9,1.4,18.6,135.9,-2.6,1.2,107.8,112.7,12.9,2007,-58,149,2
59,D.J. Strawberry,PHX,G,6-6,205,22,Maryland,United States/Cameroon,/player/DJ-Strawberry/Summary/15,,111.0,,0.533,0.501,3.9,8.9,6.4,18.6,18.7,3.6,1.5,19.5,143.1,-1.0,1.3,104.6,95.2,15.1,2007,-59,204,6
60,Milovan Rakovic,DAL,PF,6-10,286,22,KK Mega Bemax (Serbia),Serbia,/player/Milovan-Rakovic/Summary/17,,,,,,,,,,,,,,,,,,,,2007,-60,168,9
61,Anthony Tolliver,,PF,6-8,245,22,Creighton,United States,/player/Anthony-Tolliver/Summary/328,,124.0,,0.548,0.506,9.4,16.7,13.1,11.6,15.5,1.8,5.7,22.0,149.5,-3.1,1.4,109.0,93.8,18.9,2007,-61,82,9
61,Joel Anthony,,C,6-9,245,24,UNLV,Canada,/player/Joel-Anthony/Summary/789,,68.0,,0.576,0.573,7.5,10.1,8.8,3.6,15.9,1.5,15.8,11.8,113.4,-2.7,1.4,114.9,102.4,17.9,2007,-61,379,0
61,Cartier Martin,,F,6-7,220,22,Kansas State,United States,/player/Cartier-Martin/Summary/1196,,112.0,,0.58,0.537,7.2,12.8,10.0,12.7,12.3,1.6,0.6,24.9,163.8,-2.5,1.4,116.7,99.2,19.7,2007,-61,173,2
61,Gary Neal,,G,6-4,210,22,Towson,United States,/player/Gary-Neal/Summary/10568,,106.0,,0.567,0.515,2.8,10.6,6.7,19.9,11.7,2.1,0.3,32.6,161.2,-2.5,1.3,113.3,106.7,22.8,2007,-61,364,6
61,Mirza Teletovic,,PF,6-9,242,21,Baskonia (Spain),Bosnia and Herzegovina,/player/Mirza-Teletovic/Summary/28228,All Leagues,60.0,15.0,0.529,0.504,7.7,14.2,11.0,4.2,10.7,1.7,2.2,16.3,154.9,-1.9,1.1,111.9,104.6,11.2,2007,-61,35,9
61,Bobby Brown,,PG,6-2,175,22,Cal State Fullerton,United States,/player/Bobby-Brown/Summary/862,,116.0,,0.551,0.523,1.5,6.5,3.9,25.2,16.9,2.3,0.4,25.5,159.7,-0.4,1.2,110.0,106.2,17.4,2007,-61,61,10
61,Mustafa Shakur,,SG,6-3,190,22,Arizona,United States,/player/Mustafa-Shakur/Summary/890,,131.0,,0.556,0.503,2.3,9.5,5.9,27.3,24.7,2.3,0.3,18.4,159.3,1.5,1.3,107.0,105.5,14.8,2007,-61,17,12
61,Mario West,,G,6-5,210,23,Georgia Tech,United States,/player/Mario-West/Summary/364,,102.0,,0.54,0.5,6.0,11.9,9.0,15.0,22.4,4.7,1.6,13.2,143.6,-0.2,1.3,107.1,92.6,13.4,2007,-61,128,6
61,Blake Ahearn,,G,6-3,190,23,Missouri State,United States,/player/Blake-Ahearn/Summary/912,,129.0,,0.616,0.544,1.1,6.0,3.6,14.4,13.2,1.6,0.2,23.2,177.7,-1.6,1.5,121.0,102.6,18.4,2007,-61,220,6
61,Gustavo Ayon,,C,6-10,250,22,,Mexico,/player/Gustavo-Ayon/Summary/25206,,,,,,,,,,,,,,,,,,,,2007,-61,429,0
61,Trey Johnson,,SF,6-5,215,22,Jackson State,United States/Qatar,/player/Trey-Johnson/Summary/932,,95.0,,0.539,0.488,3.3,8.1,5.7,18.5,13.2,1.7,0.2,31.6,156.5,-3.7,1.3,108.2,107.6,20.6,2007,-61,161,11
61,Andre Ingram,,G,6-3,184,21,American University,United States,/player/Andre-Ingram/Summary/1716,,118.0,,0.521,0.486,3.2,12.8,8.0,11.7,11.6,1.9,0.4,24.3,156.5,-2.1,1.2,106.5,101.0,15.4,2007,-61,12,6
61,Ivan Johnson,,PF,6-8,255,23,Cal State San Bernardino,United States,/player/Ivan-Johnson/Summary/6787,,28.0,,0.529,0.5,7.6,17.4,12.4,6.0,19.2,3.3,1.8,28.4,113.4,-8.7,1.3,95.0,99.8,15.8,2007,-61,62,9
61,Coby Karl,,SF,6-5,215,24,Boise State,United States,/player/Coby-Karl/Summary/788,,127.0,,0.577,0.523,2.6,12.4,7.6,21.2,18.6,1.8,1.6,23.5,157.1,-1.7,1.4,110.4,100.8,17.2,2007,-61,42,11
61,Darryl Watkins,,C,6-11,258,22,Syracuse,United States,/player/Darryl-Watkins/Summary/873,,106.0,,0.543,0.536,10.5,15.5,13.1,4.4,18.6,2.2,11.4,13.9,107.7,-3.7,1.4,106.0,92.4,16.1,2007,-61,344,0
61,Eric Dawson,,F,6-9,255,22,Midwestern State,United States,/player/Eric-Dawson/Summary/1761,,,,,,,,,,,,,,,,,,,,2007,-61,214,2
61,Zabian Dowdell,,G,6-3,191,22,Virginia Tech,United States,/player/Zabian-Dowdell/Summary/1767,,122.0,,0.538,0.502,2.2,9.2,5.5,18.9,13.8,3.4,0.6,23.6,154.2,-0.4,1.2,108.1,99.7,17.9,2007,-61,399,6
61,Oliver Lafayette,,PG,6-3,190,23,Houston,United States/Croatia,/player/Oliver-Lafayette/Summary/2026,,64.0,,0.487,0.451,3.9,12.7,8.0,15.1,11.7,4.9,0.6,24.6,140.6,-1.2,1.1,103.0,92.2,17.8,2007,-61,143,10
61,Brandon Wallace,,F,6-9,203,22,South Carolina,United States,/player/Brandon-Wallace/Summary/896,,135.0,,0.5,0.487,9.7,16.5,13.1,11.3,13.5,2.2,8.3,15.8,124.0,-0.2,1.1,109.4,96.4,17.4,2007,-61,327,2
61,Zach Andrews,,F,6-9,230,22,Bradley,United States,/player/Zach-Andrews/Summary/7081,,67.0,,0.608,0.622,12.4,22.7,17.4,8.2,19.6,2.4,4.2,22.2,214.4,-6.1,1.5,108.1,94.5,20.7,2007,-61,47,2
61,Cyril Awere,,C,6-11,268,22,,Nigeria,/player/Cyril-Awere/Summary/43749,,,,,,,,,,,,,,,,,,,,2007,-61,429,0
61,Mirza Begic,,C,7-3,265,21,Real Madrid (Spain),Bosnia and Herzegovina/Slovenia,/player/Mirza-Begic/Summary/28230,Euroleague,9.0,7.0,0.515,0.542,4.8,27.6,15.6,3.3,20.5,3.1,9.2,17.0,91.7,-6.0,1.3,88.7,104.0,11.9,2007,-61,299,0
61,Justin Cage,,SF,6-6,225,22,Xavier,United States,/player/Justin-Cage/Summary/1895,,131.0,,0.621,0.568,9.5,10.1,9.8,9.5,17.6,1.6,1.4,15.6,162.0,-2.1,1.7,121.7,100.9,15.2,2007,-61,421,11
61,Warren Carter,,PF,6-9,220,22,Illinois,United States,/player/Warren-Carter/Summary/1698,,115.0,,0.546,0.511,7.7,16.3,12.0,10.6,15.9,1.4,3.1,23.0,155.0,-3.7,1.3,107.7,92.0,17.1,2007,-61,151,9
61,Coleman Collins,,PF,6-9,225,21,Virginia Tech,United States,/player/Coleman-Collins/Summary/931,,109.0,,0.524,0.489,9.3,15.4,12.3,5.0,11.4,1.1,4.0,21.1,147.8,-3.2,1.3,108.5,100.4,17.0,2007,-61,399,9
61,Bennet Davis,,SF,6-8,220,23,Northeastern,Bahamas,/player/Bennet-Davis/Summary/3454,,123.0,,0.501,0.469,8.2,16.4,12.3,8.5,16.2,1.7,4.7,20.7,141.4,-4.0,1.2,99.1,97.6,14.8,2007,-61,247,11
61,Dontaye Draper,,PG,5-10,180,22,Charleston,United States/Croatia,/player/Dontaye-Draper/Summary/1857,,117.0,,0.548,0.504,1.8,8.9,5.4,24.3,19.1,3.6,1.2,24.1,150.7,-1.4,1.3,105.6,95.1,17.1,2007,-61,67,10
61,Vernon Hamilton,,G,6-1,195,22,Clemson,United States,/player/Vernon-Hamilton/Summary/903,,127.0,,0.496,0.483,2.6,9.7,6.1,21.0,21.8,4.3,0.2,21.0,129.5,-2.3,1.2,94.5,96.1,13.3,2007,-61,74,6
61,Brandon Heath,,G,6-4,200,23,San Diego State,United States,/player/Brandon-Heath/Summary/948,,125.0,,0.53,0.49,1.8,6.5,4.1,20.0,16.0,3.5,0.2,28.5,154.7,-3.4,1.2,105.2,108.5,20.2,2007,-61,316,6
61,Quinton Hosley,,SF,6-7,215,23,Fresno State,United States,/player/Quinton-Hosley/Summary/1734,,60.0,,0.522,0.469,9.1,18.5,13.9,9.1,14.3,2.8,2.3,25.9,145.6,-4.7,1.3,103.9,93.2,19.3,2007,-61,117,11
61,Ibrahim Jaaber,,G,6-2,175,23,Pennsylvania,United States,/player/Ibrahim-Jaaber/Summary/1741,,114.0,,0.583,0.556,5.1,9.4,7.3,19.3,14.2,5.3,1.8,21.9,152.1,-0.1,1.4,115.7,90.1,21.7,2007,-61,279,6
61,Rashad Jones-Jennings,,PF,6-8,235,22,Little Rock,United States,/player/Rashad-Jones-Jennings/Summary/1977,,59.0,,0.511,0.472,15.3,31.7,23.2,8.0,14.9,1.7,3.1,21.8,106.2,-4.2,1.4,106.8,95.3,20.1,2007,-61,188,9
61,Tre Kelley,,G,6-0,187,22,South Carolina,United States,/player/Tre-Kelley/Summary/938,,134.0,,0.526,0.493,1.6,6.8,4.1,26.6,18.1,2.0,0.4,23.2,147.7,0.7,1.2,104.8,105.2,14.9,2007,-61,327,6
61,Kevin Kruger,,PG,6-1,185,24,UNLV,United States,/player/Kevin-Kruger/Summary/882,,117.0,,0.589,0.534,1.2,7.5,4.4,24.1,15.9,2.1,0.3,19.4,157.9,2.2,1.4,118.9,108.2,17.1,2007,-61,379,10
61,Darnell Lazare,,F,6-8,240,22,LSU,United States,/player/Darnell-Lazare/Summary/5764,,120.0,,0.556,0.533,8.2,12.6,10.5,5.3,19.7,1.8,2.0,17.6,217.0,-5.1,1.3,102.5,99.3,13.2,2007,-61,176,2
61,Torrell Martin,,SG,6-5,200,22,Winthrop,United States,/player/Torrell-Martin/Summary/16404,,108.0,,0.577,0.565,7.5,13.3,10.4,13.2,12.7,3.4,1.5,23.7,149.5,-2.0,1.3,117.0,92.3,21.7,2007,-61,418,12
61,David Monds,,PF,6-9,240,23,Oklahoma State,United States,/player/David-Monds/Summary/1784,,108.0,,0.541,0.518,8.8,19.9,14.6,5.6,17.6,1.1,2.7,17.9,143.3,-4.4,1.3,104.3,93.9,13.9,2007,-61,261,9
61,Dan Nwaelele,,G,6-5,205,23,Air Force,United States/Nigeria,/player/Dan-Nwaelele/Summary/1911,,109.0,,0.648,0.613,2.9,7.9,5.4,15.1,16.2,2.4,0.9,22.4,177.9,-2.0,1.5,117.8,103.5,20.4,2007,-61,4,6
61,Lukasz Obrzut,,C,7-1,265,24,Kentucky,Poland,/player/Lukasz-Obrzut/Summary/5734,,123.0,,0.571,0.537,5.8,10.8,8.4,3.7,24.6,0.6,3.5,12.8,120.3,-4.8,1.4,98.4,100.0,7.3,2007,-61,174,0
61,Brent Petway,,SF,6-7,225,22,Michigan,United States,/player/Brent-Petway/Summary/921,,119.0,,0.611,0.603,11.0,19.3,15.2,7.6,16.6,1.8,7.3,16.2,138.6,-3.0,1.5,116.3,94.0,19.0,2007,-61,211,11
61,Terrence Roberts,,FC,6-10,240,21,Syracuse,United States,/player/Terrence-Roberts/Summary/2394,,127.0,,0.536,0.544,10.6,15.5,13.1,7.8,17.6,2.5,4.8,18.2,122.0,-3.8,1.3,104.5,95.1,16.2,2007,-61,344,5
61,Curtis Sumpter,,F,6-7,225,23,Villanova,United States,/player/Curtis-Sumpter/Summary/930,,125.0,,0.562,0.511,10.2,15.9,13.1,7.0,14.9,1.9,3.3,24.1,160.3,-5.1,1.3,113.2,97.2,19.3,2007,-61,396,2
61,Jamaal Tatum,,G,6-2,175,22,Southern Illinois,United States,/player/Jamaal-Tatum/Summary/895,,131.0,,0.524,0.48,2.8,8.0,5.4,18.6,13.7,2.6,0.3,26.1,154.3,-1.4,1.2,106.0,96.5,16.9,2007,-61,332,6
61,Kammron Taylor,,G,6-2,175,22,Wisconsin,United States,/player/Kammron-Taylor/Summary/2011,,119.0,,0.54,0.482,1.7,8.1,4.9,13.3,15.9,1.2,0.2,23.0,157.0,-2.8,1.3,105.2,98.4,13.5,2007,-61,419,6
61,Larry Turner,,C,6-11,240,24,Tennessee State,United States,/player/Larry-Turner/Summary/1719,,97.0,,0.475,0.461,10.3,16.3,13.2,6.4,22.8,1.3,5.7,17.2,96.3,-5.7,1.2,90.1,99.1,10.2,2007,-61,350,0
61,Roderick Wilmont,,G,6-4,215,23,Indiana,United States,/player/Roderick-Wilmont/Summary/1842,,118.0,,0.51,0.499,6.8,15.7,11.2,6.6,9.6,2.5,1.0,21.4,136.0,-1.9,1.1,107.1,97.9,16.0,2007,-61,154,6
61,Courtney Sims,,FC,6-10,245,23,Michigan,United States,/player/Courtney-Sims/Summary/352,,133.0,,0.614,0.587,10.5,18.3,14.5,6.0,19.5,1.0,7.7,23.1,142.6,-7.3,1.5,109.0,95.8,20.2,2007,-61,211,5
61,Shagari Alleyne,,C,7-3,270,23,Manhattan,United States,/player/Shagari-Alleyne/Summary/1982,,69.0,,0.601,0.581,6.8,16.2,11.5,4.8,22.8,0.4,15.6,16.1,123.3,-5.8,1.5,103.1,90.1,16.6,2007,-61,199,0
61,Carlos Morais,,G,6-3,220,21,Petro Atletico de Luanda (Angola),Angola,/player/Carlos-Morais/Summary/2953,,,,,,,,,,,,,,,,,,,,2007,-61,282,6
61,Remi Yusuf,,G,6-4,195,23,Texas A&M-Kingsville,United States/Nigeria,/player/Remi-Yusuf/Summary/79173,,,,,,,,,,,,,,,,,,,,2007,-61,356,6
1,Paolo Banchero,ORL,C,6-10,250,19,Duke,United States/Italy,/player/Paolo-Banchero/Summary/134150,,39.0,,0.557,0.52,6.4,19.0,13.2,17.5,13.3,1.9,2.7,27.4,154.5,-0.7,1.3,113.8,97.2,24.8,2022,-1,93,0
2,Chet Holmgren,OKC,C,7-1,208,20,Gonzaga,United States,/player/Chet-Holmgren/Summary/134799,,32.0,,0.691,0.68,8.0,28.6,19.5,11.4,15.7,1.6,12.5,21.6,171.5,-2.2,1.6,127.0,78.2,31.6,2022,-2,131,0
3,"Jabari Smith, Jr.",HOU,F,6-10,220,19,Auburn,United States,/player/Jabari-Smith-Jr/Summary/145673,,34.0,,0.57,0.521,3.5,23.4,13.5,13.9,11.1,2.1,3.8,27.5,164.8,-1.7,1.3,116.5,89.8,25.8,2022,-3,22,2
4,Keegan Murray,SAC,F,6-8,225,21,Iowa,United States,/player/Keegan-Murray/Summary/163374,,66.0,,0.626,0.6,9.8,19.6,14.8,8.1,6.6,2.4,6.6,26.0,166.5,-0.8,1.5,131.0,95.7,33.5,2022,-4,158,2
5,Jaden Ivey,DET,G,6-4,195,20,Purdue,United States,/player/Jaden-Ivey/Summary/148740,,59.0,,0.552,0.507,3.1,13.9,8.8,18.4,13.6,1.8,2.5,28.1,150.2,-1.4,1.3,111.5,101.3,22.0,2022,-5,293,6
6,Bennedict Mathurin,IND,GF,6-5,210,20,Arizona,Canada/Haiti,/player/Bennedict-Mathurin/Summary/147080,,63.0,,0.59,0.546,5.3,13.8,9.9,12.4,10.8,1.6,0.7,23.2,162.8,-0.7,1.4,121.0,97.6,21.5,2022,-6,17,8
7,Shaedon Sharpe,POR,F,6-5,208,19,Kentucky,Canada,/player/Shaedon-Sharpe/Summary/150554,,,,,,,,,,,,,,,,,,,,2022,-7,174,2
8,Dyson Daniels,NOP,GF,6-7,199,19,NBA G League Ignite,Australia,/player/Dyson-Daniels/Summary/151792,,,,,,,,,,,,,,,,,,,,2022,-8,231,8
9,Jeremy Sochan,SAN,SG,6-8,230,19,Baylor,United States/Poland,/player/Jeremy-Sochan/Summary/139379,,30.0,,0.546,0.531,8.9,20.5,14.6,12.0,15.6,2.9,3.2,19.5,135.9,-1.5,1.3,112.2,89.1,20.0,2022,-9,37,12
10,Johnny Davis,WAS,F,6-4,195,20,Wisconsin,United States,/player/Johnny-Davis/Summary/117363,,62.0,,0.518,0.468,4.7,20.1,12.3,12.2,11.6,2.3,2.4,26.6,153.5,-2.2,1.2,103.9,95.0,21.1,2022,-10,419,2
11,Ousmane Dieng,NYK,SG,6-9,185,19,New Zealand (New Zealand),France,/player/Ousmane-Dieng/Summary/148828,AUS NBL,23.0,11.0,0.479,0.463,2.6,15.6,8.8,8.9,13.1,1.5,1.3,24.1,133.6,-3.6,1.0,89.2,111.8,10.7,2022,-11,239,12
12,Jalen Williams,OKC,G,6-5,211,21,Santa Clara,United States,/player/Jalen-Williams/Summary/135764,,84.0,,0.568,0.526,2.0,11.5,7.0,18.0,12.7,2.2,1.8,21.0,160.6,1.0,1.3,111.5,99.3,18.6,2022,-12,319,6
13,Jalen Duren,CHA,PF,6-10,250,18,Memphis,United States,/player/Jalen-Duren/Summary/137931,,29.0,,0.608,0.597,14.1,21.3,18.0,10.4,18.6,1.8,9.9,22.9,122.2,-5.3,1.5,112.8,90.7,25.5,2022,-13,208,9
14,Ochai Agbaji,CLE,SF,6-5,215,22,Kansas,United States,/player/Ochai-Agbaji/Summary/130970,,122.0,,0.564,0.542,3.5,11.4,7.6,9.5,12.5,1.7,1.5,21.1,153.5,-1.9,1.3,111.5,97.9,15.9,2022,-14,172,11
15,Mark Williams,CHA,C,7-0,240,20,Duke,United States,/player/Mark-Williams/Summary/132629,,62.0,,0.703,0.704,13.5,21.2,17.5,7.8,11.6,1.5,11.1,19.2,136.5,-1.7,1.6,136.7,93.9,32.6,2022,-15,93,0
16,"A.J. Griffin, Jr.",ATL,SG,6-6,220,18,Duke,United States,/player/AJ-Griffin-Jr/Summary/143343,,39.0,,0.63,0.613,3.9,13.6,9.1,7.0,7.2,1.3,2.3,18.8,173.2,-,1.4,128.9,101.3,21.2,2022,-16,93,12
17,Tari Eason,HOU,F,6-8,215,21,LSU,United States,/player/Tari-Eason/Summary/127888,,56.0,,0.585,0.538,11.3,20.5,15.9,12.0,16.5,4.1,6.4,28.9,158.8,-6.3,1.4,110.3,87.1,28.6,2022,-17,176,2
18,Dalen Terry,CHI,PG,6-7,195,19,Arizona,United States,/player/Dalen-Terry/Summary/132642,,63.0,,0.564,0.542,4.8,13.1,9.3,19.3,18.2,2.3,1.4,14.0,150.7,2.5,1.3,115.6,95.8,15.4,2022,-18,17,10
19,Jake LaRavia,MIN,F,6-7,235,20,Wake Forest,United States,/player/Jake-LaRavia/Summary/151853,,88.0,,0.599,0.558,9.6,15.6,12.7,18.1,17.8,2.5,3.8,22.0,163.8,-1.7,1.5,115.4,95.7,22.9,2022,-19,405,2
20,Malaki Branham,SAN,GF,6-4,180,19,Ohio State,United States,/player/Malaki-Branham/Summary/135900,,32.0,,0.596,0.556,3.5,10.6,7.3,14.6,12.8,1.6,1.0,24.2,174.8,-1.3,1.4,117.3,105.4,21.1,2022,-20,259,8
21,Christian Braun,DEN,SF,6-6,220,21,Kansas,United States,/player/Christian-Braun/Summary/143286,,101.0,,0.566,0.535,4.6,14.9,10.0,11.3,12.9,1.9,2.0,18.0,157.6,-0.4,1.3,115.3,94.4,17.9,2022,-21,172,11
22,Walker Kessler,MEM,C,7-0,245,20,Auburn,United States,/player/Walker-Kessler/Summary/132628,,63.0,,0.615,0.616,12.5,22.1,17.3,7.0,11.2,2.6,17.2,19.6,138.1,-2.3,1.4,124.1,84.0,31.5,2022,-22,22,0
23,David Roddy,PHL,F,6-4,255,21,Colorado State,United States,/player/David-Roddy/Summary/134247,,91.0,,0.6,0.563,8.0,21.4,15.0,17.5,14.6,1.7,3.5,26.6,158.0,-2.0,1.4,115.3,96.4,25.8,2022,-23,78,2
24,MarJon Beauchamp,MIL,SG,6-7,199,21,NBA G League Ignite,United States,/player/MarJon-Beauchamp/Summary/117599,,,,,,,,,,,,,,,,,,,,2022,-24,231,12
25,Blake Wesley,SAN,SG,6-3,185,19,Notre Dame,United States,/player/Blake-Wesley/Summary/131835,,35.0,,0.495,0.465,2.9,11.7,7.5,17.4,13.1,2.6,0.2,31.3,136.4,-2.1,1.1,97.0,100.1,17.7,2022,-25,255,12
26,"Wendell Moore, Jr.",DAL,SF,6-5,215,20,Duke,United States,/player/Wendell-Moore-Jr/Summary/108165,,88.0,,0.557,0.512,5.2,12.9,9.2,18.2,17.9,2.3,0.7,19.6,163.1,0.1,1.3,111.6,99.0,18.0,2022,-26,93,11
27,Nikola Jovic,MIA,F,6-10,205,19,KK Mega Bemax (Serbia),Serbia,/player/Nikola-Jovic/Summary/148861,All Leagues,29.0,21.0,0.525,0.492,4.3,15.7,10.0,22.5,21.4,1.3,1.6,23.8,144.7,-2.4,1.2,96.2,107.7,11.9,2022,-27,168,2
28,"Patrick Baldwin, Jr.",GOS,SG,6-9,220,19,Milwaukee,United States,/player/Patrick-Baldwin-Jr/Summary/117526,,11.0,,0.45,0.408,3.5,18.5,11.1,13.1,13.5,1.7,3.1,28.3,135.2,-3.7,1.0,87.9,102.4,14.7,2022,-28,215,12
29,"TyTy Washington, Jr.",MEM,PG,6-3,195,20,Kentucky,United States,/player/TyTy-Washington-Jr/Summary/135606,,31.0,,0.528,0.504,2.6,10.8,6.7,22.6,12.2,2.5,0.7,22.5,155.1,3.2,1.2,114.3,96.2,19.7,2022,-29,174,10
30,Peyton Watson,OKC,GF,6-7,200,19,UCLA,United States,/player/Peyton-Watson/Summary/133038,,32.0,,0.394,0.352,8.0,18.4,13.1,10.9,18.4,2.8,5.5,20.6,123.5,-3.2,0.9,85.6,90.4,11.8,2022,-30,373,8
31,Andrew Nembhard,IND,PG,6-4,191,22,Gonzaga,Canada,/player/Andrew-Nembhard/Summary/92194,,131.0,,0.545,0.515,0.8,9.2,5.2,27.4,17.6,2.2,0.3,17.5,157.9,4.9,1.2,113.5,97.7,14.9,2022,-31,131,10
32,Caleb Houstan,ORL,SF,6-8,205,19,Michigan,Canada,/player/Caleb-Houstan/Summary/117539,,34.0,,0.53,0.489,3.1,11.7,7.5,7.4,13.9,1.4,0.8,17.9,152.2,-2.0,1.2,105.4,105.4,12.3,2022,-32,211,11
33,Christian Koloko,TOR,C,7-0,225,22,Arizona,Cameroon,/player/Christian-Koloko/Summary/131565,,91.0,,0.611,0.59,12.9,18.2,15.7,7.5,12.9,1.7,10.4,18.7,126.0,-2.3,1.5,122.7,88.4,25.0,2022,-33,17,0
34,Jaylin Williams,OKC,C,6-9,240,19,Arkansas,United States,/player/Jaylin-Williams/Summary/152736,,63.0,,0.544,0.496,5.8,27.6,16.6,12.7,16.6,2.1,4.1,16.3,145.1,-0.8,1.3,109.1,89.4,18.3,2022,-34,19,0
35,Max Christie,LAL,F,6-5,190,19,Michigan State,United States,/player/Max-Christie/Summary/135151,,35.0,,0.494,0.449,3.4,9.1,6.4,8.6,13.7,1.0,1.7,18.1,152.4,-1.7,1.1,99.9,106.6,11.0,2022,-35,212,2
36,Gabriele Procida,POR,SG,6-6,191,20,Fortituto Kontatto Bologna (Italy),Italy,/player/Gabriele-Procida/Summary/136730,Lega A,26.0,7.0,0.668,0.624,3.9,16.7,10.2,6.5,12.3,2.4,1.8,15.9,169.0,-1.5,1.6,124.1,111.2,17.4,2022,-36,114,12
37,Jaden Hardy,SAC,SG,6-3,198,19,NBA G League Ignite,United States,/player/Jaden-Hardy/Summary/126838,,,,,,,,,,,,,,,,,,,,2022,-37,231,12
38,Kennedy Chandler,SAN,PG,6-0,171,19,Tennessee,United States,/player/Kennedy-Chandler/Summary/117531,,34.0,,0.539,0.527,2.5,9.7,6.0,32.1,16.2,4.1,0.9,25.0,145.3,2.1,1.2,108.0,90.7,20.8,2022,-38,349,10
39,Khalifa Diop,CLE,FC,6-10,231,20,Dreamland Gran Canaria (Spain),Senegal,/player/Khalifa-Diop/Summary/128505,All Leagues,54.0,11.0,0.625,0.621,13.2,20.8,16.9,7.1,20.2,1.6,5.1,19.3,118.6,-5.7,1.6,111.4,107.5,17.0,2022,-39,92,5
40,Bryce McGowens,MIN,GF,6-6,190,19,Nebraska,United States,/player/Bryce-McGowens/Summary/151325,,31.0,,0.533,0.453,2.4,14.6,8.7,8.7,11.7,1.2,1.0,27.1,150.8,-3.3,1.3,103.0,108.8,17.5,2022,-40,234,8
41,E.J. Liddell,NOP,PF,6-6,240,21,Ohio State,United States,/player/EJ-Liddell/Summary/107392,,92.0,,0.577,0.523,8.1,18.5,13.6,13.1,12.0,1.2,6.5,27.7,157.0,-2.5,1.4,117.4,97.2,26.9,2022,-41,259,9
42,Trevor Keels,NYK,PG,6-5,221,18,Duke,United States,/player/Trevor-Keels/Summary/128473,,36.0,,0.52,0.496,3.3,9.0,6.4,14.8,10.2,2.4,0.2,20.6,140.1,1.9,1.2,112.5,102.5,17.1,2022,-42,93,10
43,Moussa Diabate,LAC,PF,6-9,210,20,Michigan,France,/player/Moussa-Diabate/Summary/126848,,32.0,,0.565,0.549,12.0,17.4,14.8,6.4,15.5,0.8,3.7,19.9,137.5,-3.8,1.3,110.8,103.6,18.0,2022,-43,211,9
44,Ryan Rollins,ATL,G,6-3,180,19,Toledo,United States,/player/Ryan-Rollins/Summary/169177,,64.0,,0.548,0.505,3.0,15.5,9.6,18.2,13.1,2.6,0.7,27.0,156.5,-0.6,1.3,110.3,97.7,22.1,2022,-44,363,6
45,Josh Minott,CHA,F,6-8,205,19,Memphis,United States,/player/Josh-Minott/Summary/175934,,33.0,,0.571,0.528,12.9,15.8,14.4,12.8,14.0,3.2,5.4,21.9,141.9,-2.1,1.4,117.6,92.8,24.0,2022,-45,208,2
46,Ismael Kamagate,DET,C,6-11,220,21,Paris Basketball (France),France,/player/Ismael-Kamagate/Summary/132958,Jeep Elite,34.0,33.0,0.664,0.643,11.5,18.6,15.0,4.8,17.0,1.4,6.0,18.0,129.8,-4.6,1.7,119.0,114.1,19.5,2022,-46,274,0
47,"Vincent Williams, Jr.",MEM,SF,6-4,205,21,VCU,United States,/player/Vincent-Williams-Jr/Summary/132218,,110.0,,0.578,0.528,5.0,16.4,10.8,15.8,20.2,2.9,2.6,20.3,158.0,-2.8,1.4,106.2,88.8,16.3,2022,-47,390,11
48,Kendall Brown,MIN,G,6-7,205,19,Baylor,United States,/player/Kendall-Brown/Summary/137162,,34.0,,0.63,0.615,7.3,13.7,10.5,12.3,18.2,2.2,1.5,17.0,161.5,-1.7,1.5,118.5,94.3,18.7,2022,-48,37,6
49,Isaiah Mobley,CLE,SF,6-8,238,22,USC,United States,/player/Isaiah-Mobley/Summary/103943,,95.0,,0.524,0.504,9.0,18.7,14.1,13.8,13.7,1.3,3.2,20.4,141.6,-0.8,1.2,109.9,94.1,19.2,2022,-49,380,11
50,Matteo Spagnolo,MIN,SG,6-6,196,19,Vanoli Cremona (Italy),Italy,/player/Matteo-Spagnolo/Summary/129211,Lega A,25.0,23.0,0.557,0.502,2.6,13.2,7.8,17.3,19.4,1.5,0.1,23.8,174.3,-3.3,1.3,100.5,112.3,13.2,2022,-50,395,12
51,Tyrese Martin,GOS,GF,6-6,215,23,UConn,United States,/player/Tyrese-Martin/Summary/120264,,114.0,,0.52,0.498,8.0,16.3,12.1,8.3,13.4,1.8,1.4,19.9,145.2,-2.7,1.2,106.8,97.5,15.5,2022,-51,374,8
52,Karlo Matkovic,NOP,PF,6-10,231,21,KK Mega Bemax (Serbia),Bosnia and Herzegovina/Croatia,/player/Karlo-Matkovic/Summary/118836,All Leagues,27.0,15.0,0.634,0.609,14.9,19.2,17.0,9.7,15.5,1.2,5.8,22.9,131.4,-4.5,1.5,116.3,104.7,21.6,2022,-52,168,9
53,J.D. Davison,BOS,F,6-1,195,19,Alabama,United States,/player/JD-Davison/Summary/151480,,33.0,,0.558,0.521,4.5,15.1,9.8,29.3,27.3,2.1,1.4,18.8,149.2,-,1.3,104.5,104.2,16.4,2022,-53,8,2
54,Yannick Nzosa,WAS,C,6-10,174,18,Unicaja (Spain),Democratic Republic of the Congo,/player/Yannick-Nzosa/Summary/129212,All Leagues,40.0,1.0,0.403,0.379,9.7,12.9,11.2,2.6,16.3,1.7,5.4,14.0,99.0,-3.8,0.9,86.1,105.7,7.1,2022,-54,383,0
55,Gui Santos,GOS,GF,6-6,185,20,Minas (Brazil),Brazil/Portugal,/player/Gui-Santos/Summary/139404,All Leagues,46.0,29.0,0.553,0.511,5.7,18.2,12.2,14.2,16.9,1.7,3.5,21.2,150.5,-2.0,1.3,107.2,104.8,15.1,2022,-55,216,8
56,Luke Travers,CLE,F,6-7,207,20,Perth (Australia),Australia,/player/Luke-Travers/Summary/133808,AUS NBL,27.0,6.0,0.493,0.461,7.2,18.9,13.3,16.3,16.4,2.0,2.8,19.1,134.7,0.0,1.1,102.5,103.8,15.3,2022,-56,281,2
57,Jabari Walker,POR,F,6-7,237,19,Colorado,United States,/player/Jabari-Walker/Summary/162031,,59.0,,0.589,0.541,9.6,28.7,19.4,9.2,15.2,1.6,2.9,27.2,166.0,-5.4,1.4,112.6,91.8,25.2,2022,-57,77,2
58,Hugo Besson,IND,G,6-3,196,21,New Zealand (New Zealand),France,/player/Hugo-Besson/Summary/127398,AUS NBL,25.0,19.0,0.512,0.465,2.1,15.6,8.5,15.2,11.7,1.2,0.1,26.3,148.9,-1.1,1.1,99.9,115.8,13.4,2022,-58,239,6
61,Dominick Barlow,,F,6-8,215,19,Overtime Elite (Georgia),United States,/player/Dominick-Barlow/Summary/180398,,,,,,,,,,,,,,,,,,,,2022,-61,270,2
61,Jamaree Bouyea,,G,6-2,180,22,San Francisco,United States,/player/Jamaree-Bouyea/Summary/121541,,160.0,,0.557,0.536,1.9,13.4,7.5,18.8,14.8,2.7,1.9,20.8,152.1,0.3,1.2,109.8,98.3,17.3,2022,-61,317,6
61,Jamal Cain,,F,6-7,191,23,Oakland,United States,/player/Jamal-Cain/Summary/121491,,150.0,,0.57,0.542,7.6,19.5,13.8,6.0,14.7,2.4,1.8,19.3,158.5,-3.6,1.3,110.2,98.7,16.6,2022,-61,256,2
61,Keon Ellis,,F,6-4,175,22,Alabama,United States,/player/Keon-Ellis/Summary/136248,,65.0,,0.615,0.569,5.5,15.5,10.5,10.0,15.5,3.0,1.5,15.5,166.1,-1.0,1.4,120.1,95.1,18.5,2022,-61,8,2
61,Collin Gillespie,,PG,6-1,195,22,Villanova,United States,/player/Collin-Gillespie/Summary/118702,,156.0,,0.583,0.538,1.3,10.2,5.9,20.5,12.2,2.1,0.2,21.1,165.6,2.3,1.3,120.0,101.3,17.5,2022,-61,396,10
61,A.J. Green,,PG,6-4,190,22,Northern Iowa,United States,/player/AJ-Green/Summary/107398,,99.0,,0.555,0.508,1.1,10.6,6.0,17.1,14.2,1.3,0.2,29.9,169.2,-2.9,1.2,105.7,103.3,17.7,2022,-61,250,10
61,Ron Harper,,G,6-4,233,22,Rutgers,United States,/player/Ron-Harper/Summary/121151,,121.0,,0.544,0.513,3.8,15.8,9.8,9.9,9.3,1.6,2.6,22.3,152.0,-0.9,1.2,112.2,98.3,17.8,2022,-61,307,6
61,Quenton Jackson,,GF,6-5,173,23,Texas A&M,United States,/player/Quenton-Jackson/Summary/131622,,87.0,,0.579,0.513,1.9,11.8,6.8,15.9,17.0,3.0,1.5,24.7,157.6,-3.5,1.5,107.2,95.0,19.9,2022,-61,354,8
61,"Scotty Pippen, Jr.",,G,6-1,170,21,Vanderbilt,United States,/player/Scotty-Pippen-Jr/Summary/129709,,90.0,,0.546,0.476,2.7,8.9,5.7,31.3,16.8,2.9,0.6,30.9,151.8,-1.3,1.4,107.6,103.1,22.2,2022,-61,394,6
61,Jared Rhoden,,SG,6-5,210,22,Seton Hall,United States,/player/Jared-Rhoden/Summary/132192,,122.0,,0.509,0.464,5.6,17.7,11.8,8.5,10.4,2.2,1.6,21.8,147.3,-1.7,1.2,106.8,97.7,16.3,2022,-61,321,12
61,Cole Swider,,F,6-8,220,23,Syracuse,United States,/player/Cole-Swider/Summary/108205,,110.0,,0.569,0.55,4.3,15.4,9.9,8.2,10.4,1.3,1.2,18.4,160.8,-0.9,1.2,114.0,102.9,15.0,2022,-61,344,2
61,Stanley Umude,,G,6-6,210,23,Arkansas,United States,/player/Stanley-Umude/Summary/122384,,138.0,,0.556,0.518,3.5,19.1,11.5,12.8,12.1,1.4,3.7,27.8,156.3,-2.5,1.3,107.5,98.6,20.0,2022,-61,19,6
61,Alondes Williams,,G,6-4,210,23,Wake Forest,United States,/player/Alondes-Williams/Summary/155168,,90.0,,0.556,0.528,4.3,13.5,9.1,22.2,17.1,1.9,1.1,25.4,145.8,-1.4,1.3,105.6,99.3,19.7,2022,-61,405,6
61,"Nate Williams, Jr.",,SG,6-5,205,23,Buffalo,United States,/player/Nate-Williams-Jr/Summary/108209,,122.0,,0.538,0.52,6.0,12.9,9.4,12.3,13.3,1.9,2.1,25.2,151.0,-2.8,1.2,108.1,99.1,18.4,2022,-61,52,12
61,Buddy Boeheim,,SG,6-5,205,22,Syracuse,United States,/player/Buddy-Boeheim/Summary/132295,,121.0,,0.538,0.511,1.8,6.4,4.2,14.6,9.3,2.1,0.4,24.2,159.9,0.2,1.2,110.6,107.5,16.5,2022,-61,344,12
61,John Butler,,C,7-0,190,19,Florida State,United States,/player/John-Butler/Summary/143344,,31.0,,0.512,0.515,4.0,15.8,9.8,7.5,12.8,1.3,7.5,17.3,124.9,-1.8,1.1,101.0,104.0,13.8,2022,-61,111,0
61,Jacob Gilyard,,PG,5-8,160,23,Richmond,United States,/player/Jacob-Gilyard/Summary/121600,,154.0,,0.581,0.545,1.5,7.9,4.7,25.5,13.9,4.8,0.3,18.9,162.1,4.2,1.3,116.0,100.0,19.0,2022,-61,302,10
61,Justin Lewis,,F,6-7,245,20,Marquette,United States,/player/Justin-Lewis/Summary/117357,,53.0,,0.519,0.489,6.3,20.4,13.8,10.1,11.9,1.7,2.4,26.5,146.7,-3.0,1.2,102.1,97.9,19.7,2022,-61,202,2
61,"Kenny Lofton, Jr.",,F,6-6,275,19,Louisiana Tech,United States,/player/Kenny-Lofton-Jr/Summary/151846,,65.0,,0.577,0.553,13.1,26.6,20.0,19.3,18.1,2.5,3.2,30.4,138.7,-5.3,1.4,109.1,88.0,28.8,2022,-61,192,2
61,Jules Bernard,,SG,6-6,210,22,UCLA,United States,/player/Jules-Bernard/Summary/88942,,130.0,,0.552,0.504,4.6,14.8,9.7,9.9,12.7,1.6,0.8,20.6,155.9,-1.7,1.3,111.8,101.8,15.6,2022,-61,373,12
61,Darius Days,,PF,6-7,245,22,LSU,United States,/player/Darius-Days/Summary/120261,,127.0,,0.586,0.566,10.5,20.0,15.4,5.4,9.7,2.4,1.5,19.9,156.1,-2.0,1.3,124.1,96.7,20.4,2022,-61,176,9
61,Tyson Etienne,,G,6-2,200,22,Wichita State,United States,/player/Tyson-Etienne/Summary/134223,,80.0,,0.523,0.481,1.6,8.2,4.8,13.4,9.5,2.1,0.3,22.5,150.3,-0.2,1.2,109.8,97.9,16.2,2022,-61,414,6
61,"Michael Foster, Jr.",,PF,6-8,250,19,NBA G League Ignite,United States,/player/Michael-Foster-Jr/Summary/126844,,,,,,,,,,,,,,,,,,,,2022,-61,231,9
61,Javon Freeman-Liberty,,G,6-4,190,22,DePaul,United States,/player/Javon-Freeman-Liberty/Summary/131055,,104.0,,0.526,0.486,5.0,14.8,9.8,18.2,12.3,3.3,0.8,27.3,148.2,-1.1,1.2,107.1,98.3,20.1,2022,-61,85,6
61,Mouhamadou Gueye,,F,6-9,210,23,Pittsburgh,United States,/player/Mouhamadou-Gueye/Summary/151708,,86.0,,0.528,0.49,6.4,21.2,13.9,12.4,17.9,1.3,10.4,19.2,151.8,-3.1,1.2,101.7,93.4,18.3,2022,-61,286,2
61,Jordan Hall,,F,6-7,215,20,Saint Joseph's,United States,/player/Jordan-Hall/Summary/135254,,50.0,,0.5,0.475,2.9,17.7,10.3,35.1,20.7,2.1,0.4,23.7,149.5,1.5,1.1,98.1,102.9,16.4,2022,-61,310,2
61,Javante McCoy,,G,6-5,180,24,Boston University,United States,/player/Javante-McCoy/Summary/121697,,147.0,,0.542,0.516,2.3,10.7,6.5,17.0,13.4,1.8,0.7,24.1,157.0,-0.6,1.2,107.9,105.5,16.4,2022,-61,44,6
61,Maozinha Pereira,,F,6-8,177,21,,Brazil,/player/Maozinha-Pereira/Summary/120100,NBB,20.0,15.0,0.606,0.599,12.0,21.2,16.4,6.3,9.4,2.2,3.7,17.0,146.3,-1.2,1.3,122.5,107.0,21.3,2022,-61,429,2
61,Daeqwon Plowden,,GF,6-6,216,23,Bowling Green,United States,/player/Daeqwon-Plowden/Summary/121755,,154.0,,0.529,0.496,8.6,16.6,12.5,5.7,11.6,1.6,3.5,20.9,152.1,-3.0,1.2,109.4,102.3,17.0,2022,-61,46,8
61,Jermaine Samuels,,SF,6-7,230,23,Villanova,United States,/player/Jermaine-Samuels/Summary/88869,,153.0,,0.568,0.526,7.3,17.8,12.6,11.3,13.2,1.5,2.6,18.7,150.7,-0.7,1.4,117.3,98.3,17.1,2022,-61,396,11
61,Jaylen Sims,,G,6-6,210,23,UNC Wilmington,United States,/player/Jaylen-Sims/Summary/139979,,112.0,,0.533,0.474,3.7,15.7,9.6,10.8,11.3,1.5,0.7,22.5,150.5,-1.4,1.3,109.4,106.3,15.9,2022,-61,378,6
61,Phillip Wheeler,,F,6-8,185,20,Mexico City Capitanes,United States/Puerto Rico,/player/Phillip-Wheeler/Summary/135255,BSN,30.0,27.0,0.592,0.55,9.0,12.7,10.8,8.2,12.0,2.1,2.6,24.2,156.0,-3.6,1.4,114.2,104.4,18.6,2022,-61,209,2
61,Donovan Williams,,F,6-6,190,20,UNLV,United States,/player/Donovan-Williams/Summary/134303,,68.0,,0.525,0.496,4.0,10.2,7.1,9.1,15.9,2.0,2.0,26.7,143.9,-5.7,1.2,96.8,96.1,15.3,2022,-61,379,2
61,Malik Williams,,C,6-11,250,23,Louisville,United States,/player/Malik-Williams/Summary/88925,,123.0,,0.532,0.504,10.5,23.8,17.3,4.9,10.8,1.9,4.3,21.6,141.9,-3.1,1.2,110.8,93.0,19.4,2022,-61,193,0
61,James Akinjo,,PG,6-1,190,21,Baylor,United States,/player/James-Akinjo/Summary/107561,,98.0,,0.505,0.44,1.1,8.2,4.7,30.8,16.5,2.7,0.1,24.6,154.7,2.5,1.2,106.1,101.2,15.6,2022,-61,37,10
61,"Marcus Bingham, Jr.",,PF,7-0,230,21,Michigan State,United States,/player/Marcus-Bingham-Jr/Summary/127261,,117.0,,0.555,0.519,9.8,24.7,17.7,5.1,12.4,2.3,12.7,20.4,151.8,-3.3,1.3,111.3,86.3,22.3,2022,-61,212,9
61,Eli Brooks,,G,6-1,185,23,Michigan,United States,/player/Eli-Brooks/Summary/121315,,159.0,,0.531,0.5,1.9,10.2,6.2,14.7,11.8,1.8,0.6,17.2,160.3,1.7,1.2,109.5,98.4,13.2,2022,-61,211,6
61,Garrison Brooks,,C,6-10,240,22,Mississippi State,United States,/player/Garrison-Brooks/Summary/104920,,167.0,,0.546,0.522,10.0,15.8,12.9,8.2,12.9,1.1,2.6,18.8,149.7,-2.1,1.3,113.4,100.9,16.1,2022,-61,218,0
61,Gabe Brown,,SF,6-7,210,22,Michigan State,United States,/player/Gabe-Brown/Summary/127260,,124.0,,0.579,0.546,4.3,11.1,7.9,5.4,8.4,1.1,1.6,16.8,171.0,-0.8,1.3,118.6,101.3,14.2,2022,-61,212,11
61,George Conditt IV,,PF,6-11,234,21,Iowa State,United States/Puerto Rico,/player/George-Conditt-IV/Summary/132249,,117.0,,0.584,0.564,11.9,16.3,14.1,10.4,24.3,1.7,8.5,17.2,120.5,-4.6,1.4,104.9,96.9,16.0,2022,-61,159,9
61,Michael Devoe,,SG,6-4,183,22,Georgia Tech,United States,/player/Michael-Devoe/Summary/104369,,117.0,,0.568,0.538,1.9,11.9,7.1,19.0,17.6,2.2,1.0,23.6,158.2,-2.0,1.3,103.9,100.2,16.0,2022,-61,128,12
61,Kyler Edwards,,G,6-4,205,23,Houston,United States,/player/Kyler-Edwards/Summary/127883,,135.0,,0.526,0.494,2.4,14.6,8.7,16.2,12.7,1.9,1.7,19.9,148.2,0.9,1.2,109.4,91.9,14.9,2022,-61,143,6
61,Kellan Grady,,PG,6-5,205,24,Kentucky,United States,/player/Kellan-Grady/Summary/90019,,149.0,,0.579,0.555,1.7,10.6,6.3,11.2,9.1,1.6,0.5,23.2,160.6,-0.2,1.3,115.4,102.5,17.6,2022,-61,174,10
61,Bryce Hamilton,,SG,6-4,205,21,UNLV,United States,/player/Bryce-Hamilton/Summary/104383,,119.0,,0.514,0.486,4.1,15.6,9.7,16.3,10.9,1.8,0.6,31.8,147.0,-2.4,1.2,105.1,102.1,19.5,2022,-61,379,12
61,Noah Kirkwood,,F,6-7,215,22,Harvard,Canada,/player/Noah-Kirkwood/Summary/92192,,83.0,,0.558,0.536,3.1,15.2,9.2,17.5,18.7,2.5,1.2,26.0,153.4,-4.2,1.2,102.1,97.5,17.0,2022,-61,139,2
61,Aminu Mohammed,,G,6-5,210,20,Georgetown,Nigeria/United States,/player/Aminu-Mohammed/Summary/137930,,31.0,,0.466,0.403,10.0,17.5,13.5,11.6,12.9,2.9,2.0,24.8,141.2,-2.9,1.1,100.9,105.7,18.5,2022,-61,124,6
61,Alex Morales,,G,6-6,180,24,Wagner,United States/Puerto Rico,/player/Alex-Morales/Summary/152047,,74.0,,0.529,0.491,7.4,17.5,12.3,23.8,17.0,2.7,1.6,27.4,151.9,-1.9,1.2,105.8,99.1,22.2,2022,-61,404,6
61,Alex O'Connell,,F,6-6,185,23,Creighton,United States,/player/Alex-OConnell/Summary/108504,,160.0,,0.539,0.518,3.2,13.5,8.6,9.4,14.1,2.0,0.3,18.4,152.1,-1.6,1.2,106.7,96.9,13.3,2022,-61,82,2
61,Gabe Osabuohien,,F,6-8,220,23,West Virginia,Canada,/player/Gabe-Osabuohien/Summary/121330,,142.0,,0.406,0.378,10.5,16.9,13.7,16.7,25.3,3.7,3.0,14.7,101.8,-1.2,1.1,89.9,93.0,10.6,2022,-61,410,2
61,Tyler Polley,,F,6-9,215,23,UConn,United States,/player/Tyler-Polley/Summary/104937,,135.0,,0.544,0.509,4.1,6.1,5.1,3.7,7.1,0.8,1.9,16.1,154.5,-1.0,1.2,118.4,105.8,11.8,2022,-61,374,2
61,A.J. Reeves,,SG,6-6,205,23,Providence,United States,/player/AJ-Reeves/Summary/104827,,107.0,,0.518,0.49,3.1,10.9,7.0,11.2,11.5,1.9,0.7,19.9,149.0,-0.9,1.1,105.8,101.4,13.1,2022,-61,291,12
61,Jaden Shackelford,,G,6-3,200,21,Alabama,United States,/player/Jaden-Shackelford/Summary/134284,,97.0,,0.542,0.505,3.6,11.6,7.6,9.9,10.5,1.3,0.5,23.3,151.9,-1.7,1.2,112.3,103.6,17.6,2022,-61,8,6
61,Ryan Turell,,SF,6-7,190,23,Yeshiva,United States,/player/Ryan-Turell/Summary/107975,,90.0,,0.67,0.646,-,-,-,-,12.2,-,-,-,181.3,-,1.5,-,-,-,2022,-61,424,11
61,Isaiah Whaley,,F,6-9,225,24,UConn,United States,/player/Isaiah-Whaley/Summary/121501,,138.0,,0.559,0.537,9.9,13.4,11.6,7.1,15.4,1.8,8.9,14.4,148.2,-2.0,1.3,114.0,96.5,16.5,2022,-61,374,2
61,Fabian White,,F,6-8,230,23,Houston,United States,/player/Fabian-White/Summary/121506,,149.0,,0.544,0.516,10.9,13.9,12.4,7.9,12.6,1.7,5.2,20.6,157.0,-2.6,1.2,114.2,92.0,18.1,2022,-61,143,2
61,Trevion Williams,,C,6-9,265,21,Purdue,United States,/player/Trevion-Williams/Summary/132159,,130.0,,0.538,0.535,17.1,26.2,21.7,24.0,14.1,2.1,3.4,32.1,137.0,-2.4,1.2,111.0,93.2,27.6,2022,-61,293,0
61,Lucas Williamson,,G,6-4,205,23,Loyola (IL),United States,/player/Lucas-Williamson/Summary/121565,,150.0,,0.584,0.557,2.6,14.6,9.0,12.9,15.7,2.8,1.1,18.2,153.4,-0.6,1.4,109.5,91.9,14.9,2022,-61,194,6
61,Julian Champagnie,,F,6-7,217,20,St. John's,United States,/player/Julian-Champagnie/Summary/135177,,88.0,,0.531,0.492,5.3,18.5,11.7,8.4,9.0,2.7,3.5,25.1,159.3,-1.8,1.2,108.9,96.7,22.3,2022,-61,337,2
61,Johnny Juzang,,SG,6-5,226,21,UCLA,United States,/player/Johnny-Juzang/Summary/117322,,85.0,,0.53,0.498,3.3,13.4,8.4,10.1,10.2,1.3,0.8,24.8,163.5,-1.7,1.2,108.0,101.2,18.1,2022,-61,373,12
61,Justin Minaya,,F,6-5,205,23,Providence,United States/Dominican Republic,/player/Justin-Minaya/Summary/107926,,111.0,,0.498,0.477,7.0,13.1,10.0,10.6,13.1,1.3,2.5,13.8,133.7,-,1.1,108.1,100.0,11.7,2022,-61,291,2
61,Lester Quinones,,SG,6-4,208,21,Memphis,United States/Dominican Republic,/player/Lester-Quinones/Summary/127817,,87.0,,0.577,0.535,4.8,12.0,8.6,11.8,15.5,1.9,0.6,17.8,155.0,-1.5,1.4,113.5,94.8,15.6,2022,-61,208,12
61,Orlando Robinson,,PF,6-10,235,21,Fresno State,United States,/player/Orlando-Robinson/Summary/132289,,90.0,,0.553,0.507,9.7,21.5,15.6,17.9,14.7,1.9,4.1,29.1,151.2,-3.4,1.4,110.6,95.4,26.3,2022,-61,117,9
61,Ibou Badji,,C,7-1,240,19,Forca Lleida CE (Spain),Senegal,/player/Ibou-Badji/Summary/133690,All Leagues,38.0,31.0,0.606,0.575,9.8,14.8,12.4,2.6,16.2,1.4,6.5,19.2,129.5,-5.7,1.4,111.4,105.6,17.2,2022,-61,112,0
61,Taze Moore,,SF,6-5,195,23,Houston,United States,/player/Taze-Moore/Summary/106684,,144.0,,0.535,0.511,5.7,13.7,9.6,18.8,16.3,3.5,3.7,22.2,150.5,-1.0,1.2,108.4,93.2,18.4,2022,-61,143,11
61,Dereon Seabron,,SG,6-5,180,22,NC State,United States,/player/Dereon-Seabron/Summary/145216,,56.0,,0.546,0.506,8.0,18.2,12.8,16.1,14.7,2.3,0.8,23.8,143.8,-1.7,1.3,110.7,104.9,22.2,2022,-61,232,12
61,Izaiah Brockington,,G,6-4,196,22,Iowa State,United States,/player/Izaiah-Brockington/Summary/121603,,125.0,,0.517,0.478,4.5,14.4,9.3,11.6,11.7,2.1,0.9,23.9,153.0,-2.0,1.2,104.3,98.8,15.9,2022,-61,159,6
61,Henri Drell,,SF,6-9,220,22,Windy City Bulls,Estonia,/player/Henri-Drell/Summary/105666,Lega A,7.0,1.0,0.37,0.321,2.8,9.5,6.2,5.3,11.0,1.2,0.0,9.9,108.6,0.0,0.9,83.9,113.6,2.9,2022,-61,416,11
61,Jaylin Galloway,,F,6-6,190,19,,United States/Australia,/player/Jaylin-Galloway/Summary/151795,AUS NBL,14.0,0.0,0.375,0.344,5.3,6.3,5.8,9.6,14.8,3.8,1.2,11.4,110.4,0.4,0.8,86.5,100.0,7.4,2022,-61,429,2
61,Trevor Hudgins,,G,6-0,180,23,Northwest Missouri State,United States,/player/Trevor-Hudgins/Summary/123339,,139.0,,0.673,0.636,-,-,-,-,10.7,-,-,-,185.9,-,1.5,-,-,-,2022,-61,252,6
61,Jalen Adaway,,G,6-5,215,23,St. Bonaventure,United States,/player/Jalen-Adaway/Summary/121829,,116.0,,0.56,0.533,4.8,15.4,10.1,6.3,8.8,1.2,1.1,17.6,157.2,-0.9,1.3,115.3,101.8,15.1,2022,-61,336,6
61,Adonis Arms,,F,6-6,205,23,Texas Tech,United States,/player/Adonis-Arms/Summary/140568,,60.0,,0.54,0.499,5.1,18.9,12.1,20.0,18.6,2.4,1.9,24.3,149.4,-2.1,1.3,106.2,89.4,19.6,2022,-61,359,2
61,Justin Bean,,F,6-7,210,25,Utah State,United States,/player/Justin-Bean/Summary/121694,,126.0,,0.592,0.555,11.9,22.8,17.6,14.0,12.5,2.8,2.0,21.0,169.7,-0.5,1.4,121.9,89.4,23.3,2022,-61,388,2
61,"Terrell Brown, Jr.",,G,6-3,175,24,Washington,United States,/player/Terrell-Brown-Jr/Summary/112202,,120.0,,0.501,0.451,4.0,14.2,9.0,29.3,11.6,2.5,1.2,27.5,147.8,2.2,1.2,108.0,99.2,20.3,2022,-61,406,6
61,Tevin Brown,,G,6-5,175,23,Murray State,United States,/player/Tevin-Brown/Summary/121810,,125.0,,0.579,0.55,1.8,14.4,8.4,16.2,11.9,2.1,1.7,21.2,156.0,1.1,1.3,118.0,94.6,18.4,2022,-61,229,6
61,"Ben Coupet, Jr.",,SF,6-7,185,24,Southern Illinois,United States,/player/Ben-Coupet-Jr/Summary/85642,,114.0,,0.569,0.533,4.8,13.0,8.9,9.5,14.7,1.3,1.0,18.6,156.4,-2.2,1.3,109.7,103.9,13.6,2022,-61,332,11
61,Anthony Duruji,,SG,6-7,209,23,Florida,United States,/player/Anthony-Duruji/Summary/107690,,120.0,,0.554,0.534,6.4,15.6,11.0,7.1,15.5,1.7,4.1,19.0,146.3,-3.5,1.3,106.2,98.5,14.8,2022,-61,108,12
61,Grant Golden,,PF,6-10,255,24,Richmond,United States,/player/Grant-Golden/Summary/89405,,161.0,,0.552,0.532,4.6,22.6,13.7,24.0,14.6,1.0,3.3,28.4,147.1,-0.7,1.3,105.4,101.5,20.9,2022,-61,302,9
61,Ryan Hawkins,,F,6-7,222,25,Creighton,United States,/player/Ryan-Hawkins/Summary/110322,,35.0,,0.559,0.535,5.6,17.7,12.2,8.8,13.1,1.5,1.0,20.8,159.5,-2.4,1.2,108.8,95.9,17.9,2022,-61,82,2
61,Jeriah Horne,,SF,6-7,220,24,Tulsa,United States,/player/Jeriah-Horne/Summary/107037,,155.0,,0.562,0.528,4.6,19.0,11.9,9.3,12.2,1.9,1.7,22.7,165.3,-2.6,1.2,109.6,98.0,17.7,2022,-61,366,11
61,Drake Jeffries,,SG,6-5,186,23,Wyoming,United States,/player/Drake-Jeffries/Summary/123649,,59.0,,0.617,0.596,1.6,13.6,7.6,4.3,6.1,0.4,1.0,13.3,163.6,-,1.3,124.1,102.2,14.6,2022,-61,420,12
61,Tommy Kuhse,,G,6-2,185,24,Saint Mary's,United States,/player/Tommy-Kuhse/Summary/109560,,149.0,,0.525,0.488,1.9,12.3,7.2,23.5,18.0,2.0,0.6,19.4,157.1,2.2,1.2,106.4,98.9,14.2,2022,-61,312,6
61,Makur Maker,,C,6-11,232,21,Sydney (Australia),Kenya/Australia,/player/Makur-Maker/Summary/132538,AUS NBL,21.0,6.0,0.605,0.524,8.8,24.3,17.3,6.7,16.3,0.9,1.7,21.6,156.5,-5.0,1.6,113.6,100.7,17.4,2022,-61,343,0
61,Trey McGowens,,PG,6-3,190,22,Nebraska,United States,/player/Trey-McGowens/Summary/126025,,111.0,,0.505,0.449,2.1,11.1,6.6,16.9,18.5,3.4,0.5,22.0,143.3,-2.7,1.2,95.9,100.0,12.8,2022,-61,234,10
61,Davion Mintz,,PG,6-3,195,23,Kentucky,United States,/player/Davion-Mintz/Summary/106732,,153.0,,0.522,0.486,2.2,9.7,6.1,17.8,16.4,1.8,0.6,18.8,147.0,1.0,1.2,105.3,102.8,12.3,2022,-61,174,10
61,Iverson Molinar,,SG,6-3,190,22,Mississippi State,Panama,/player/Iverson-Molinar/Summary/121154,,95.0,,0.565,0.511,1.6,9.3,5.6,19.0,13.6,1.7,0.8,25.3,164.5,-0.9,1.3,113.6,103.2,20.3,2022,-61,218,12
61,Darryl Morsell,,SG,6-5,200,23,Marquette,United States,/player/Darryl-Morsell/Summary/118966,,157.0,,0.521,0.486,4.4,11.1,8.0,15.8,18.5,1.7,1.7,20.6,146.5,-2.1,1.2,100.0,100.3,12.7,2022,-61,202,12
61,Grayson Murphy,,G,6-2,189,23,Belmont,United States,/player/Grayson-Murphy/Summary/121783,,131.0,,0.576,0.574,4.3,18.7,11.9,32.2,20.3,4.0,0.8,16.9,142.6,6.1,1.3,117.7,91.9,19.9,2022,-61,40,6
61,Nick Muszynski,,C,6-11,245,23,Belmont,United States,/player/Nick-Muszynski/Summary/121784,,124.0,,0.623,0.599,6.4,18.4,12.8,17.0,12.0,1.0,7.2,27.3,159.5,-0.9,1.4,119.9,94.2,26.5,2022,-61,40,0
61,Shareef O'Neal,,C,6-10,220,22,LSU,United States,/player/Shareef-ONeal/Summary/88986,,37.0,,0.45,0.435,11.2,19.9,15.5,1.8,20.0,1.5,4.0,16.1,109.3,-5.9,1.2,89.8,99.7,10.3,2022,-61,176,0
61,Au'Diese Toney,,SF,6-6,205,22,Arkansas,United States,/player/AuDiese-Toney/Summary/131935,,115.0,,0.538,0.491,7.8,11.8,9.8,6.7,12.5,1.7,0.9,17.3,145.7,-2.2,1.3,111.2,100.3,14.0,2022,-61,19,11
61,Bryson Williams,,PF,6-8,240,24,Texas Tech,United States,/player/Bryson-Williams/Summary/85711,,158.0,,0.59,0.564,7.3,18.0,12.7,7.3,12.5,1.2,2.7,25.4,163.2,-4.1,1.3,112.8,96.3,20.3,2022,-61,359,9
1,Victor Wembanyama,SAN,F,7-3,235,19,Boulogne-Levallois (France),France,/player/Victor-Wembanyama/Summary/136048,All Leagues,44.0,44.0,0.571,0.509,7.0,30.0,19.4,14.5,13.6,1.3,9.6,30.8,155.8,-3.9,1.3,109.8,100.2,24.5,2023,-1,45,2
2,Brandon Miller,CHA,F,6-7,200,20,Alabama,United States,/player/Brandon-Miller/Summary/151234,,37.0,,0.583,0.533,7.0,18.6,13.1,12.7,12.0,1.5,2.4,26.3,167.3,-2.4,1.3,119.7,90.5,24.1,2023,-2,8,2
3,Scoot Henderson,POR,G,6-3,206,19,NBA G League Ignite,United States,/player/Scoot-Henderson/Summary/151559,,,,,,,,,,,,,,,,,,,,2023,-3,231,6
4,Amen Thompson,HOU,G,6-7,200,20,Overtime Elite (Georgia),United States,/player/Amen-Thompson/Summary/176051,,,,,,,,,,,,,,,,,,,,2023,-4,270,6
5,Ausar Thompson,DET,G,6-6,205,20,Overtime Elite (Georgia),United States,/player/Ausar-Thompson/Summary/176052,,,,,,,,,,,,,,,,,,,,2023,-5,270,6
6,Anthony Black,ORL,G,6-7,200,19,Arkansas,United States,/player/Anthony-Black/Summary/176057,,36.0,,0.549,0.495,4.6,13.5,9.1,20.9,20.6,3.4,1.9,21.3,145.9,-1.2,1.4,104.8,95.1,17.9,2023,-6,19,6
7,Bilal Coulibaly,IND,GF,6-8,195,18,Boulogne-Levallois (France),France,/player/Bilal-Coulibaly/Summary/175550,All Leagues,53.0,34.0,0.614,0.578,6.3,13.7,10.2,10.5,15.5,3.1,2.0,20.0,156.8,-2.7,1.5,114.4,100.7,17.5,2023,-7,45,8
8,Jarace Walker,WAS,G,6-7,235,19,Houston,United States,/player/Jarace-Walker/Summary/135362,,36.0,,0.534,0.516,10.1,18.9,14.6,12.5,12.3,2.2,6.2,22.5,147.4,-1.0,1.2,114.4,85.2,22.5,2023,-8,143,6
9,Taylor Hendricks,UTH,F,6-9,215,19,UCF,United States,/player/Taylor-Hendricks/Summary/149561,,34.0,,0.589,0.557,8.5,16.8,12.6,8.6,9.9,1.6,6.1,21.4,165.3,-1.5,1.3,122.1,95.6,23.0,2023,-9,372,2
10,Cason Wallace,DAL,G,6-3,195,19,Kentucky,United States,/player/Cason-Wallace/Summary/170045,,32.0,,0.543,0.516,3.5,10.8,7.1,24.3,16.3,3.6,1.6,20.0,154.9,2.4,1.2,113.5,98.5,19.0,2023,-10,174,6
11,Jett Howard,ORL,GF,6-6,215,19,Michigan,United States,/player/Jett-Howard/Summary/135128,,29.0,,0.562,0.532,1.0,9.0,5.2,12.9,9.2,0.8,2.1,23.1,158.2,0.3,1.2,112.7,104.5,17.3,2023,-11,211,8
12,Dereck Lively II,OKC,C,7-1,230,19,Duke,United States,/player/Dereck-Lively-II/Summary/150098,,34.0,,0.662,0.667,12.7,18.3,15.6,9.8,14.7,1.5,12.5,11.6,141.2,0.2,1.5,134.0,89.9,22.9,2023,-12,93,0
13,Gradey Dick,TOR,GF,6-6,200,19,Kansas,United States,/player/Gradey-Dick/Summary/151289,,36.0,,0.581,0.547,4.2,14.3,9.4,9.3,9.4,2.5,0.8,20.5,169.8,-0.4,1.3,116.8,97.1,18.8,2023,-13,172,8
14,Jordan Hawkins,NOP,G,6-5,190,21,UConn,United States,/player/Jordan-Hawkins/Summary/151351,,64.0,,0.564,0.512,3.8,11.2,7.5,7.9,10.2,1.4,2.0,24.8,164.3,-2.4,1.3,118.2,98.5,19.0,2023,-14,374,6
15,Kobe Bufkin,ATL,G,6-5,200,19,Michigan,United States,/player/Kobe-Bufkin/Summary/151485,,61.0,,0.559,0.522,3.0,12.0,7.6,14.0,13.9,2.2,1.9,20.9,162.2,-0.7,1.2,109.5,101.7,17.5,2023,-15,211,6
16,Keyonte George,UTH,G,6-4,185,19,Baylor,United States,/player/Keyonte-George/Summary/151235,,33.0,,0.524,0.47,4.4,14.5,9.3,19.8,16.4,2.3,0.7,30.7,150.7,-3.6,1.2,104.7,103.2,18.4,2023,-16,37,6
17,Jalen Hood-Schifino,LAL,PG,6-5,210,20,Indiana,United States,/player/Jalen-Hood-Schifino/Summary/136030,,32.0,,0.492,0.463,1.7,12.4,7.5,20.0,16.9,1.4,0.8,25.8,152.7,-1.0,1.1,95.9,102.7,13.7,2023,-17,154,10
18,"Jaime Jaquez, Jr.",MIA,GF,6-6,225,22,UCLA,United States/Mexico,/player/Jaime-Jaquez-Jr/Summary/103926,,134.0,,0.55,0.516,7.5,16.9,12.1,12.5,10.9,2.5,1.9,22.6,154.0,-0.6,1.3,115.4,95.2,22.3,2023,-18,373,8
19,Brandin Podziemski,GOS,G,6-4,205,20,Santa Clara,United States,/player/Brandin-Podziemski/Summary/175953,,47.0,,0.599,0.568,5.7,22.1,14.1,20.2,12.3,2.7,1.3,25.4,167.5,0.3,1.4,121.1,96.1,26.7,2023,-19,319,6
20,Cam Whitmore,HOU,F,6-7,230,18,Villanova,United States,/player/Cam-Whitmore/Summary/176080,,26.0,,0.571,0.551,4.0,21.5,12.9,6.3,12.8,3.2,1.6,25.9,152.4,-4.3,1.3,105.3,97.9,21.2,2023,-20,396,2
21,Noah Clowney,BRK,F,6-9,210,18,Alabama,United States,/player/Noah-Clowney/Summary/162215,,36.0,,0.576,0.553,9.1,22.6,16.3,6.1,13.1,1.3,3.4,18.1,141.8,-2.7,1.4,117.0,88.8,19.2,2023,-21,8,2
22,Dariq Whitehead,BRK,F,6-6,220,18,Duke,United States,/player/Dariq-Whitehead/Summary/143334,,28.0,,0.548,0.528,2.6,11.1,7.0,9.4,15.6,2.2,1.1,22.8,163.9,-3.9,1.2,103.3,100.0,14.8,2023,-22,93,2
23,Kris Murray,POR,F,6-8,216,22,Iowa,United States,/player/Kris-Murray/Summary/163409,,77.0,,0.569,0.547,9.2,16.8,13.0,10.7,8.2,2.0,4.0,26.0,152.0,-0.5,1.3,120.3,100.4,26.2,2023,-23,158,2
24,Olivier-Maxence Prosper,SAC,F,6-7,230,20,Marquette,Canada,/player/Olivier-Maxence-Prosper/Summary/133797,,90.0,,0.581,0.538,6.2,13.1,9.8,5.6,12.4,2.0,0.7,18.9,154.3,-2.5,1.4,113.0,100.7,16.3,2023,-24,202,2
25,Marcus Sasser,MEM,G,6-2,195,22,Houston,United States,/player/Marcus-Sasser/Summary/148690,,107.0,,0.56,0.524,1.3,9.0,5.2,16.0,10.1,2.8,0.5,23.3,159.9,0.9,1.2,120.3,92.2,20.5,2023,-25,143,6
26,Ben Sheppard,IND,G,6-6,190,21,Belmont,United States,/player/Ben-Sheppard/Summary/151867,,124.0,,0.583,0.563,3.3,13.6,8.7,12.5,12.0,2.2,0.6,23.1,154.1,-0.8,1.3,112.0,98.3,19.5,2023,-26,40,6
27,"Nick Smith, Jr.",CHA,G,6-2,185,19,Arkansas,United States,/player/Nick-Smith-Jr/Summary/151487,,17.0,,0.472,0.436,1.1,6.8,3.9,13.7,10.7,1.8,0.5,28.8,145.4,-1.7,1.1,96.4,104.6,13.9,2023,-27,19,6
28,Brice Sensabaugh,UTH,F,6-5,235,19,Ohio State,United States,/player/Brice-Sensabaugh/Summary/182894,,33.0,,0.587,0.554,6.6,20.1,13.5,10.8,12.8,1.3,1.8,34.0,171.6,-5.3,1.3,113.9,101.8,27.1,2023,-28,259,2
29,Julian Strawther,IND,GF,6-6,205,21,Gonzaga,United States/Puerto Rico,/player/Julian-Strawther/Summary/117369,,94.0,,0.608,0.581,4.5,17.1,11.3,5.7,9.9,1.3,1.0,20.6,161.3,-1.6,1.4,121.5,96.7,19.6,2023,-29,131,8
30,Kobe Brown,LAC,GF,6-7,250,23,Missouri,United States,/player/Kobe-Brown/Summary/108567,,123.0,,0.577,0.542,8.1,20.4,14.3,14.1,15.1,2.5,2.4,22.4,155.3,-2.3,1.3,112.7,98.7,21.8,2023,-30,219,8
31,James Nnaji,DET,C,6-11,250,18,FC Barcelona II (Spain),Nigeria,/player/James-Nnaji/Summary/168792,All Leagues,56.0,9.0,0.688,0.717,13.2,18.2,15.8,5.4,22.8,0.9,6.4,17.9,122.4,-6.6,1.7,113.3,103.5,17.0,2023,-31,103,0
32,Jalen Pickett,IND,F,6-2,202,23,Penn State,United States,/player/Jalen-Pickett/Summary/135782,,144.0,,0.544,0.52,3.5,14.4,9.1,35.0,13.1,2.1,2.4,24.4,155.1,5.2,1.2,115.2,101.1,21.5,2023,-32,278,2
33,Leonard Miller,SAN,F,6-10,220,19,NBA G League Ignite,Canada,/player/Leonard-Miller/Summary/150556,,,,,,,,,,,,,,,,,,,,2023,-33,231,2
34,Colby Jones,CHA,GF,6-6,207,21,Xavier,United States,/player/Colby-Jones/Summary/148719,,86.0,,0.569,0.542,6.4,15.4,11.0,19.9,16.1,2.4,1.6,19.7,151.7,1.0,1.3,113.6,100.9,19.6,2023,-34,421,8
35,Julian Phillips,BOS,F,6-8,198,19,Tennessee,United States,/player/Julian-Phillips/Summary/162086,,32.0,,0.536,0.44,8.9,14.6,11.8,11.4,14.2,1.6,2.9,19.2,147.3,-1.4,1.4,115.0,89.3,17.0,2023,-35,349,2
36,"Andre Jackson, Jr.",ORL,G,6-6,209,21,UConn,United States,/player/Andre-Jackson-Jr/Summary/133189,,85.0,,0.514,0.484,6.2,18.7,12.5,22.2,24.1,2.2,2.0,14.2,142.3,1.9,1.2,107.2,94.1,14.7,2023,-36,374,6
37,Hunter Tyson,OKC,SF,6-8,215,23,Clemson,United States,/player/Hunter-Tyson/Summary/132189,,140.0,,0.587,0.553,5.0,22.7,14.1,8.1,9.1,1.7,1.3,20.1,160.8,-0.8,1.3,117.7,95.0,18.7,2023,-37,74,11
38,Jordan Walsh,SAC,F,6-7,208,19,Arkansas,United States,/player/Jordan-Walsh/Summary/151494,,36.0,,0.513,0.479,6.2,13.6,9.9,6.7,13.0,2.6,2.0,16.2,142.3,-1.7,1.2,105.5,96.5,13.1,2023,-38,19,2
39,Mouhamed Gueye,CHA,F,6-10,210,20,Washington State,Senegal,/player/Mouhamed-Gueye/Summary/160946,,68.0,,0.523,0.504,11.3,18.3,14.7,9.8,13.8,1.9,3.6,22.8,137.9,-3.3,1.2,108.0,95.9,20.2,2023,-39,407,2
40,Maxwell Lewis,DEN,SF,6-7,215,20,Pepperdine,United States,/player/Maxwell-Lewis/Summary/139158,,52.0,,0.56,0.52,4.7,15.0,9.9,16.6,18.0,2.0,2.5,28.9,160.1,-5.0,1.3,101.9,105.9,19.4,2023,-40,280,11
41,Amari Bailey,CHA,G,6-5,185,19,UCLA,United States,/player/Amari-Bailey/Summary/142391,,30.0,,0.553,0.533,3.9,13.7,8.8,14.6,19.4,2.5,1.3,23.8,158.2,-3.7,1.2,101.1,92.3,16.9,2023,-41,373,6
42,Tristan Vukcevic,WAS,F,7-0,220,20,KK Partizan (Serbia),Italy/Serbia,/player/Tristan-Vukcevic/Summary/136227,All Leagues,40.0,12.0,0.665,0.633,6.5,21.9,14.7,12.9,15.7,2.1,3.4,21.3,173.1,-1.7,1.5,122.4,106.0,19.4,2023,-42,169,2
43,Rayan Rupert,POR,G,6-7,202,19,New Zealand (New Zealand),France,/player/Rayan-Rupert/Summary/152400,All Leagues,31.0,18.0,0.489,0.436,3.2,12.0,7.5,7.3,13.6,2.1,0.9,20.1,142.0,-3.0,1.1,97.7,105.1,10.0,2023,-43,239,6
44,Sidy Cissoko,SAN,GF,6-6,220,19,NBA G League Ignite,France,/player/Sidy-Cissoko/Summary/175693,,,,,,,,,,,,,,,,,,,,2023,-44,231,8
45,G.G. Jackson,MEM,PF,6-9,215,18,South Carolina,United States,/player/GG-Jackson/Summary/182761,,32.0,,0.474,0.444,5.7,17.6,11.4,6.6,14.2,1.4,2.8,30.9,138.5,-7.0,1.1,93.3,108.4,15.7,2023,-45,327,9
46,Seth Lundy,ATL,GF,6-4,220,23,Penn State,United States,/player/Seth-Lundy/Summary/120267,,121.0,,0.558,0.523,4.0,16.7,10.4,5.5,10.7,1.6,2.3,21.4,159.4,-2.6,1.2,109.8,101.2,17.6,2023,-46,278,8
47,Mojave King,LAL,G,6-5,195,21,NBA G League Ignite,New Zealand,/player/Mojave-King/Summary/138963,,,,,,,,,,,,,,,,,,,,2023,-47,231,6
48,Jordan Miller,LAC,G,6-5,194,23,Miami (FL),United States,/player/Jordan-Miller/Summary/139875,,142.0,,0.585,0.557,8.6,13.4,11.0,10.2,11.2,2.2,1.5,19.6,157.4,-0.9,1.3,120.0,102.7,19.3,2023,-48,210,6
49,Emoni Bates,CLE,SF,6-8,202,19,Eastern Michigan,United States,/player/Emoni-Bates/Summary/117537,,48.0,,0.52,0.48,2.9,16.1,9.6,9.6,14.0,1.3,1.8,29.1,147.9,-5.1,1.2,100.1,108.9,16.9,2023,-49,97,11
50,Keyontae Johnson,OKC,F,6-4,230,23,Kansas State,United States,/player/Keyontae-Johnson/Summary/117566,,108.0,,0.593,0.568,7.0,20.4,13.8,12.3,15.4,2.2,1.1,23.3,162.6,-3.3,1.4,112.4,95.2,19.6,2023,-50,173,2
51,Jalen Wilson,BRK,F,6-6,220,22,Kansas,United States,/player/Jalen-Wilson/Summary/117480,,104.0,,0.535,0.494,6.7,21.7,14.4,12.3,12.1,1.4,1.4,24.5,148.2,-1.6,1.3,110.0,95.1,20.4,2023,-51,172,2
52,Toumani Camara,PHX,SF,6-7,229,23,Dayton,Belgium,/player/Toumani-Camara/Summary/108765,,125.0,,0.566,0.548,9.1,20.0,14.7,10.1,18.4,2.0,3.2,22.1,145.1,-4.7,1.3,105.6,95.9,19.3,2023,-52,84,11
53,Jaylen Clark,MIN,G,6-4,205,21,UCLA,United States,/player/Jaylen-Clark/Summary/132635,,90.0,,0.546,0.524,9.3,16.8,13.0,10.1,10.2,4.0,1.2,20.4,145.3,-0.5,1.3,116.7,91.2,22.4,2023,-53,373,6
54,Jalen Slawson,SAC,F,6-7,215,23,Furman,United States,/player/Jalen-Slawson/Summary/140024,,153.0,,0.61,0.572,6.4,20.8,13.7,18.0,18.9,3.0,5.6,21.5,160.2,-1.3,1.5,115.0,92.6,21.4,2023,-54,119,2
55,Isaiah Wong,IND,G,6-4,184,22,Miami (FL),United States,/player/Isaiah-Wong/Summary/120268,,132.0,,0.553,0.502,3.4,12.1,7.8,14.0,11.9,1.9,1.3,24.2,159.4,-0.9,1.3,111.1,105.8,19.9,2023,-55,210,6
56,Tarik Biberovic,MEM,G,6-7,218,22,Fenerbahce Beko (Turkey),Bosnia and Herzegovina/Turkey,/player/Tarik-Biberovic/Summary/105732,All Leagues,36.0,8.0,0.515,0.49,5.4,14.9,9.9,5.2,11.8,1.8,0.5,18.1,154.3,-2.3,1.1,104.4,113.2,9.5,2023,-56,105,6
57,Trayce Jackson-Davis,WAS,F,6-9,245,23,Indiana,United States,/player/Trayce-Jackson-Davis/Summary/126857,,126.0,,0.596,0.566,10.3,21.9,16.2,15.2,11.3,1.3,7.5,26.8,124.2,-1.5,1.5,119.8,94.6,30.4,2023,-57,154,2
58,Chris Livingston,MIL,F,6-6,220,19,Kentucky,United States,/player/Chris-Livingston/Summary/117541,,34.0,,0.513,0.478,6.0,16.8,11.4,5.5,12.9,1.2,1.7,15.8,145.7,-2.0,1.2,108.2,102.2,12.5,2023,-58,174,2
61,Colin Castleton,,PF,6-10,250,23,Florida,United States,/player/Colin-Castleton/Summary/132158,,122.0,,0.583,0.538,10.1,20.4,15.4,12.6,15.0,1.5,8.3,25.7,132.9,-3.6,1.4,113.2,91.2,24.6,2023,-61,108,9
61,Tosan Evbuomwan,,SF,6-7,217,22,Princeton,England,/player/Tosan-Evbuomwan/Summary/139067,,85.0,,0.554,0.538,7.0,16.4,11.7,28.9,17.1,2.0,1.6,26.3,138.7,1.0,1.3,111.0,99.0,23.3,2023,-61,290,11
61,Trey Jemison,,PF,6-11,275,23,UAB,United States,/player/Trey-Jemison/Summary/132196,,151.0,,0.585,0.567,12.3,21.9,17.1,5.4,17.3,1.2,7.7,15.4,120.7,-3.4,1.4,114.8,91.1,17.5,2023,-61,367,9
61,Jaylen Martin,,F,6-6,216,19,Overtime Elite (Georgia),United States,/player/Jaylen-Martin/Summary/176091,,,,,,,,,,,,,,,,,,,,2023,-61,270,2
61,Pete Nance,,PF,6-10,220,23,North Carolina,United States,/player/Pete-Nance/Summary/127259,,137.0,,0.539,0.511,4.2,20.9,12.6,14.3,13.2,0.9,4.0,21.1,155.5,-0.8,1.2,105.2,99.2,16.1,2023,-61,242,9
61,Miles Norris,,PF,6-7,200,23,UC Santa Barbara,United States,/player/Miles-Norris/Summary/88985,,117.0,,0.586,0.557,5.9,17.0,11.6,8.4,11.0,1.9,2.9,19.6,162.0,-1.2,1.3,116.9,95.5,18.1,2023,-61,370,9
61,Drew Peterson,,F,6-9,205,23,USC,United States,/player/Drew-Peterson/Summary/120120,,164.0,,0.536,0.499,4.0,16.0,10.2,19.6,17.7,1.5,1.7,19.9,153.3,-0.2,1.2,106.0,100.5,14.9,2023,-61,380,2
61,"Craig Porter, Jr.",,G,6-2,176,23,Wichita State,United States,/player/Craig-Porter-Jr/Summary/148184,,75.0,,0.535,0.508,3.4,15.6,9.9,26.4,18.6,2.1,4.2,17.3,150.4,1.9,1.2,105.9,93.4,17.8,2023,-61,414,6
61,Timmy Allen,,SF,6-6,210,23,Texas,United States,/player/Timmy-Allen/Summary/89079,,154.0,,0.544,0.493,6.5,17.4,12.0,19.4,16.1,2.1,1.1,24.9,146.0,-1.4,1.3,108.3,99.6,18.4,2023,-61,353,11
61,Marcus Bagley,,SF,6-6,217,21,Arizona State,United States,/player/Marcus-Bagley/Summary/117326,,17.0,,0.518,0.484,5.4,17.0,11.0,8.3,13.1,1.2,1.5,21.1,142.0,-2.6,1.2,102.6,101.3,13.9,2023,-61,18,11
61,Damion Baugh,,SG,6-4,195,22,TCU,United States,/player/Damion-Baugh/Summary/134992,,117.0,,0.501,0.468,2.7,13.4,8.2,26.3,24.0,2.7,1.0,18.6,138.4,0.3,1.2,96.4,92.8,13.7,2023,-61,345,12
61,Leaky Black,,SF,6-6,209,24,North Carolina,United States,/player/Leaky-Black/Summary/104356,,155.0,,0.485,0.45,5.3,13.7,9.5,13.2,16.5,2.2,2.3,12.0,143.2,1.1,1.1,106.5,98.7,11.5,2023,-61,242,11
61,Yuri Collins,,G,6-0,190,22,Saint Louis,United States,/player/Yuri-Collins/Summary/134165,,116.0,,0.508,0.461,1.1,10.5,5.9,40.0,28.5,2.7,0.3,18.2,147.2,5.1,1.2,101.0,98.6,14.9,2023,-61,311,6
61,Dexter Dennis,,GF,6-5,205,24,Texas A&M,United States,/player/Dexter-Dennis/Summary/131930,,146.0,,0.505,0.468,5.6,15.1,10.3,8.0,11.6,1.3,2.6,17.9,147.7,-1.5,1.1,106.6,97.3,12.8,2023,-61,354,8
61,Alex Fudge,,F,6-8,200,20,Florida,United States,/player/Alex-Fudge/Summary/151286,,61.0,,0.459,0.434,9.8,16.2,13.1,4.1,16.1,2.1,4.5,18.0,122.8,-4.2,1.1,93.5,92.4,12.8,2023,-61,108,2
61,Andrew Funk,,SG,6-5,200,23,Penn State,United States,/player/Andrew-Funk/Summary/132414,,147.0,,0.545,0.525,0.8,11.3,6.2,10.8,10.7,1.2,0.5,20.8,156.2,-0.7,1.2,104.3,108.7,13.3,2023,-61,278,12
61,E.J. Harkless,,PG,6-3,195,23,UNLV,United States,/player/EJ-Harkless/Summary/107567,,132.0,,0.523,0.479,3.7,16.6,10.1,18.1,17.2,3.2,0.9,23.8,143.6,-1.8,1.3,101.4,100.6,16.1,2023,-61,379,10
61,D'Moi Hodge,,F,6-4,180,24,Missouri,U.S. Virgin Islands,/player/DMoi-Hodge/Summary/150689,,92.0,,0.581,0.563,3.0,11.7,7.3,10.6,9.2,4.1,2.6,23.6,154.5,-0.6,1.3,115.7,98.1,22.4,2023,-61,219,2
61,Yuki Kawamura,,G,5-8,159,22,,Japan,/player/Yuki-Kawamura/Summary/133875,B.League,56.0,51.0,0.551,0.508,1.7,11.4,6.5,54.0,14.8,2.7,0.3,33.6,157.8,8.5,1.2,112.9,105.6,22.0,2023,-61,429,6
61,Taevion Kinsey,,GF,6-5,190,23,Marshall,United States,/player/Taevion-Kinsey/Summary/139781,,154.0,,0.566,0.531,5.8,9.5,7.7,19.9,12.3,1.7,1.1,23.9,154.0,0.7,1.3,115.4,104.2,20.0,2023,-61,203,8
61,Nate Mensah,,F,6-9,220,25,San Diego State,Ghana,/player/Nate-Mensah/Summary/108581,,146.0,,0.558,0.536,12.4,21.7,17.1,5.2,14.6,1.7,9.5,16.9,137.9,-3.1,1.4,113.2,87.1,18.6,2023,-61,316,2
61,Markquis Nowell,,PG,5-7,160,23,Kansas State,United States,/player/Markquis-Nowell/Summary/108203,,131.0,,0.542,0.483,1.7,10.3,6.1,35.5,20.0,3.7,0.1,26.1,160.8,1.4,1.3,105.4,98.1,18.0,2023,-61,173,10
61,Liam Robbins,,C,7-0,250,23,Vanderbilt,United States,/player/Liam-Robbins/Summary/133540,,129.0,,0.546,0.505,10.4,20.0,15.3,8.6,12.4,1.3,12.3,27.1,147.6,-4.0,1.3,109.1,94.3,23.1,2023,-61,394,0
61,Terquavion Smith,,G,6-4,160,20,NC State,United States,/player/Terquavion-Smith/Summary/150383,,66.0,,0.507,0.482,2.7,11.3,6.7,19.4,10.4,2.4,1.4,28.8,144.0,0.4,1.1,107.0,105.8,20.2,2023,-61,232,6
61,Erik Stevenson,,G,6-4,205,24,West Virginia,United States,/player/Erik-Stevenson/Summary/120273,,159.0,,0.504,0.467,2.7,15.6,9.0,19.2,14.8,2.5,1.0,24.4,152.8,-1.2,1.1,101.5,97.9,14.7,2023,-61,410,6
61,Drew Timme,,F,6-10,235,22,Gonzaga,United States,/player/Drew-Timme/Summary/117478,,134.0,,0.637,0.624,9.9,17.7,14.1,15.9,13.1,1.0,3.1,27.5,152.4,-1.4,1.6,125.1,95.6,29.8,2023,-61,131,2
61,Angelo Allegri,,F,6-7,215,24,Eastern Washington,United States,/player/Angelo-Allegri/Summary/142804,,165.0,,0.543,0.528,5.0,14.6,9.7,10.1,14.6,1.5,0.6,19.7,146.5,-2.1,1.2,106.7,100.6,13.6,2023,-61,98,2
61,Matt Bradley,,SG,6-4,220,23,San Diego State,United States,/player/Matt-Bradley/Summary/127264,,156.0,,0.551,0.501,3.5,14.9,9.1,16.1,13.6,1.4,1.0,27.8,163.3,-2.7,1.3,107.2,102.0,18.1,2023,-61,316,12
61,Kihei Clark,,PG,5-10,167,23,Virginia,United States,/player/Kihei-Clark/Summary/95889,,161.0,,0.51,0.459,1.5,9.1,5.4,26.7,19.4,1.8,0.3,19.0,153.1,3.0,1.2,103.0,98.9,12.6,2023,-61,397,10
61,Antoine Davis,,SG,6-1,165,24,Detroit-Mercy,United States,/player/Antoine-Davis/Summary/132243,,144.0,,0.551,0.507,1.3,8.8,4.9,27.2,13.4,2.0,0.1,36.1,167.6,-2.2,1.2,110.5,112.6,22.2,2023,-61,90,12
61,Kendric Davis,,PG,5-11,180,24,Memphis,United States,/player/Kendric-Davis/Summary/108183,,146.0,,0.564,0.497,1.9,10.4,6.3,32.2,14.9,2.7,0.3,27.1,162.4,2.6,1.4,115.2,99.9,21.0,2023,-61,208,10
61,Armaan Franklin,,G,6-4,204,22,Virginia,United States,/player/Armaan-Franklin/Summary/132432,,121.0,,0.517,0.489,1.9,12.9,7.4,12.6,11.9,2.0,1.1,22.4,146.2,-1.0,1.2,101.7,99.6,15.0,2023,-61,397,6
61,Myron Gardner,,G,6-6,220,22,Little Rock,United States,/player/Myron-Gardner/Summary/134269,,54.0,,0.529,0.477,7.4,23.0,15.1,19.0,18.3,1.4,1.3,21.7,152.6,-1.2,1.3,102.4,103.3,16.9,2023,-61,188,6
61,Patrick Gardner,,C,6-11,240,24,Marist,United States/Egypt,/player/Patrick-Gardner/Summary/165610,,33.0,,0.573,0.555,5.0,20.0,12.0,19.0,13.0,1.0,3.0,33.0,155.6,-4.0,1.3,108.0,99.0,26.0,2023,-61,200,0
61,Dane Goodwin,,SG,6-6,214,23,Notre Dame,United States,/player/Dane-Goodwin/Summary/88962,,158.0,,0.555,0.525,3.7,12.5,8.2,9.4,8.6,1.1,0.6,18.5,165.8,0.2,1.2,113.0,107.0,14.7,2023,-61,255,12
61,Devon Higgs,,G,6-5,198,23,Georgia Southwestern State,United States,/player/Devon-Higgs/Summary/140872,,118.0,,0.539,0.516,-,-,-,-,23.9,-,-,-,137.7,-,1.3,-,-,-,2023,-61,127,6
61,Tevian Jones,,PF,6-7,200,22,Southern Utah,United States,/player/Tevian-Jones/Summary/107570,,124.0,,0.543,0.49,3.1,13.7,8.4,6.9,12.5,1.7,0.4,26.5,157.5,-4.3,1.3,106.3,101.6,16.1,2023,-61,335,9
61,Keshawn Justice,,SF,6-7,225,23,Santa Clara,United States,/player/Keshawn-Justice/Summary/132301,,144.0,,0.55,0.518,1.6,14.1,8.1,12.1,8.8,1.5,1.1,18.3,160.9,1.1,1.2,112.5,101.6,14.5,2023,-61,319,11
61,Gabe Kalscheur,,SG,6-4,194,24,Iowa State,United States,/player/Gabe-Kalscheur/Summary/132179,,156.0,,0.502,0.475,2.3,6.6,4.4,9.5,13.6,2.0,0.7,19.8,144.4,-2.2,1.1,98.3,101.4,10.0,2023,-61,159,12
61,Miller Kopp,,F,6-7,220,24,Indiana,United States,/player/Miller-Kopp/Summary/120262,,157.0,,0.537,0.505,2.2,9.4,5.9,8.2,11.7,1.3,0.9,17.3,163.6,-1.0,1.2,103.7,103.6,11.0,2023,-61,154,2
61,Matthew Mayer,,SF,6-9,225,23,Illinois,United States,/player/Matthew-Mayer/Summary/116242,,159.0,,0.521,0.494,5.8,18.1,11.9,10.2,11.5,2.8,3.4,24.4,144.1,-2.1,1.2,109.2,92.0,18.5,2023,-61,151,11
61,Caleb McConnell,,GF,6-7,195,24,Rutgers,United States,/player/Caleb-McConnell/Summary/104410,,142.0,,0.465,0.429,4.8,14.9,9.8,14.1,16.6,3.8,1.5,18.4,138.0,-1.0,1.0,95.5,94.1,13.1,2023,-61,307,8
61,Darius McGhee,,G,5-9,180,24,Liberty,United States,/player/Darius-McGhee/Summary/140164,,168.0,,0.594,0.566,1.6,13.6,7.9,16.1,10.5,2.3,0.8,27.9,169.1,-0.2,1.3,115.0,92.9,21.8,2023,-61,183,6
61,"Mike Miles, Jr.",,G,6-2,195,20,TCU,United States,/player/Mike-Miles-Jr/Summary/117532,,83.0,,0.534,0.485,0.9,10.6,5.8,20.5,15.4,2.0,0.8,26.4,152.7,-1.6,1.3,104.9,100.9,17.5,2023,-61,345,6
61,Seth Millner,,F,6-6,200,22,Toledo,United States,/player/Seth-Millner/Summary/140049,,130.0,,0.56,0.53,4.7,14.5,10.0,9.9,11.3,0.7,0.3,19.8,156.9,-0.5,1.3,113.1,104.7,17.4,2023,-61,363,2
61,Omari Moore,,F,6-6,185,22,San Jose State,United States,/player/Omari-Moore/Summary/152017,,117.0,,0.532,0.507,3.4,13.2,8.2,26.7,19.6,2.0,2.6,22.2,148.4,-0.4,1.2,101.0,107.4,17.3,2023,-61,318,2
61,Nick Ongenda,,C,6-11,230,22,DePaul,United States,/player/Nick-Ongenda/Summary/148679,,82.0,,0.542,0.529,8.7,12.7,10.7,5.8,16.4,1.1,9.5,18.6,110.2,-4.2,1.3,103.8,100.5,17.1,2023,-61,85,0
61,Sam Peek,,F,6-7,195,24,Stetson,United States,/player/Sam-Peek/Summary/147488,,31.0,,0.542,0.52,6.0,21.0,13.0,7.0,15.7,1.0,1.0,18.0,144.5,-2.0,1.2,106.0,106.0,15.0,2023,-61,340,2
61,Justin Powell,,SG,6-5,197,22,Washington State,United States,/player/Justin-Powell/Summary/135690,,74.0,,0.557,0.534,2.3,13.4,7.7,17.2,12.1,1.3,0.6,16.4,160.6,2.1,1.2,116.9,100.0,15.2,2023,-61,407,12
61,Will Richardson,,PG,6-5,170,23,Oregon,United States,/player/Will-Richardson/Summary/127258,,148.0,,0.563,0.528,3.2,9.5,6.4,20.8,18.4,2.5,0.5,19.6,159.9,0.5,1.3,110.4,101.3,15.2,2023,-61,267,10
61,David Singleton,,SG,6-4,210,24,UCLA,United States,/player/David-Singleton/Summary/88993,,164.0,,0.601,0.583,1.4,9.3,5.3,8.1,7.5,1.9,0.7,12.9,162.3,1.2,1.3,126.1,101.3,12.8,2023,-61,373,12
61,Brandon Slater,,SF,6-7,220,23,Villanova,United States,/player/Brandon-Slater/Summary/104830,,143.0,,0.58,0.528,5.0,11.5,8.3,9.2,14.5,2.1,1.6,14.6,160.2,-0.7,1.4,116.3,100.2,13.1,2023,-61,396,11
61,Jake Stephens,,C,6-11,270,23,Chattanooga,United States,/player/Jake-Stephens/Summary/140038,,144.0,,0.627,0.59,6.0,21.9,14.2,19.7,15.4,1.2,6.2,24.4,169.1,-1.0,1.5,119.5,101.0,23.8,2023,-61,69,0
61,Azuolas Tubelis,,F,6-10,245,21,Arizona,Lithuania,/player/Azuolas-Tubelis/Summary/120959,,97.0,,0.59,0.56,10.7,19.8,15.6,14.2,14.8,2.0,2.5,27.7,155.3,-3.7,1.4,114.2,93.7,25.5,2023,-61,17,2
61,Vincent Valerio-Bodon,,GF,6-9,200,22,,Hungary,/player/Vincent-Valerio-Bodon/Summary/137526,NBIA,30.0,30.0,0.653,0.624,4.1,14.1,9.6,10.6,16.8,1.9,3.2,14.5,179.3,-0.4,1.4,119.5,109.1,14.5,2023,-61,429,8
61,Kamarion Williams,,F,6-10,250,23,LSU,United States,/player/Kamarion-Williams/Summary/140139,,157.0,,0.607,0.59,10.8,20.7,15.9,6.6,10.7,2.3,2.8,25.0,161.8,-3.3,1.4,120.4,93.2,24.8,2023,-61,176,2
61,Ricky Council IV,,G,6-6,207,21,Arkansas,United States,/player/Ricky-Council-IV/Summary/138420,,85.0,,0.541,0.477,4.2,13.4,8.8,13.6,13.8,2.0,1.3,24.9,152.1,-2.6,1.3,107.9,98.0,19.1,2023,-61,19,6
61,Adam Flagler,,G,6-3,185,23,Baylor,United States,/player/Adam-Flagler/Summary/140202,,127.0,,0.576,0.549,2.5,8.0,5.2,16.3,10.0,1.9,0.5,22.3,164.1,1.3,1.3,120.2,103.2,17.9,2023,-61,37,6
61,Adama Sanogo,,PF,6-9,245,21,UConn,Mali,/player/Adama-Sanogo/Summary/137251,,91.0,,0.591,0.57,12.4,21.4,16.9,9.3,14.0,1.6,5.1,27.2,163.4,-5.0,1.3,115.8,92.3,27.3,2023,-61,374,9
61,Jacob Toppin,,SF,6-8,200,23,Kentucky,United States,/player/Jacob-Toppin/Summary/134925,,116.0,,0.532,0.499,6.9,16.3,11.6,10.1,11.3,1.1,2.1,17.7,145.5,-0.5,1.2,113.2,99.6,16.7,2023,-61,174,11
61,Oscar Tshiebwe,,F,6-8,255,23,Kentucky,Democratic Republic of the Congo,/player/Oscar-Tshiebwe/Summary/117422,,107.0,,0.606,0.573,19.5,29.9,24.6,6.9,13.3,2.6,4.4,23.3,127.8,-4.1,1.5,124.7,87.9,31.9,2023,-61,174,2
61,Charles Bediako,,FC,7-0,225,21,Alabama,Canada,/player/Charles-Bediako/Summary/119490,,70.0,,0.646,0.673,13.3,14.9,14.2,6.4,14.7,1.8,8.3,14.3,116.2,-2.1,1.6,126.6,93.9,21.7,2023,-61,8,5
61,Malcolm Cazalon,,G,6-6,185,21,KK Mega Bemax (Serbia),France,/player/Malcolm-Cazalon/Summary/108580,All Leagues,39.0,35.0,0.573,0.531,2.3,11.9,7.3,18.7,15.1,3.6,1.2,23.4,156.4,-0.4,1.3,108.8,110.1,16.5,2023,-61,168,6
61,Jazian Gortman,,G,6-1,175,20,Overtime Elite (Georgia),United States,/player/Jazian-Gortman/Summary/176050,,,,,,,,,,,,,,,,,,,,2023,-61,270,6
61,Sir'Jabari Rice,,G,6-4,180,24,Texas,United States,/player/SirJabari-Rice/Summary/122408,,149.0,,0.574,0.525,5.2,15.2,10.2,15.8,15.0,1.7,1.4,22.7,158.4,-1.3,1.4,115.1,96.0,17.9,2023,-61,353,6
61,Chase Audige,,SG,6-4,200,23,Northwestern,United States,/player/Chase-Audige/Summary/132309,,113.0,,0.487,0.46,3.6,11.5,7.5,15.9,14.4,3.5,2.0,24.1,142.3,-1.5,1.1,95.5,99.8,14.1,2023,-61,253,12
61,Souley Boum,,G,6-3,175,24,Xavier,United States,/player/Souley-Boum/Summary/121540,,159.0,,0.549,0.476,1.9,11.9,6.9,16.4,11.7,2.0,0.5,26.0,160.4,-0.5,1.3,110.4,101.3,17.7,2023,-61,421,6
61,Javonte Cooke,,G,6-6,185,23,Winston-Salem State,United States,/player/Javonte-Cooke/Summary/124004,,85.0,,0.559,0.529,-,-,-,-,13.2,-,-,-,152.7,-,1.3,-,-,-,2023,-61,417,6
61,Caleb Daniels,,G,6-4,210,24,Villanova,United States,/player/Caleb-Daniels/Summary/121516,,154.0,,0.549,0.507,3.3,12.1,7.7,14.2,14.1,1.3,0.9,23.0,155.8,-1.7,1.3,106.7,105.7,14.4,2023,-61,396,6
61,Taylor Funk,,PF,6-8,230,25,Utah State,United States,/player/Taylor-Funk/Summary/105815,,154.0,,0.569,0.544,4.8,15.5,10.2,10.4,10.5,1.4,2.0,20.0,161.4,-0.7,1.2,112.4,103.6,16.2,2023,-61,388,9
61,Joey Hauser,,PF,6-9,230,23,Michigan State,United States,/player/Joey-Hauser/Summary/104387,,131.0,,0.607,0.568,5.6,18.8,12.5,13.3,16.3,0.8,0.7,19.2,169.7,-1.6,1.4,115.3,102.1,15.9,2023,-61,212,9
61,Javan Johnson,,F,6-6,192,24,DePaul,United States,/player/Javan-Johnson/Summary/122354,,127.0,,0.528,0.511,3.6,12.3,8.0,12.1,15.8,1.1,3.0,20.4,150.3,-2.4,1.1,100.2,108.8,12.4,2023,-61,85,2
61,Jarkel Joiner,,G,6-1,181,24,NC State,United States,/player/Jarkel-Joiner/Summary/122378,,148.0,,0.519,0.475,2.6,10.7,6.5,12.7,8.5,1.9,0.3,22.9,157.5,0.2,1.2,112.1,103.5,16.2,2023,-61,232,6
61,Hunter Maldonado,,SF,6-7,202,24,Wyoming,United States,/player/Hunter-Maldonado/Summary/88816,,157.0,,0.535,0.486,3.3,15.0,9.2,26.7,17.2,2.1,1.0,24.8,144.7,-,1.3,104.4,102.1,16.7,2023,-61,420,11
61,Joirdon Nicholas,,F,6-9,220,24,Texas Southern,United States,/player/Joirdon-Nicholas/Summary/122054,,131.0,,0.534,0.534,11.2,21.6,16.4,9.1,18.1,1.7,4.7,23.3,104.1,-5.7,1.3,100.9,92.9,17.4,2023,-61,358,2
61,Landers Nolley II,,SF,6-7,208,23,Cincinnati,United States,/player/Landers-Nolley-II/Summary/125786,,125.0,,0.527,0.495,3.6,15.5,9.7,16.7,14.7,1.8,1.2,26.6,155.1,-2.3,1.2,103.2,96.5,17.8,2023,-61,73,11
61,Kevin Obanor,,F,6-8,235,24,Texas Tech,United States,/player/Kevin-Obanor/Summary/129511,,156.0,,0.621,0.574,9.7,20.1,15.0,5.4,13.0,0.9,2.1,23.4,170.2,-4.2,1.5,121.6,100.3,21.3,2023,-61,359,2
61,Nate Roberts,,PF,6-11,235,23,Motor City Cruise,United States,/player/Nate-Roberts/Summary/104828,,,,,,,,,,,,,,,,,,,,2023,-61,227,9
61,Malachi Smith,,G,6-4,205,23,Gonzaga,United States,/player/Malachi-Smith/Summary/140069,,132.0,,0.586,0.545,6.0,18.2,12.1,16.7,13.6,2.7,0.4,23.8,170.9,-0.6,1.3,117.6,98.0,21.8,2023,-61,131,6
61,Jordan Walker,,G,5-11,170,23,UAB,United States,/player/Jordan-Walker/Summary/121493,,137.0,,0.542,0.499,1.1,8.0,4.5,25.6,15.1,2.8,0.1,27.8,160.7,-0.2,1.2,107.1,101.6,17.8,2023,-61,367,6
1,Cade Cunningham,DET,SF,6-6,220,19,Oklahoma State,United States,/player/Cade-Cunningham/Summary/124839,,27.0,,0.574,0.515,2.3,16.2,9.5,20.8,18.7,2.5,2.3,29.2,168.4,-4.6,1.4,106.0,95.6,22.5,2021,-1,261,11
2,Jalen Green,HOU,SG,6-4,186,19,NBA G League Ignite,United States,/player/Jalen-Green/Summary/117342,,,,,,,,,,,,,,,,,,,,2021,-2,231,12
3,Evan Mobley,CLE,PF,6-11,215,20,USC,United States,/player/Evan-Mobley/Summary/117327,,33.0,,0.624,0.595,9.7,18.9,14.6,14.2,14.6,1.4,8.8,22.9,157.2,-2.0,1.6,123.4,90.3,29.8,2021,-3,380,9
4,Scottie Barnes,TOR,SF,6-7,237,19,Florida State,United States,/player/Scottie-Barnes/Summary/119506,,24.0,,0.548,0.531,7.3,11.0,9.3,31.5,20.7,3.4,2.1,23.7,139.9,1.1,1.3,109.5,97.0,22.1,2021,-4,111,11
5,Jalen Suggs,ORL,SG,6-5,205,20,Gonzaga,United States,/player/Jalen-Suggs/Summary/117344,,30.0,,0.596,0.56,2.7,18.0,11.0,23.9,19.6,3.5,1.1,24.8,160.1,0.3,1.4,112.8,90.8,23.5,2021,-5,131,12
6,Josh Giddey,OKC,G,6-8,216,18,Adelaide (Australia),Australia,/player/Josh-Giddey/Summary/150528,AUS NBL,28.0,26.0,0.51,0.479,4.0,20.8,12.8,36.3,23.7,1.8,1.4,19.5,140.9,5.1,1.1,102.8,108.7,14.8,2021,-6,3,6
7,Jonathan Kuminga,GOS,F,6-7,225,18,NBA G League Ignite,Democratic Republic of the Congo,/player/Jonathan-Kuminga/Summary/127826,,,,,,,,,,,,,,,,,,,,2021,-7,231,2
8,Franz Wagner,ORL,SF,6-10,220,19,Michigan,Germany,/player/Franz-Wagner/Summary/108861,,55.0,,0.577,0.539,3.1,18.4,11.2,12.0,11.7,2.3,2.5,19.7,162.4,-0.1,1.3,114.6,94.0,20.3,2021,-8,211,11
9,Davion Mitchell,SAC,PG,6-0,202,22,Baylor,United States,/player/Davion-Mitchell/Summary/89964,,94.0,,0.559,0.542,1.5,7.7,4.5,24.0,19.1,2.7,1.0,17.9,149.2,2.0,1.3,110.8,97.7,14.1,2021,-9,37,10
10,Ziaire Williams,NOP,F,6-9,185,19,Stanford,United States,/player/Ziaire-Williams/Summary/137400,,20.0,,0.473,0.431,2.3,15.7,9.5,16.3,20.4,1.7,2.2,26.1,146.1,-5.1,1.1,86.5,96.9,11.9,2021,-10,338,2
11,James Bouknight,CHA,G,6-5,190,20,UConn,United States,/player/James-Bouknight/Summary/128317,,43.0,,0.554,0.503,6.2,12.8,9.4,11.9,13.6,1.9,0.9,27.8,157.8,-4.3,1.3,111.4,96.1,22.0,2021,-11,374,6
12,Joshua Primo,SAN,G,6-4,189,18,Alabama,Canada,/player/Joshua-Primo/Summary/134341,,30.0,,0.565,0.541,4.8,10.5,7.7,6.5,16.0,1.3,1.3,17.6,156.1,-3.4,1.3,107.7,97.7,13.7,2021,-12,8,6
13,Chris Duarte,IND,PG,6-5,190,24,Oregon,Canada/Dominican Republic,/player/Chris-Duarte/Summary/105378,,54.0,,0.593,0.562,4.1,14.0,9.0,11.9,13.1,3.0,2.0,23.0,165.6,-1.0,1.3,116.3,96.4,23.4,2021,-13,267,10
14,Moses Moody,GOS,SG,6-5,211,19,Arkansas,United States,/player/Moses-Moody/Summary/132632,,32.0,,0.568,0.503,6.3,11.8,9.1,8.2,9.9,1.6,2.0,22.3,159.7,-1.6,1.4,119.8,97.2,21.1,2021,-14,19,12
15,Corey Kispert,WAS,SF,6-6,224,22,Gonzaga,United States,/player/Corey-Kispert/Summary/105831,,137.0,,0.626,0.601,4.3,11.9,8.4,8.0,10.1,1.4,1.3,18.3,171.5,-0.3,1.4,126.7,96.6,17.4,2021,-15,131,11
16,Alperen Sengun,OKC,C,6-11,243,19,Besiktas Icrypex (Turkey),Turkey,/player/Alperen-Sengun/Summary/137853,All Leagues,37.0,34.0,0.697,0.641,17.5,23.4,20.5,18.2,15.2,2.6,5.9,26.7,162.6,-2.3,1.8,132.4,106.7,30.9,2021,-16,41,0
17,Trey Murphy III,MEM,G,6-8,206,21,Virginia,United States,/player/Trey-Murphy-III/Summary/139788,,86.0,,0.623,0.595,3.5,13.0,8.3,8.0,9.7,1.6,2.1,19.3,167.6,-1.0,1.4,120.8,104.6,17.6,2021,-17,397,6
18,Tre Mann,OKC,PG,6-3,178,20,Florida,United States,/player/Tre-Mann/Summary/117467,,53.0,,0.534,0.497,2.3,14.8,8.8,16.0,16.5,2.3,0.4,24.1,155.9,-2.5,1.2,103.7,99.4,17.0,2021,-18,108,10
19,Kai Jones,NYK,PF,6-11,221,20,Texas,Bahamas,/player/Kai-Jones/Summary/120102,,53.0,,0.618,0.598,8.9,14.5,11.8,4.9,18.2,2.0,5.3,15.9,157.4,-4.1,1.5,113.8,94.5,18.1,2021,-19,353,9
20,Jalen Johnson,ATL,PF,6-8,219,19,Duke,United States,/player/Jalen-Johnson/Summary/117333,,13.0,,0.575,0.56,8.0,24.7,16.2,21.0,20.6,3.0,5.8,28.1,159.9,-4.9,1.3,104.3,95.0,26.0,2021,-20,93,9
21,Keon Johnson,NYK,PG,6-5,185,19,Tennessee,United States,/player/Keon-Johnson/Summary/117372,,27.0,,0.519,0.476,4.8,10.9,7.9,20.6,19.4,2.5,2.0,26.6,142.3,-3.9,1.2,97.7,93.5,16.9,2021,-21,349,10
22,Isaiah Jackson,LAL,PF,6-9,205,19,Kentucky,United States,/player/Isaiah-Jackson/Summary/132627,,25.0,,0.587,0.54,11.2,23.1,17.2,7.0,17.5,2.1,12.7,20.4,124.0,-5.1,1.5,111.8,89.8,25.5,2021,-22,174,9
23,Usman Garuba,HOU,C,6-8,229,19,Real Madrid (Spain),Spain,/player/Usman-Garuba/Summary/108741,All Leagues,86.0,42.0,0.556,0.535,10.9,23.0,17.1,7.7,19.3,2.1,3.2,14.7,144.5,-2.8,1.2,109.1,104.2,13.3,2021,-23,299,0
24,Josh Christopher,HOU,G,6-4,215,19,Arizona State,United States,/player/Josh-Christopher/Summary/120138,,15.0,,0.529,0.483,2.4,16.1,8.9,9.8,11.4,2.7,2.0,25.1,153.7,-2.6,1.2,101.6,101.7,18.3,2021,-24,18,6
25,Quentin Grimes,LAC,SG,6-4,210,21,Houston,United States,/player/Quentin-Grimes/Summary/107566,,96.0,,0.536,0.51,3.4,11.2,7.3,14.5,14.8,1.9,0.9,23.2,147.7,-2.0,1.2,108.1,96.8,15.3,2021,-25,143,12
26,Bones Hyland,DEN,G,6-2,169,20,VCU,United States,/player/Bones-Hyland/Summary/120125,,55.0,,0.588,0.557,1.2,13.8,7.5,16.9,14.8,2.9,1.1,26.7,166.7,-2.7,1.3,108.8,93.0,21.4,2021,-26,390,6
27,Cam Thomas,BRK,PG,6-3,210,19,LSU,United States,/player/Cam-Thomas/Summary/132633,,29.0,,0.553,0.474,2.0,8.3,5.3,8.3,7.5,1.4,0.7,31.6,161.3,-2.0,1.3,118.0,108.0,25.0,2021,-27,176,10
28,Jaden Springer,PHL,SG,6-4,202,18,Tennessee,United States,/player/Jaden-Springer/Summary/117325,,25.0,,0.57,0.511,4.6,10.8,7.8,23.3,17.9,2.7,2.0,25.9,171.2,-1.8,1.4,108.8,92.1,21.5,2021,-28,349,12
29,Day'Ron Sharpe,PHX,PF,6-9,265,19,North Carolina,United States,/player/DayRon-Sharpe/Summary/135668,,29.0,,0.521,0.519,18.1,23.8,20.9,15.4,17.8,2.3,5.1,26.2,102.3,-5.1,1.3,104.8,92.4,26.0,2021,-29,242,9
30,Santi Aldama,UTH,C,7-0,215,20,Loyola (MD),Spain,/player/Santi-Aldama/Summary/119596,,27.0,,0.567,0.552,6.0,25.4,15.9,15.4,14.7,1.7,5.8,29.6,144.0,-4.2,1.3,107.5,94.3,26.7,2021,-30,195,0
31,Isaiah Todd,MIL,PF,6-10,220,19,NBA G League Ignite,United States,/player/Isaiah-Todd/Summary/117340,,,,,,,,,,,,,,,,,,,,2021,-31,231,9
32,Jeremiah Robinson-Earl,NYK,PF,6-8,240,20,Villanova,United States,/player/Jeremiah-Robinson-Earl/Summary/103951,,56.0,,0.556,0.517,8.9,22.4,15.7,12.2,14.4,1.9,1.9,21.4,154.7,-1.8,1.3,112.0,95.8,21.2,2021,-32,396,9
33,Jason Preston,ORL,G,6-3,181,21,Ohio,United States,/player/Jason-Preston/Summary/139852,,82.0,,0.568,0.547,2.6,16.0,9.3,33.3,19.2,2.0,0.4,19.9,155.8,3.8,1.3,112.1,100.5,18.1,2021,-33,258,6
34,Rokas Jokubaitis,OKC,PG,6-4,182,20,Zalgiris (Lithuania),Lithuania,/player/Rokas-Jokubaitis/Summary/108679,All Leagues,74.0,8.0,0.546,0.518,2.3,8.8,5.7,25.3,16.6,1.8,0.2,20.2,153.1,4.4,1.2,112.3,108.2,13.4,2021,-34,425,10
35,Herb Jones,NOP,SF,6-7,206,22,Alabama,United States,/player/Herb-Jones/Summary/105363,,129.0,,0.496,0.463,7.2,14.6,11.0,16.9,21.8,3.0,3.2,19.0,133.3,-2.4,1.2,97.9,96.3,13.7,2021,-35,8,11
36,Miles McBride,OKC,G,6-1,195,20,West Virginia,United States,/player/Miles-McBride/Summary/132462,,60.0,,0.525,0.475,3.2,9.4,6.1,24.2,11.6,3.1,1.6,23.0,157.2,2.2,1.2,115.4,95.8,21.3,2021,-36,410,6
37,J.T. Thor,DET,PF,6-9,203,18,Auburn,United States/South Sudan,/player/JT-Thor/Summary/143359,,27.0,,0.547,0.497,7.7,15.3,11.6,7.1,15.4,1.9,5.9,20.3,147.8,-4.1,1.3,108.7,100.6,18.6,2021,-37,22,9
38,Ayo Dosunmu,CHI,PG,6-5,200,21,Illinois,United States,/player/Ayo-Dosunmu/Summary/107970,,90.0,,0.549,0.517,2.8,13.8,8.4,24.2,15.2,1.8,0.7,26.7,156.4,-0.4,1.2,108.7,100.3,19.0,2021,-38,151,10
39,Neemias Queta,SAC,C,7-0,248,22,Utah State,Portugal,/player/Neemias-Queta/Summary/120369,,86.0,,0.612,0.596,10.5,25.5,18.3,15.3,19.1,1.5,10.9,23.8,161.5,-4.3,1.5,112.3,86.2,24.6,2021,-39,388,0
40,Jared Butler,NOP,PG,6-3,193,20,Baylor,United States,/player/Jared-Butler/Summary/127262,,94.0,,0.56,0.531,2.1,10.9,6.4,23.9,15.9,3.1,0.8,25.7,159.7,-0.2,1.2,112.6,96.1,19.1,2021,-40,37,10
41,Joe Wieskamp,SAN,SF,6-6,212,21,Iowa,United States,/player/Joe-Wieskamp/Summary/89520,,97.0,,0.601,0.567,5.1,16.2,10.8,9.1,10.9,1.8,1.5,20.4,164.9,-1.3,1.4,119.5,102.5,18.8,2021,-41,158,11
42,Isaiah Livers,DET,PF,6-6,232,23,Michigan,United States,/player/Isaiah-Livers/Summary/107423,,119.0,,0.604,0.575,4.6,14.2,9.5,7.3,9.9,1.2,2.2,17.4,173.3,-0.6,1.3,119.9,95.2,16.3,2021,-42,211,9
43,Greg Brown III,NOP,SF,6-7,206,19,Texas,United States,/player/Greg-Brown-III/Summary/117334,,26.0,,0.535,0.497,6.8,25.9,16.8,3.9,20.9,1.6,5.1,26.8,145.8,-10.0,1.3,93.8,90.8,17.0,2021,-43,353,11
44,Kessler Edwards,BRK,SG,6-7,203,20,Pepperdine,United States,/player/Kessler-Edwards/Summary/88952,,93.0,,0.592,0.558,6.1,18.1,12.1,7.3,11.8,1.8,4.8,20.0,165.3,-2.2,1.4,115.0,101.1,18.6,2021,-44,280,12
45,Juhann Begarin,BOS,SG,6-5,214,18,Paris Basketball (France),France,/player/Juhann-Begarin/Summary/123854,All Leagues,39.0,38.0,0.55,0.53,2.1,14.0,8.2,18.3,18.3,2.7,1.9,22.7,141.1,-1.6,1.2,103.1,102.3,13.9,2021,-45,274,12
46,Dalano Banton,TOR,PG,6-8,203,21,Nebraska,Canada,/player/Dalano-Banton/Summary/132170,,58.0,,0.485,0.453,4.0,18.3,11.3,27.3,24.1,1.9,3.9,20.3,127.7,-0.5,1.1,93.1,98.4,13.6,2021,-46,234,10
47,David Johnson,TOR,SG,6-4,203,20,Louisville,United States,/player/David-Johnson/Summary/132437,,45.0,,0.512,0.494,4.9,14.1,9.6,26.0,21.8,2.1,1.3,24.1,144.3,-2.1,1.1,97.4,95.9,16.3,2021,-47,193,12
48,Sharife Cooper,ATL,PG,6-0,176,20,Auburn,United States,/player/Sharife-Cooper/Summary/117356,,12.0,,0.519,0.427,2.2,10.5,6.6,46.6,17.7,1.6,0.7,31.5,144.5,3.3,1.3,110.6,108.3,22.6,2021,-48,22,10
49,Marcus Zegarowski,BRK,PG,6-2,181,22,Creighton,United States,/player/Marcus-Zegarowski/Summary/108211,,92.0,,0.604,0.582,1.2,10.8,6.2,24.0,15.7,1.9,0.2,21.9,166.6,2.0,1.3,115.4,102.4,18.0,2021,-49,82,10
50,Filip Petrusev,PHL,FC,6-11,225,21,KK Mega Bemax (Serbia),Serbia,/player/Filip-Petrusev/Summary/75786,All Leagues,32.0,30.0,0.645,0.612,7.4,21.9,15.2,11.1,10.5,0.8,3.4,29.3,173.9,-3.1,1.5,121.7,108.2,24.5,2021,-50,168,5
51,"B.J. Boston, Jr.",MEM,SG,6-6,188,19,Kentucky,United States,/player/BJ-Boston-Jr/Summary/126853,,25.0,,0.447,0.407,4.8,11.2,8.0,11.2,10.1,2.5,0.5,23.0,144.0,-1.2,1.0,97.9,100.8,14.1,2021,-51,174,12
52,Luka Garza,DET,C,6-10,243,22,Iowa,United States/Bosnia and Herzegovina,/player/Luka-Garza/Summary/105352,,127.0,,0.608,0.583,11.2,18.4,14.9,10.1,8.7,1.1,4.8,29.5,161.4,-2.3,1.4,123.6,103.0,28.1,2021,-52,158,0
53,Charles Bassey,PHL,PF,6-10,230,20,Western Kentucky,Nigeria/United States,/player/Charles-Bassey/Summary/88593,,72.0,,0.648,0.616,12.1,26.8,19.9,5.9,17.1,1.2,9.4,24.4,168.3,-6.6,1.6,117.8,91.9,26.7,2021,-53,411,9
54,Sandro Mamukelashvili,IND,F,6-9,240,22,Seton Hall,Georgia,/player/Sandro-Mamukelashvili/Summary/103506,,115.0,,0.542,0.517,7.8,18.2,13.1,12.6,15.1,1.3,3.3,21.0,146.1,-2.1,1.3,108.4,100.7,16.8,2021,-54,321,2
55,Aaron Wiggins,OKC,F,6-5,190,22,Maryland,United States,/player/Aaron-Wiggins/Summary/120275,,96.0,,0.525,0.5,4.6,13.8,9.4,11.7,12.1,1.9,1.5,22.1,153.7,-1.5,1.1,105.8,98.0,15.5,2021,-55,204,2
56,Scottie Lewis,CHA,SF,6-5,185,21,Florida,United States,/player/Scottie-Lewis/Summary/107987,,51.0,,0.551,0.5,4.2,10.3,7.4,7.2,16.1,2.9,4.7,16.7,154.5,-2.7,1.3,107.4,97.9,15.6,2021,-56,108,11
57,Balsa Koprivica,CHA,C,7-1,240,21,Florida State,United States/Serbia,/player/Balsa-Koprivica/Summary/104912,,51.0,,0.648,0.634,13.4,17.6,15.6,7.0,15.5,1.2,6.3,20.9,230.9,-4.2,1.6,123.1,94.9,25.2,2021,-57,111,0
58,Jericho Sims,NYK,C,6-10,250,22,Texas,United States,/player/Jericho-Sims/Summary/105383,,119.0,,0.62,0.637,10.0,20.4,15.2,4.1,17.9,1.2,4.1,16.4,116.2,-4.5,1.5,113.0,96.0,16.9,2021,-58,353,0
59,Raiquan Gray,BRK,PF,6-7,269,22,Florida State,United States,/player/Raiquan-Gray/Summary/104922,,90.0,,0.535,0.486,6.5,17.9,12.4,13.8,19.6,3.1,3.1,21.2,145.2,-3.5,1.3,103.2,92.5,16.2,2021,-59,111,9
60,Georgios Kalaitzakis,IND,F,6-7,205,22,Panathinaikos (Greece),Greece,/player/Georgios-Kalaitzakis/Summary/94544,All Leagues,27.0,6.0,0.546,0.44,1.8,15.1,8.4,11.2,21.0,2.8,2.1,17.5,145.3,-3.0,1.4,102.6,105.3,8.9,2021,-60,272,2
61,Jose Alvarado,,G,6-0,179,23,Georgia Tech,United States/Puerto Rico,/player/Jose-Alvarado/Summary/104934,,106.0,,0.562,0.522,2.1,10.0,6.2,21.2,15.8,3.5,0.2,21.2,157.5,0.5,1.3,109.0,98.4,16.7,2021,-61,128,6
61,David Duke,,SG,6-4,204,21,Providence,United States,/player/David-Duke/Summary/119514,,91.0,,0.512,0.46,2.6,13.2,7.7,21.5,17.8,2.1,1.2,22.1,154.0,-0.9,1.2,100.7,99.8,13.7,2021,-61,291,12
61,Jordan Goodwin,,SG,6-5,215,22,Saint Louis,United States,/player/Jordan-Goodwin/Summary/88801,,114.0,,0.479,0.456,9.9,19.1,14.4,21.6,16.3,3.4,1.2,23.3,127.5,-0.8,1.1,101.6,92.4,18.0,2021,-61,311,12
61,Terry Taylor,,GF,6-4,230,21,Austin Peay,United States,/player/Terry-Taylor/Summary/121779,,127.0,,0.603,0.578,13.2,20.6,16.7,8.5,11.7,1.7,3.4,26.1,160.2,-3.6,1.4,122.7,99.2,26.5,2021,-61,24,8
61,Trendon Watford,,SF,6-8,237,20,LSU,United States,/player/Trendon-Watford/Summary/104914,,59.0,,0.542,0.511,6.6,16.9,12.0,12.8,16.2,1.7,2.2,23.8,143.7,-3.3,1.3,107.6,102.6,20.2,2021,-61,176,11
61,Mac McClung,,PG,6-2,185,22,Texas Tech,United States,/player/Mac-McClung/Summary/132187,,79.0,,0.519,0.464,2.5,8.5,5.5,16.2,11.8,2.0,0.9,28.0,151.2,-1.6,1.2,106.2,102.6,16.8,2021,-61,359,10
61,"Duane Washington, Jr.",,G,6-2,197,21,Ohio State,Germany/United States,/player/Duane-Washington-Jr/Summary/129708,,94.0,,0.527,0.497,1.0,12.3,6.8,16.0,12.2,0.9,0.2,26.4,155.9,-1.3,1.2,104.1,103.1,14.9,2021,-61,259,6
61,Brandon Williams,,PG,6-1,190,21,Arizona,United States,/player/Brandon-Williams/Summary/89002,,26.0,,0.527,0.455,0.8,10.7,5.7,23.4,14.1,1.6,0.8,22.7,151.1,1.6,1.3,107.9,99.2,15.2,2021,-61,17,10
61,D.J. Carton,,PG,6-4,200,20,Marquette,United States,/player/DJ-Carton/Summary/132418,,47.0,,0.564,0.525,2.3,11.4,7.2,24.7,21.8,2.0,1.6,24.6,152.8,-2.9,1.3,102.6,98.1,17.4,2021,-61,202,10
61,Jalen Crutcher,,G,6-2,175,22,Dayton,United States,/player/Jalen-Crutcher/Summary/121577,,118.0,,0.571,0.539,1.3,10.3,6.2,27.0,17.1,1.5,0.4,22.1,158.5,2.6,1.3,111.6,102.9,16.2,2021,-61,84,6
61,Marcus Garrett,,PG,6-5,205,22,Kansas,United States,/player/Marcus-Garrett/Summary/106505,,129.0,,0.511,0.484,3.4,13.0,8.4,16.9,15.6,2.9,1.1,16.2,138.2,1.6,1.2,107.3,96.4,13.9,2021,-61,172,10
61,Feron Hunt,,SF,6-8,195,22,Southern Methodist,United States,/player/Feron-Hunt/Summary/132176,,78.0,,0.605,0.582,8.9,20.9,15.0,6.1,16.6,1.9,3.9,18.5,153.0,-4.1,1.4,113.4,98.2,18.7,2021,-61,333,11
61,Jordan Schakel,,SF,6-6,200,23,San Diego State,United States,/player/Jordan-Schakel/Summary/88872,,121.0,,0.624,0.593,3.6,13.1,8.4,6.4,7.0,1.9,0.6,16.4,173.9,-,1.4,128.6,96.0,16.0,2021,-61,316,11
61,Keaton Wallace,,G,6-3,185,22,Texas-San Antonio,United States,/player/Keaton-Wallace/Summary/121648,,125.0,,0.531,0.499,2.2,12.1,7.1,16.8,11.6,1.8,1.4,25.7,155.8,-0.5,1.2,107.3,102.3,17.2,2021,-61,361,6
61,McKinley Wright IV,,PG,5-11,192,22,Colorado,United States,/player/McKinley-Wright-IV/Summary/118870,,131.0,,0.56,0.514,4.1,13.0,8.7,33.2,18.1,1.9,1.0,23.9,159.9,2.1,1.3,112.2,98.2,19.3,2021,-61,77,10
61,Onuralp Bitim,,SG,6-6,215,22,Pinar Karsiyaka (Turkey),Turkey,/player/Onuralp-Bitim/Summary/77625,All Leagues,42.0,13.0,0.563,0.542,3.6,12.9,8.4,10.7,16.6,1.6,1.4,17.8,151.9,-1.9,1.2,104.8,106.9,10.7,2021,-61,284,12
61,"Chaundee Brown, Jr.",,SF,6-6,215,22,Michigan,United States,/player/Chaundee-Brown-Jr/Summary/105348,,112.0,,0.54,0.505,5.8,14.0,9.9,9.2,12.2,0.9,0.8,21.1,159.9,-2.2,1.2,108.8,106.3,14.6,2021,-61,211,11
61,Aaron Henry,,F,6-5,210,21,Michigan State,United States,/player/Aaron-Henry/Summary/120119,,97.0,,0.531,0.501,4.9,13.2,9.4,18.0,17.3,1.9,2.9,21.0,151.9,-1.0,1.2,104.2,96.9,15.3,2021,-61,212,2
61,Matthew Hurt,,PF,6-9,233,21,Duke,United States,/player/Matthew-Hurt/Summary/107986,,55.0,,0.636,0.62,6.6,14.2,10.4,7.9,8.6,1.2,2.7,21.5,167.7,-1.0,1.4,129.2,98.8,24.4,2021,-61,93,9
61,Jamorko Pickett,,F,6-9,206,23,Georgetown,United States,/player/Jamorko-Pickett/Summary/121486,,119.0,,0.498,0.464,4.1,15.3,9.8,9.6,18.3,1.4,3.0,19.4,150.0,-3.8,1.1,94.3,103.4,10.7,2021,-61,124,2
61,Yves Pons,,GF,6-6,215,22,Tennessee,Haiti/France,/player/Yves-Pons/Summary/77640,,116.0,,0.551,0.536,6.0,12.4,9.3,5.9,14.9,1.1,6.7,15.3,145.6,-2.4,1.2,106.4,96.5,13.0,2021,-61,349,8
61,Alex Reese,,FC,6-9,245,22,Alabama,United States,/player/Alex-Reese/Summary/97091,,124.0,,0.511,0.489,5.8,16.6,11.3,7.3,13.2,1.5,3.4,20.8,141.7,-3.1,1.1,103.0,99.1,14.2,2021,-61,8,5
61,D.J. Steward,,PG,6-2,162,19,Duke,United States,/player/DJ-Steward/Summary/132631,,24.0,,0.538,0.508,4.5,10.6,7.5,13.7,14.2,2.0,2.0,22.7,157.9,-1.4,1.2,108.0,104.9,18.2,2021,-61,93,10
61,Ethan Thompson,,SG,6-5,195,22,Oregon State,United States/Puerto Rico,/player/Ethan-Thompson/Summary/88903,,127.0,,0.545,0.488,3.4,11.7,7.6,23.3,16.4,1.8,1.2,22.8,153.8,0.6,1.3,108.9,104.4,16.2,2021,-61,268,12
61,M.J. Walker,,SF,6-5,213,23,Florida State,United States,/player/MJ-Walker/Summary/88914,,120.0,,0.518,0.475,1.5,7.7,4.7,12.1,16.7,1.8,1.0,21.0,152.6,-2.7,1.2,100.9,102.0,10.8,2021,-61,111,11
61,Moses Wright,,FC,6-8,226,22,Georgia Tech,United States,/player/Moses-Wright/Summary/121418,,111.0,,0.521,0.505,7.9,17.8,13.0,9.9,14.6,1.8,4.2,23.4,132.5,-3.7,1.2,100.2,96.5,16.6,2021,-61,128,5
61,Mitch Ballock,,SG,6-5,205,23,Creighton,United States,/player/Mitch-Ballock/Summary/87272,,130.0,,0.599,0.589,1.6,12.3,7.3,14.5,11.8,1.5,0.9,15.6,157.2,2.2,1.3,118.2,102.6,14.3,2021,-61,82,12
61,L.J. Figueroa,,SF,6-4,200,23,Oregon,United States/Dominican Republic,/player/LJ-Figueroa/Summary/88108,,92.0,,0.539,0.526,5.1,15.7,10.3,11.4,9.0,3.3,1.4,22.8,147.4,-0.3,1.2,111.2,97.5,20.1,2021,-61,267,11
61,Justin Jaworski,,G,6-3,196,22,Lafayette,United States,/player/Justin-Jaworski/Summary/121713,,98.0,,0.621,0.58,1.3,8.6,5.1,15.7,14.0,1.5,0.1,23.6,176.0,-1.3,1.4,114.3,109.6,17.6,2021,-61,178,6
61,Matt Lewis,,GF,6-5,200,22,James Madison,United States,/player/Matt-Lewis/Summary/121981,,113.0,,0.542,0.485,2.5,12.4,7.3,18.6,11.4,1.7,1.0,25.9,152.7,-,1.3,111.9,107.0,18.6,2021,-61,163,8
61,Isaiah Miller,,G,6-0,180,23,UNC Greensboro,United States,/player/Isaiah-Miller/Summary/122248,,132.0,,0.504,0.492,6.8,15.0,10.7,23.6,12.6,5.4,1.0,32.6,129.2,-1.6,1.1,104.5,88.1,24.2,2021,-61,377,6
61,Obadiah Noel,,G,6-4,185,22,UMass Lowell,United States,/player/Obadiah-Noel/Summary/122189,,112.0,,0.581,0.538,4.8,11.0,8.0,15.6,15.9,2.3,1.2,25.8,155.0,-3.1,1.5,109.9,105.8,18.6,2021,-61,376,6
61,E.J. Onu,,F,6-11,240,21,Shawnee State,United States,/player/EJ-Onu/Summary/126440,,65.0,,0.597,0.576,-,-,-,-,14.0,-,-,-,157.4,-,1.4,-,-,-,2021,-61,323,2
61,"John Petty, Jr.",,SF,6-5,184,22,Alabama,United States,/player/John-Petty-Jr/Summary/88850,,131.0,,0.566,0.548,2.9,12.7,7.9,12.5,17.0,1.5,1.5,19.7,150.7,-2.5,1.3,106.4,101.3,13.9,2021,-61,8,11
61,Brandon Rachal,,SF,6-6,220,21,Tulsa,United States,/player/Brandon-Rachal/Summary/104923,,80.0,,0.537,0.492,6.8,17.5,12.4,11.5,15.6,3.1,2.6,23.3,147.1,-3.4,1.3,104.2,93.7,17.6,2021,-61,366,11
61,Devontae Shuler,,SG,6-2,185,23,Ole Miss,United States,/player/Devontae-Shuler/Summary/88884,,124.0,,0.517,0.491,2.8,11.6,7.2,18.2,14.1,3.0,0.7,20.7,147.9,0.3,1.1,104.8,101.3,15.1,2021,-61,263,12
61,Aamir Simms,,PF,6-8,245,22,Clemson,United States,/player/Aamir-Simms/Summary/117399,,122.0,,0.569,0.543,8.0,16.2,12.2,13.6,16.0,1.6,3.7,20.2,157.2,-1.9,1.3,110.1,95.3,17.2,2021,-61,74,9
61,Justin Smith,,SF,6-6,215,22,Arkansas,United States,/player/Justin-Smith/Summary/88895,,126.0,,0.549,0.532,9.2,12.7,11.0,7.0,15.4,1.7,1.9,20.1,138.7,-3.9,1.3,106.6,99.5,15.4,2021,-61,19,11
61,Jeremiah Tilmon,,C,6-10,260,22,Missouri,United States,/player/Jeremiah-Tilmon/Summary/88907,,105.0,,0.582,0.575,12.2,15.5,13.9,6.6,20.2,1.2,5.4,23.7,140.4,-7.7,1.4,104.1,97.7,17.5,2021,-61,219,0
61,Romeo Weems,,SF,6-7,215,20,DePaul,United States,/player/Romeo-Weems/Summary/107989,,50.0,,0.486,0.467,5.5,12.6,9.0,8.7,19.1,2.5,2.9,16.0,140.6,-3.2,1.1,93.1,99.0,11.6,2021,-61,85,11
61,Justin Champagnie,,F,6-6,206,20,Pittsburgh,United States,/player/Justin-Champagnie/Summary/135180,,53.0,,0.527,0.489,8.8,20.9,14.7,7.0,7.9,2.0,3.6,23.0,147.1,-1.6,1.2,113.8,97.5,22.9,2021,-61,286,2
61,Sam Hauser,,SF,6-7,217,23,Virginia,United States,/player/Sam-Hauser/Summary/90834,,126.0,,0.634,0.61,3.8,19.2,11.8,12.8,9.3,1.4,1.7,19.0,180.2,1.1,1.4,128.0,103.3,19.8,2021,-61,397,11
61,James Huff,,C,7-1,240,23,Virginia,United States,/player/James-Huff/Summary/106525,,101.0,,0.657,0.649,9.1,21.4,15.7,7.4,12.8,1.2,11.9,21.1,165.2,-2.9,1.5,123.1,84.1,25.0,2021,-61,397,0
61,Daishen Nix,,GF,6-4,238,19,NBA G League Ignite,United States,/player/Daishen-Nix/Summary/137409,,,,,,,,,,,,,,,,,,,,2021,-61,231,8
61,Eugene Omoruyi,,F,6-6,235,24,Oregon,Canada,/player/Eugene-Omoruyi/Summary/109278,,121.0,,0.518,0.482,9.0,14.7,11.8,15.0,15.6,2.3,2.3,24.7,145.0,-3.1,1.2,104.9,97.8,18.2,2021,-61,267,2
61,Micah Potter,,C,6-9,248,23,Wisconsin,United States,/player/Micah-Potter/Summary/88765,,111.0,,0.6,0.565,10.4,20.4,15.5,8.2,13.2,1.3,4.2,24.1,167.1,-3.6,1.4,116.3,95.8,21.9,2021,-61,419,0
61,Austin Reaves,,PG,6-5,197,23,Oklahoma,United States,/player/Austin-Reaves/Summary/106995,,122.0,,0.571,0.503,2.4,14.3,8.6,19.4,15.3,1.6,1.3,22.7,161.3,-,1.4,113.3,98.7,17.6,2021,-61,260,10
61,A.J. Lawson,,F,6-6,179,21,South Carolina,Canada,/player/AJ-Lawson/Summary/120553,,81.0,,0.528,0.494,2.7,12.3,7.3,13.6,13.3,2.3,0.7,24.2,145.2,-2.2,1.2,105.1,102.1,15.6,2021,-61,327,2
61,Olivier Sarr,,FC,6-10,240,22,Kentucky,France,/player/Olivier-Sarr/Summary/72293,,110.0,,0.554,0.493,10.1,18.9,14.5,7.1,16.5,1.0,5.0,20.5,152.7,-4.6,1.4,108.5,102.8,16.6,2021,-61,174,5
61,Dru Smith,,SG,6-2,203,23,Missouri,United States,/player/Dru-Smith/Summary/89521,,107.0,,0.587,0.525,2.6,11.1,6.9,26.6,19.5,3.4,1.6,20.9,169.8,0.5,1.4,110.9,96.9,17.7,2021,-61,219,12
61,DeJon Jarreau,,PG,6-5,185,23,Houston,United States,/player/DeJon-Jarreau/Summary/88751,,122.0,,0.517,0.468,3.2,16.6,10.0,33.0,22.3,2.2,2.8,24.8,142.7,-,1.3,101.6,92.3,16.6,2021,-61,143,10
61,Carlik Jones,,PG,6-0,174,23,Louisville,United States/South Sudan,/player/Carlik-Jones/Summary/107107,,118.0,,0.54,0.489,2.2,14.8,8.5,30.4,13.0,2.5,0.6,26.8,156.2,3.0,1.3,114.4,100.1,21.7,2021,-61,193,10
61,Javonte Smart,,G,6-4,205,22,LSU,United States,/player/Javonte-Smart/Summary/81700,,93.0,,0.524,0.489,1.5,9.8,5.8,18.7,15.1,2.0,0.4,21.2,160.2,0.3,1.2,108.1,105.4,14.7,2021,-61,176,6
61,Joel Ayayi,,G,6-4,180,21,Gonzaga,France,/player/Joel-Ayayi/Summary/99452,,88.0,,0.623,0.601,6.3,17.9,12.6,14.3,13.7,2.1,0.7,16.5,166.5,1.7,1.4,127.1,90.9,18.8,2021,-61,131,6
61,Aleem Ford,,SF,6-8,220,23,Wisconsin,United States/Puerto Rico,/player/Aleem-Ford/Summary/107603,,126.0,,0.532,0.511,4.0,13.7,8.9,7.6,11.5,1.2,1.5,17.1,151.4,-1.1,1.1,105.8,99.9,12.0,2021,-61,419,11
61,JaQuori McLaughlin,,PG,6-4,190,23,UC Santa Barbara,United States,/player/JaQuori-McLaughlin/Summary/85624,,126.0,,0.549,0.498,1.5,8.9,5.3,23.4,15.6,1.9,0.8,20.4,157.9,1.9,1.3,111.2,103.0,14.9,2021,-61,370,10
61,R.J. Nembhard,,PG,6-4,200,22,TCU,United States,/player/RJ-Nembhard/Summary/89965,,95.0,,0.483,0.439,1.3,12.9,7.2,18.9,18.5,1.8,1.1,24.0,141.3,-2.3,1.1,93.5,102.5,11.4,2021,-61,345,10
61,D.J. Stewart,,SG,6-6,205,22,Mississippi State,United States,/player/DJ-Stewart/Summary/132152,,64.0,,0.522,0.483,1.4,8.9,5.3,14.4,16.1,2.2,0.8,22.0,153.6,-2.3,1.2,103.3,102.5,14.8,2021,-61,218,12
61,"Derrick Alston, Jr.",,G,6-9,190,23,Boise State,United States,/player/Derrick-Alston-Jr/Summary/109463,,104.0,,0.579,0.53,2.8,14.3,8.5,13.9,14.8,1.0,1.1,26.5,162.9,-3.1,1.4,109.5,99.4,17.7,2021,-61,42,6
61,Alex Antetokounmpo,,SF,6-8,214,19,UCAM Murcia CB (Spain),Greece/Nigeria,/player/Alex-Antetokounmpo/Summary/140079,ACB,1.0,0.0,0.0,0.0,0.0,0.0,0.0,0.0,0.0,0.0,0.0,0.0,0.0,0.0,0.0,0.0,96.9,0.0,2021,-61,371,11
61,"Troy Baxter, Jr.",,PF,6-9,200,25,Morgan State,United States,/player/Troy-Baxter-Jr/Summary/85640,,105.0,,0.511,0.479,5.2,13.5,9.4,8.4,15.1,0.9,6.7,23.4,141.5,-4.5,1.2,98.6,100.3,13.8,2021,-61,226,9
61,Giorgi Bezhanishvili,,PF,6-9,245,22,Illinois,Georgia/Austria,/player/Giorgi-Bezhanishvili/Summary/112271,,95.0,,0.541,0.522,10.0,12.8,11.4,8.4,18.4,0.9,2.5,21.5,140.7,-5.1,1.2,102.3,101.0,13.8,2021,-61,151,9
61,Pedro Bradshaw,,G,6-7,180,22,Bellarmine,United States,/player/Pedro-Bradshaw/Summary/121780,,32.0,,0.586,0.528,8.6,20.8,14.8,13.7,12.1,3.7,2.4,24.7,165.6,-0.7,1.4,115.0,96.1,25.9,2021,-61,39,6
61,Jordan Burns,,PG,6-0,175,23,Colgate,United States,/player/Jordan-Burns/Summary/107120,,111.0,,0.544,0.507,1.9,9.7,5.9,28.8,16.4,2.5,0.4,27.4,161.1,1.0,1.2,108.2,102.3,18.6,2021,-61,76,10
61,Matt Coleman III,,G,6-2,180,23,Texas,United States,/player/Matt-Coleman-III/Summary/81682,,128.0,,0.535,0.495,2.3,7.2,4.8,22.6,16.9,2.0,0.2,20.0,157.0,1.0,1.2,107.2,101.9,13.6,2021,-61,353,6
61,Derek Culver,,C,6-10,255,23,West Virginia,United States,/player/Derek-Culver/Summary/88792,,86.0,,0.498,0.465,12.2,28.6,20.0,12.5,16.1,1.6,3.3,26.4,104.0,-5.1,1.3,101.9,94.9,19.7,2021,-61,410,0
61,Damien Jefferson,,SF,6-5,220,23,Creighton,United States,/player/Damien-Jefferson/Summary/107341,,116.0,,0.56,0.552,6.1,15.1,10.8,11.7,15.1,1.7,0.8,19.4,140.4,-1.5,1.3,108.1,101.8,15.1,2021,-61,82,11
61,Denzel Mahoney,,SG,6-5,220,23,Creighton,United States,/player/Denzel-Mahoney/Summary/106754,,115.0,,0.568,0.51,4.7,12.1,8.5,8.5,9.8,1.9,0.4,25.7,160.4,-2.1,1.4,114.0,105.7,18.5,2021,-61,82,12
61,Kyle Mangas,,G,6-4,200,22,Indiana Wesleyan,United States,/player/Kyle-Mangas/Summary/167770,,65.0,,0.677,0.644,-,-,-,-,10.1,-,-,-,180.9,-,1.6,-,-,-,2021,-61,155,6
61,Chris Smith,,SF,6-9,215,21,UCLA,United States,/player/Chris-Smith/Summary/104831,,105.0,,0.534,0.484,5.1,15.0,10.2,11.0,18.7,1.6,1.7,21.9,151.1,-4.5,1.3,100.5,103.4,13.5,2021,-61,373,11
61,Anthony Tarke,,PF,6-6,220,24,Coppin State,United States,/player/Anthony-Tarke/Summary/107288,,96.0,,0.522,0.502,6.2,18.1,12.1,14.5,16.5,3.0,3.6,25.1,135.0,-3.9,1.2,99.5,97.2,17.8,2021,-61,80,9
61,MaCio Teague,,PG,6-4,195,24,Baylor,United States,/player/MaCio-Teague/Summary/84940,,125.0,,0.584,0.54,3.0,12.7,7.8,12.6,9.2,2.0,0.7,22.2,171.1,0.4,1.3,121.2,99.3,19.2,2021,-61,37,10
61,Chandler Vaudrin,,F,6-7,210,24,Winthrop,United States,/player/Chandler-Vaudrin/Summary/111007,,58.0,,0.519,0.491,3.0,21.2,11.9,35.3,22.9,2.4,0.5,20.3,138.6,3.8,1.3,107.0,93.4,18.6,2021,-61,418,2
61,Ibi Watson,,SG,6-5,200,23,Dayton,United States,/player/Ibi-Watson/Summary/88777,,100.0,,0.594,0.567,3.0,10.4,6.9,10.0,11.0,0.9,1.0,21.8,161.8,-1.0,1.3,115.6,100.3,16.3,2021,-61,84,12
61,Bryce Wills,,SG,6-6,200,20,Stanford,United States,/player/Bryce-Wills/Summary/108180,,78.0,,0.498,0.486,2.5,13.0,8.1,13.9,22.2,2.1,2.2,17.2,121.1,-2.5,1.2,90.6,95.3,10.4,2021,-61,338,12
1,Blake Griffin,LAC,PF,6-9,250,20,Oklahoma,United States,/player/Blake-Griffin/Summary/1596,,68.0,,0.62,0.62,13.9,29.1,21.8,16.5,15.7,2.1,3.5,29.6,150.7,-4.7,1.6,118.7,89.6,31.7,2009,-1,260,9
2,Hasheem Thabeet,MEM,C,7-3,267,22,UConn,Tanzania,/player/Hasheem-Thabeet/Summary/1597,,100.0,,0.624,0.611,11.5,18.2,15.1,2.7,17.5,0.7,13.2,16.4,123.6,-4.9,1.7,117.4,88.5,21.5,2009,-2,374,0
3,James Harden,OKC,SG,6-5,220,19,Arizona State,United States,/player/James-Harden/Summary/1598,,69.0,,0.618,0.568,5.4,14.7,10.3,27.1,16.4,3.6,1.6,30.5,163.8,-1.6,1.6,118.1,95.7,26.7,2009,-3,18,12
4,Tyreke Evans,SAC,G,6-6,220,19,Memphis,United States,/player/Tyreke-Evans/Summary/1601,,37.0,,0.529,0.489,4.9,15.1,10.1,29.4,18.2,4.2,2.7,32.8,144.1,-3.4,1.3,103.9,82.8,23.9,2009,-4,208,6
5,Ricky Rubio,MIN,G,6-2,190,18,Joventut Badalona (Spain),Spain,/player/Ricky-Rubio/Summary/1599,All Leagues,30.0,20.0,0.559,0.467,4.4,12.0,8.1,42.2,28.0,5.6,1.4,23.8,160.0,2.7,1.4,106.8,101.7,18.6,2009,-5,164,6
6,Jonny Flynn,MIN,PG,5-10,196,20,Syracuse,United States,/player/Jonny-Flynn/Summary/1602,,73.0,,0.567,0.516,1.9,5.9,4.0,29.8,17.3,2.3,0.5,22.9,157.5,2.4,1.4,115.7,104.8,18.8,2009,-6,344,10
7,Stephen Curry,GOS,G,6-2,185,21,Davidson,United States,/player/Stephen-Curry/Summary/1600,,104.0,,0.62,0.578,2.6,12.7,7.7,25.5,12.9,3.9,1.0,34.3,175.5,-1.6,1.4,123.2,90.0,31.7,2009,-7,83,6
8,Jordan Hill,NYK,PF,6-10,240,21,Arizona,United States,/player/Jordan-Hill/Summary/1603,,97.0,,0.593,0.578,13.4,21.6,17.7,6.8,15.7,1.2,5.6,24.1,121.4,-5.3,1.4,112.6,101.3,22.6,2009,-8,17,9
9,DeMar DeRozan,TOR,GF,6-6,220,19,USC,United States,/player/DeMar-DeRozan/Summary/1605,,35.0,,0.555,0.531,9.1,11.7,10.5,9.6,14.3,1.6,1.2,22.8,133.6,-3.4,1.3,111.0,99.9,18.5,2009,-9,380,8
10,Brandon Jennings,MIL,G,6-1,170,19,Virtus Roma (Italy),United States,/player/Brandon-Jennings/Summary/1609,All Leagues,43.0,18.0,0.46,0.425,2.5,8.8,5.7,19.3,16.8,5.3,0.3,21.5,132.3,-0.1,1.0,96.7,105.2,13.0,2009,-10,401,6
11,Terrence Williams,NJN,GF,6-6,220,21,Louisville,United States,/player/Terrence-Williams/Summary/1607,,140.0,,0.484,0.467,5.2,18.7,12.1,23.9,16.9,2.8,2.2,21.7,130.8,0.8,1.1,102.1,89.5,16.9,2009,-11,193,8
12,Gerald Henderson,CHA,SG,6-5,215,21,Duke,United States,/player/Gerald-Henderson/Summary/1606,,103.0,,0.533,0.493,5.4,13.6,9.5,14.4,13.9,2.2,2.5,25.7,149.3,-2.6,1.3,108.8,93.7,19.5,2009,-12,93,12
13,Tyler Hansbrough,IND,PF,6-9,250,23,North Carolina,United States,/player/Tyler-Hansbrough/Summary/1608,,142.0,,0.613,0.539,12.3,17.6,15.1,6.4,11.3,2.2,1.4,27.1,164.3,-4.1,1.6,127.9,93.8,27.8,2009,-13,242,9
14,Earl Clark,PHX,F,6-10,234,21,Louisville,United States,/player/Earl-Clark/Summary/1619,,104.0,,0.524,0.498,9.1,20.0,14.6,13.0,17.5,2.0,4.9,23.0,140.5,-3.7,1.2,103.3,88.3,19.0,2009,-14,193,2
15,Austin Daye,DET,F,6-11,220,21,Gonzaga,United States,/player/Austin-Daye/Summary/1625,,67.0,,0.575,0.53,4.9,23.1,14.7,9.1,16.0,1.8,9.2,27.1,168.9,-5.4,1.3,108.2,84.9,23.3,2009,-15,131,2
16,James Johnson,CHI,F,6-7,240,22,Wake Forest,United States,/player/James-Johnson/Summary/1604,,61.0,,0.575,0.551,10.3,19.3,14.9,10.9,16.2,2.6,5.1,24.0,150.3,-4.3,1.3,111.8,91.5,22.9,2009,-16,405,2
17,Jrue Holiday,PHL,G,6-4,205,19,UCLA,United States,/player/Jrue-Holiday/Summary/1615,,35.0,,0.531,0.504,5.8,11.9,8.9,23.8,20.6,3.6,2.2,19.2,147.8,1.5,1.2,109.4,95.9,17.2,2009,-17,373,6
18,Ty Lawson,MIN,PG,5-11,195,21,North Carolina,United States,/player/Ty-Lawson/Summary/1612,,105.0,,0.624,0.579,2.6,8.6,5.7,34.2,16.6,3.5,0.3,20.8,170.0,5.9,1.5,129.0,95.3,23.9,2009,-18,242,10
19,Jeff Teague,ATL,PG,6-3,195,21,Wake Forest,United States,/player/Jeff-Teague/Summary/1614,,61.0,,0.586,0.518,1.8,8.5,5.2,18.7,17.4,3.3,2.0,25.6,169.4,-2.8,1.5,112.4,96.5,20.6,2009,-19,405,10
20,Eric Maynor,UTH,G,6-3,175,22,VCU,United States,/player/Eric-Maynor/Summary/1616,,130.0,,0.555,0.498,2.1,11.1,6.6,37.8,15.3,2.6,0.6,27.3,161.0,3.5,1.3,115.9,97.1,22.8,2009,-20,390,6
21,Darren Collison,NOP,PG,6-0,175,21,UCLA,United States,/player/Darren-Collison/Summary/1637,,142.0,,0.594,0.544,1.9,7.8,4.9,27.0,19.5,3.5,0.3,21.9,176.1,1.3,1.4,115.5,95.0,19.5,2009,-21,373,10
22,Victor Claver,POR,SF,6-10,235,20,Valencia Basket (Spain),Spain,/player/Victor-Claver/Summary/1628,All Leagues,22.0,15.0,0.59,0.561,4.6,21.5,13.1,6.4,18.4,2.5,3.5,15.7,150.2,-3.6,1.4,108.4,102.4,14.2,2009,-22,392,11
23,Omri Casspi,SAC,F,6-9,225,21,Maccabi FOX Tel Aviv (Israel),Israel,/player/Omri-Casspi/Summary/1618,Euroleague,16.0,8.0,0.591,0.549,8.4,14.7,11.7,4.7,13.2,2.6,1.2,23.9,172.6,-4.7,1.4,113.1,112.4,18.6,2009,-23,198,2
24,Byron Mullens,DAL,C,7-0,270,20,Ohio State,United States,/player/Byron-Mullens/Summary/1610,,33.0,,0.629,0.638,11.5,17.2,14.6,3.3,18.0,1.5,6.8,24.0,119.7,-7.2,1.6,109.5,96.4,21.6,2009,-24,259,0
25,Rodrigue Beaubois,OKC,G,6-1,183,21,Cholet Basket (France),France,/player/Rodrigue-Beaubois/Summary/1627,Jeep Elite,29.0,12.0,0.56,0.553,2.0,12.1,6.9,18.5,17.8,2.7,2.0,22.7,137.4,-1.6,1.2,105.0,105.2,15.6,2009,-25,71,6
26,Taj Gibson,CHI,F,6-9,232,24,USC,United States,/player/Taj-Gibson/Summary/1622,,105.0,,0.597,0.58,11.3,19.2,15.5,8.7,19.2,1.3,7.9,20.8,120.8,-4.8,1.5,110.7,92.5,20.4,2009,-26,380,2
27,DeMarre Carroll,MEM,F,6-8,215,22,Missouri,United States,/player/DeMarre-Carroll/Summary/1631,,134.0,,0.562,0.547,11.0,16.8,13.9,12.9,11.7,2.7,1.9,23.1,142.1,-1.1,1.3,116.2,95.8,22.1,2009,-27,219,2
28,Wayne Ellington,MIN,SG,6-4,207,21,North Carolina,United States,/player/Wayne-Ellington/Summary/1620,,115.0,,0.577,0.549,4.3,10.7,7.6,13.2,10.7,1.8,0.4,22.4,166.9,-0.1,1.3,122.4,98.1,19.7,2009,-28,242,12
29,Toney Douglas,LAL,G,6-2,195,23,Florida State,United States,/player/Toney-Douglas/Summary/1624,,130.0,,0.559,0.512,2.8,10.0,6.5,17.1,14.7,3.1,0.9,25.8,161.7,-2.4,1.3,111.3,101.3,19.0,2009,-29,111,6
30,Christian Eyenga,CLE,GF,6-7,210,20,CB Prat (Spain),Democratic Republic of the Congo,/player/Christian-Eyenga/Summary/1661,Euroleague,4.0,0.0,0.307,0.25,0.0,0.0,0.0,0.0,0.0,0.0,6.5,13.1,75.0,0.0,0.8,71.8,111.2,0.8,2009,-30,57,8
31,Jeff Ayres,SAC,FC,6-10,240,22,Arizona State,United States,/player/Jeff-Ayres/Summary/1636,,126.0,,0.62,0.58,11.6,20.3,16.0,6.7,15.3,1.1,4.4,22.3,134.4,-4.8,1.5,117.1,98.6,21.1,2009,-31,18,5
32,Jermaine Taylor,WAS,G,6-5,205,22,UCF,United States,/player/Jermaine-Taylor/Summary/1629,,122.0,,0.577,0.548,7.4,10.7,9.1,14.4,13.3,2.3,1.9,32.5,160.6,-5.0,1.3,112.3,100.6,24.1,2009,-32,372,6
33,Dante Cunningham,POR,F,6-8,230,22,Villanova,United States,/player/Dante-Cunningham/Summary/1650,,138.0,,0.559,0.523,10.3,14.5,12.4,7.3,16.8,2.5,3.8,18.7,155.1,-4.1,1.4,110.7,96.0,17.4,2009,-33,396,2
34,Sergio Llull,DEN,PG,6-3,190,21,Real Madrid (Spain),Spain,/player/Sergio-Llull/Summary/1646,All Leagues,57.0,24.0,0.592,0.537,2.6,8.4,5.4,20.7,13.3,2.7,3.2,18.0,166.2,3.0,1.4,125.8,110.4,17.5,2009,-34,299,10
35,DaJuan Summers,DET,PF,6-8,230,21,Georgetown,United States,/player/DaJuan-Summers/Summary/1617,,101.0,,0.565,0.526,6.3,12.9,9.9,9.7,18.4,2.3,2.7,24.3,151.9,-5.4,1.3,105.8,95.7,16.9,2009,-35,124,9
36,Sam Young,MEM,F,6-6,225,24,Pittsburgh,United States/Lebanon,/player/Sam-Young/Summary/1626,,143.0,,0.564,0.538,8.4,14.2,11.3,8.1,13.8,2.0,3.3,26.9,154.6,-5.1,1.3,111.0,96.1,21.5,2009,-36,286,2
37,DeJuan Blair,SAN,F,6-8,270,20,Pittsburgh,United States,/player/DeJuan-Blair/Summary/1611,,72.0,,0.582,0.568,20.1,25.7,22.9,8.2,12.0,3.7,4.3,24.6,118.2,-3.4,1.4,122.7,87.2,30.2,2009,-37,286,2
38,Jon Brockman,POR,PF,6-7,255,22,Washington,United States,/player/Jon-Brockman/Summary/1645,,131.0,,0.553,0.534,14.5,24.6,19.4,7.0,14.2,1.6,0.5,23.7,114.6,-4.6,1.3,113.1,97.2,21.2,2009,-38,406,9
39,Jonas Jerebko,DET,F,6-10,231,22,Edilnol Pallacanestro Biella (Italy),Sweden,/player/Jonas-Jerebko/Summary/1623,Lega A,39.0,39.0,0.59,0.56,10.5,17.1,13.8,4.2,13.6,2.6,1.5,16.5,161.5,-3.2,1.3,118.2,109.3,15.5,2009,-39,99,2
40,Derrick Brown,CHA,F,6-7,225,21,Xavier,United States,/player/Derrick-Brown/Summary/1621,,106.0,,0.64,0.612,9.6,16.7,13.3,12.7,16.6,1.7,3.3,20.1,170.7,-2.5,1.6,122.8,94.1,21.4,2009,-40,421,2
41,Jodie Meeks,MIL,G,6-4,210,21,Kentucky,United States,/player/Jodie-Meeks/Summary/1644,,81.0,,0.598,0.536,3.2,9.1,6.4,12.4,12.4,2.2,0.4,26.8,171.2,-2.7,1.4,118.3,101.0,20.8,2009,-41,174,6
42,Patrick Beverley,LAL,PG,6-2,180,20,Dnipro Dnipropetrovsk (Ukraine),United States,/player/Patrick-Beverley/Summary/1684,Euroleague,19.0,5.0,0.612,0.543,8.8,19.8,14.4,9.6,19.1,3.7,1.9,14.3,152.0,-1.4,1.5,118.1,101.8,16.5,2009,-42,91,10
43,Marcus Thornton,MIA,SG,6-4,205,22,LSU,United States,/player/Marcus-Thornton/Summary/1634,,66.0,,0.572,0.537,6.9,11.6,9.3,12.7,10.1,2.7,1.1,30.1,160.8,-2.4,1.3,118.2,99.2,25.3,2009,-43,176,12
44,Chase Budinger,DET,GF,6-7,215,21,Arizona,United States,/player/Chase-Budinger/Summary/1613,,100.0,,0.58,0.544,5.0,14.3,9.9,16.7,12.8,2.1,1.0,24.7,163.5,-0.8,1.3,116.6,104.8,21.2,2009,-44,17,8
45,Nick Calathes,MIN,PG,6-6,213,20,Florida,United States/Greece,/player/Nick-Calathes/Summary/1633,,72.0,,0.573,0.533,3.6,15.0,9.3,34.6,17.9,3.1,0.4,26.3,155.0,3.3,1.4,116.0,97.5,23.5,2009,-45,108,10
46,Danny Green,CLE,SF,6-6,215,22,North Carolina,United States,/player/Danny-Green/Summary/1642,,145.0,,0.574,0.54,7.9,14.0,11.1,14.9,14.9,3.0,5.1,21.9,167.5,-1.2,1.3,117.8,91.6,21.6,2009,-46,242,11
47,Henk Norel,MIN,C,7-0,230,21,Joventut Badalona (Spain),Netherlands,/player/Henk-Norel/Summary/1663,All Leagues,33.0,9.0,0.546,0.508,11.1,16.2,13.6,6.4,15.5,0.8,3.0,20.0,131.4,-4.1,1.3,107.3,110.8,13.2,2009,-47,164,0
48,Taylor Griffin,PHX,F,6-8,235,23,Oklahoma,United States,/player/Taylor-Griffin/Summary/1685,,129.0,,0.535,0.478,9.0,15.6,12.4,8.9,18.5,2.5,3.8,17.4,140.9,-3.4,1.3,106.9,94.3,15.6,2009,-48,260,2
49,Sergii Gladyr,ATL,G,6-5,190,20,MBC Mykolaiv (Ukraine),Ukraine,/player/Sergii-Gladyr/Summary/1639,ACB,31.0,10.0,0.559,0.511,3.2,11.9,7.4,12.2,14.1,2.1,2.2,25.0,158.5,-3.7,1.2,107.5,106.7,14.6,2009,-49,196,6
50,Goran Suton,UTH,C,6-8,245,23,Michigan State,Bosnia and Herzegovina/United States,/player/Goran-Suton/Summary/1686,,135.0,,0.566,0.535,12.2,20.7,16.7,13.6,19.8,2.2,3.3,19.3,162.2,-3.0,1.3,110.0,92.4,18.5,2009,-50,212,0
51,Jack McClinton,SAN,G,6-1,185,24,Miami (FL),United States,/player/Jack-McClinton/Summary/1687,,124.0,,0.581,0.532,1.9,9.2,5.4,18.4,14.9,1.5,0.1,26.4,173.7,-2.7,1.3,114.6,107.2,18.8,2009,-51,210,6
52,A.J. Price,IND,G,6-2,195,22,UConn,United States,/player/AJ-Price/Summary/1656,,99.0,,0.528,0.489,3.0,8.5,5.9,32.2,16.2,2.1,0.2,23.9,150.0,2.6,1.2,111.8,97.9,18.4,2009,-52,374,6
53,Nando De Colo,SAN,G,6-5,195,22,Cholet Basket (France),France,/player/Nando-De-Colo/Summary/1651,Jeep Elite,27.0,24.0,0.575,0.517,2.2,13.6,7.7,20.1,16.1,2.0,0.3,25.0,167.1,-0.9,1.3,112.3,106.9,17.7,2009,-53,71,6
54,Robert Vaden,CHA,SG,6-5,220,24,UAB,United States,/player/Robert-Vaden/Summary/1688,,127.0,,0.548,0.519,2.9,12.2,7.6,15.8,15.9,2.0,1.0,25.6,159.4,-3.0,1.2,104.9,99.4,16.5,2009,-54,367,12
55,Patty Mills,POR,G,6-2,180,20,Saint Mary's,Australia,/player/Patty-Mills/Summary/1632,,58.0,,0.538,0.497,1.6,6.0,3.8,23.1,15.9,3.7,0.5,27.1,155.2,-1.4,1.2,109.3,93.8,19.6,2009,-55,312,6
56,Ahmad Nivins,DAL,F,6-9,207,22,Saint Joseph's,United States,/player/Ahmad-Nivins/Summary/1689,,126.0,,0.666,0.627,11.3,17.5,14.5,3.7,17.3,1.4,4.5,21.2,136.0,-6.0,1.8,121.4,99.8,21.6,2009,-56,310,2
57,Emir Preldzic,PHX,SF,6-9,220,21,Fenerbahce Beko (Turkey),Turkey/Slovenia,/player/Emir-Preldzic/Summary/1662,Euroleague,16.0,7.0,0.48,0.415,7.2,15.1,11.1,22.1,21.8,2.9,1.2,21.6,140.9,-2.1,1.1,96.1,105.1,12.3,2009,-57,105,11
58,Lester Hudson,BOS,G,6-3,190,24,Tennessee-Martin,United States,/player/Lester-Hudson/Summary/1690,,65.0,,0.582,0.543,6.8,17.5,12.2,28.0,13.5,4.4,1.9,34.6,168.5,-1.8,1.3,119.5,96.5,32.1,2009,-58,352,6
59,Chinemelu Elonu,LAL,C,6-10,235,22,Texas A&M,Nigeria/United States,/player/Chinemelu-Elonu/Summary/1665,,88.0,,0.627,0.633,14.5,21.6,18.2,3.3,21.3,0.8,6.7,19.4,121.0,-7.1,1.6,110.6,90.0,19.7,2009,-59,354,0
60,Robert Dozier,MIA,PF,6-9,215,23,Memphis,United States,/player/Robert-Dozier/Summary/1652,,148.0,,0.534,0.49,11.2,16.4,13.8,7.4,15.9,2.2,6.2,19.4,147.1,-3.8,1.3,110.4,86.5,18.7,2009,-60,208,9
61,Wesley Matthews,,G,6-5,220,22,Marquette,United States,/player/Wesley-Matthews/Summary/1653,,126.0,,0.566,0.488,6.1,12.7,9.4,13.7,15.7,2.4,1.1,22.4,158.8,-2.5,1.5,114.6,97.4,18.4,2009,-61,202,6
61,Garrett Temple,,G,6-5,195,23,LSU,United States,/player/Garrett-Temple/Summary/1757,,134.0,,0.494,0.443,2.8,9.7,6.3,18.7,24.3,2.6,2.6,13.5,143.3,0.6,1.1,99.0,97.4,10.7,2009,-61,176,6
61,Joe Ingles,,F,6-8,220,21,Melbourne South (Australia),Australia,/player/Joe-Ingles/Summary/1683,ACB,34.0,31.0,0.566,0.528,2.6,15.0,9.1,16.7,21.8,2.2,1.6,20.8,148.4,-3.2,1.3,100.3,108.6,13.3,2009,-61,207,2
61,Aron Baynes,,C,6-10,260,22,Washington State,New Zealand/Australia,/player/Aron-Baynes/Summary/1790,,122.0,,0.585,0.546,10.2,20.5,15.5,3.4,14.3,1.0,4.0,23.2,157.7,-5.3,1.5,110.8,93.8,19.4,2009,-61,407,0
61,Alonzo Gee,,SF,6-6,225,22,Alabama,United States,/player/Alonzo-Gee/Summary/1657,,128.0,,0.517,0.49,9.7,12.3,11.0,9.4,14.6,2.4,1.6,24.9,140.4,-4.4,1.2,106.2,102.0,18.1,2009,-61,8,11
61,Jeff Adrien,,SF,6-7,245,23,UConn,United States,/player/Jeff-Adrien/Summary/1641,,133.0,,0.541,0.515,11.0,18.5,15.0,7.2,14.7,1.1,3.6,21.0,145.4,-4.0,1.4,110.2,92.4,19.0,2009,-61,374,11
61,Chris Johnson,,C,6-11,209,23,LSU,United States,/player/Chris-Johnson/Summary/1655,,88.0,,0.543,0.507,9.2,18.4,14.0,7.0,18.4,1.2,9.7,19.5,155.1,-4.7,1.2,104.2,91.5,17.8,2009,-61,176,0
61,Jerel McNeal,,SG,6-3,200,21,Marquette,United States,/player/Jerel-McNeal/Summary/1638,,129.0,,0.525,0.491,5.0,12.3,8.7,24.0,18.7,4.3,1.8,28.4,150.4,-3.2,1.2,102.8,93.2,19.7,2009,-61,202,12
61,Jeremy Pargo,,PG,6-2,219,23,Gonzaga,United States,/player/Jeremy-Pargo/Summary/1701,,134.0,,0.539,0.504,2.1,10.8,6.8,27.3,23.6,2.6,0.6,19.8,148.0,0.9,1.3,103.6,97.9,14.8,2009,-61,131,10
61,Gigi Datome,,SF,6-8,215,21,Virtus Bologna (Italy),Italy,/player/Gigi-Datome/Summary/2436,All Leagues,44.0,4.0,0.66,0.621,6.6,16.8,11.7,5.2,13.1,3.4,2.0,18.6,179.2,-3.1,1.5,126.7,105.0,19.6,2009,-61,400,11
61,Justin Dentmon,,PG,6-0,185,23,Washington,United States,/player/Justin-Dentmon/Summary/4709,,133.0,,0.55,0.49,4.2,9.0,6.5,19.2,18.9,2.7,0.4,20.6,156.6,-0.9,1.3,110.8,101.0,15.8,2009,-61,406,10
61,Vitor Faverani,,FC,6-11,260,21,Unicaja (Spain),Brazil,/player/Vitor-Faverani/Summary/1673,All Leagues,9.0,0.0,0.52,0.438,12.7,14.6,13.7,0.0,17.2,0.0,2.9,25.1,136.0,-8.9,1.2,98.5,104.2,11.2,2009,-61,383,5
61,Terrel Harris,,SF,6-5,190,21,Oklahoma State,United States,/player/Terrel-Harris/Summary/1648,,134.0,,0.564,0.515,4.7,12.4,8.6,11.8,19.5,2.9,1.0,20.7,161.6,-4.1,1.3,104.6,99.0,14.8,2009,-61,261,11
61,Viacheslav Kravtsov,,C,6-11,254,21,BC Kyiv (Ukraine),Ukraine,/player/Viacheslav-Kravtsov/Summary/1643,,,,,,,,,,,,,,,,,,,,2009,-61,26,0
61,Garret Siler,,C,6-11,305,22,Augusta University,United States,/player/Garret-Siler/Summary/1658,,,,,,,,,,,,,,,,,,,,2009,-61,23,0
61,Josh Akognon,,PG,5-11,175,23,Cal State Fullerton,United States/Nigeria,/player/Josh-Akognon/Summary/2578,,119.0,,0.56,0.523,1.6,8.4,5.0,11.8,10.8,2.1,0.5,29.9,165.1,-3.1,1.2,110.6,103.6,20.9,2009,-61,61,10
61,Alade Aminu,,C,6-10,225,21,Georgia Tech,United States/Nigeria,/player/Alade-Aminu/Summary/1779,,103.0,,0.546,0.533,11.0,19.3,15.2,5.7,15.3,2.1,6.4,20.3,113.1,-4.4,1.3,107.1,96.0,18.5,2009,-61,128,0
61,Antonio Anderson,,SG,6-6,215,24,Memphis,United States,/player/Antonio-Anderson/Summary/1763,,150.0,,0.516,0.484,3.8,10.7,7.2,20.4,16.6,2.8,1.1,15.7,137.4,2.5,1.2,112.3,90.8,14.6,2009,-61,208,12
61,Dionte Christmas,,SG,6-5,205,22,Temple,United States,/player/Dionte-Christmas/Summary/1635,,130.0,,0.571,0.53,3.9,13.7,8.8,15.4,13.5,2.5,0.9,28.6,156.4,-2.8,1.3,111.3,102.0,21.3,2009,-61,348,12
61,Marcus Cousin,,C,6-11,255,22,Houston,United States,/player/Marcus-Cousin/Summary/1758,,106.0,,0.541,0.482,10.2,19.6,14.8,3.6,10.9,0.9,6.5,15.2,122.7,-2.1,1.3,117.2,96.5,16.8,2009,-61,143,0
61,Shane Edwards,,F,6-7,220,22,Little Rock,United States,/player/Shane-Edwards/Summary/11002,,62.0,,0.536,0.505,8.7,15.6,12.2,10.9,17.0,2.3,3.0,23.0,141.1,-4.7,1.3,103.6,92.2,17.0,2009,-61,188,2
61,Tony Gaffney,,PF,6-8,215,24,Massachusetts,United States,/player/Tony-Gaffney/Summary/1789,,111.0,,0.512,0.491,8.5,18.5,13.5,9.0,16.8,3.2,8.5,15.0,128.2,-1.9,1.2,104.2,90.2,17.3,2009,-61,205,9
61,Kenny Hasbrouck,,SG,6-3,194,22,Siena,United States,/player/Kenny-Hasbrouck/Summary/1803,,129.0,,0.538,0.503,3.2,9.0,6.1,16.5,13.3,3.5,0.5,25.1,156.1,-1.3,1.2,107.7,100.4,18.4,2009,-61,325,12
61,Aaron Jackson,,G,6-4,185,23,Duquesne,United States,/player/Aaron-Jackson/Summary/1723,,120.0,,0.608,0.573,5.8,10.2,8.0,25.0,19.0,2.5,0.4,18.2,163.8,1.6,1.4,118.6,108.5,18.2,2009,-61,94,6
61,Cedric Jackson,,PG,6-3,190,23,Cleveland State,United States,/player/Cedric-Jackson/Summary/5665,,125.0,,0.482,0.44,4.6,13.9,9.3,26.3,22.9,5.1,0.9,21.2,133.1,-1.0,1.2,95.3,89.9,15.5,2009,-61,75,10
61,Curtis Jerrells,,PG,6-1,195,22,Baylor,United States,/player/Curtis-Jerrells/Summary/1640,,119.0,,0.552,0.51,2.8,11.1,7.0,25.1,16.3,2.4,0.8,25.0,152.7,0.1,1.3,110.9,104.2,19.5,2009,-61,37,10
61,Marcus Landry,,F,6-7,230,23,Wisconsin,United States,/player/Marcus-Landry/Summary/1810,,121.0,,0.551,0.527,7.7,13.3,10.5,11.1,15.4,1.4,3.8,21.6,152.2,-3.0,1.3,108.5,92.6,17.3,2009,-61,419,2
61,Diamon Simpson,,F,6-7,230,21,Saint Mary's,United States,/player/Diamon-Simpson/Summary/1776,,128.0,,0.548,0.518,12.9,22.5,17.8,5.7,14.8,3.0,6.6,23.3,139.5,-5.4,1.5,110.8,86.9,24.3,2009,-61,312,2
61,Luke Zeller,,C,6-11,245,22,Notre Dame,United States,/player/Luke-Zeller/Summary/1695,,128.0,,0.534,0.529,6.9,13.7,10.4,8.6,12.3,1.0,1.9,16.8,135.1,-1.0,1.1,110.3,101.9,12.7,2009,-61,255,0
61,Connor Atchley,,F-C,6-10,225,23,Texas,United States,/player/Connor-Atchley/Summary/1782,,136.0,,0.561,0.543,8.2,12.2,10.2,4.9,14.4,1.6,8.1,14.7,147.1,-2.5,1.3,115.6,95.4,15.7,2009,-61,353,3
61,Tyrell Biggs,,F,6-8,240,22,Pittsburgh,United States,/player/Tyrell-Biggs/Summary/1693,,141.0,,0.521,0.501,9.6,11.4,10.5,5.6,14.6,1.0,2.3,15.2,144.7,-2.3,1.2,109.0,100.0,11.8,2009,-61,286,2
61,Josh Bostic,,F,6-5,230,22,Findlay,United States,/player/Josh-Bostic/Summary/24048,,,,,,,,,,,,,,,,,,,,2009,-61,107,2
61,Micah Downs,,G,6-8,200,22,Gonzaga,United States,/player/Micah-Downs/Summary/1769,,97.0,,0.563,0.533,6.3,13.3,10.1,9.8,12.4,1.9,1.9,19.1,157.6,-1.1,1.3,116.0,93.8,16.6,2009,-61,131,6
61,Courtney Fells,,GF,6-5,205,22,NC State,United States,/player/Courtney-Fells/Summary/1654,,111.0,,0.571,0.542,2.6,10.3,6.7,8.8,15.2,2.0,2.3,18.9,160.4,-2.7,1.3,106.6,105.1,13.8,2009,-61,232,8
61,Anthony Goods,,G,6-3,200,22,Stanford,United States,/player/Anthony-Goods/Summary/4712,,115.0,,0.532,0.487,2.0,9.2,5.6,12.5,14.5,1.2,0.1,23.2,152.1,-2.6,1.2,105.0,103.6,13.1,2009,-61,338,6
61,Paul Harris,,G-F,6-4,230,22,Syracuse,United States,/player/Paul-Harris/Summary/1664,,107.0,,0.548,0.482,9.4,17.9,14.0,14.4,18.6,2.2,2.5,21.0,141.7,-2.7,1.4,109.7,96.2,18.6,2009,-61,344,7
61,Russell Hicks,,C,6-10,253,24,Florida International,Canada,/player/Russell-Hicks/Summary/8457,,95.0,,0.543,0.518,9.2,12.8,11.0,5.4,14.7,1.1,9.5,21.7,216.5,-5.1,1.3,106.5,104.0,19.4,2009,-61,110,0
61,Lawrence Hill,,PF,6-8,235,21,Stanford,United States,/player/Lawrence-Hill/Summary/1781,,131.0,,0.548,0.52,7.5,15.7,11.7,12.6,12.1,1.6,2.4,22.6,154.3,-1.5,1.3,112.6,99.5,18.8,2009,-61,338,9
61,Dominic James,,PG,5-11,185,22,Marquette,United States,/player/Dominic-James/Summary/1747,,128.0,,0.486,0.459,2.9,9.2,6.1,30.7,14.5,3.4,0.9,24.9,131.0,2.9,1.1,106.8,97.3,17.8,2009,-61,202,10
61,Ben McCauley,,F,6-9,237,22,NC State,United States,/player/Ben-McCauley/Summary/1788,,124.0,,0.571,0.537,9.0,15.0,12.2,16.6,16.5,1.7,1.7,21.1,147.5,-1.5,1.4,112.6,103.6,18.4,2009,-61,232,2
61,Luke Nevill,,C,7-2,265,23,Utah,Australia,/player/Luke-Nevill/Summary/1799,,125.0,,0.622,0.579,10.4,23.5,17.3,10.9,15.1,0.9,6.6,27.6,131.3,-5.1,1.6,118.1,97.8,26.3,2009,-61,387,0
61,Kleon Penn,,C,6-11,295,22,McNeese State,British Virgin Islands,/player/Kleon-Penn/Summary/21612,,92.0,,0.599,0.601,9.7,17.4,13.7,4.1,19.4,0.5,17.4,14.4,116.5,-4.5,1.5,108.9,91.1,19.1,2009,-61,206,0
61,Raymond Sykes,,C,6-9,220,22,Clemson,United States,/player/Raymond-Sykes/Summary/3484,,124.0,,0.576,0.579,10.6,11.4,11.0,5.0,22.7,1.8,6.0,15.5,110.9,-5.4,1.3,103.3,96.6,14.6,2009,-61,74,0
61,Gal Mekel,,PG,6-3,202,21,Maccabi FOX Tel Aviv (Israel),Israel,/player/Gal-Mekel/Summary/7577,Euroleague,1.0,0.0,0.0,0.0,0.0,0.0,0.0,0.0,100.0,0.0,0.0,46.1,0.0,-94.8,0.0,0.0,86.0,-57.7,2009,-61,198,10
61,Milos Teodosic,,PG,6-5,196,22,Olympiacos (Greece),Serbia,/player/Milos-Teodosic/Summary/24060,Euroleague,17.0,10.0,0.487,0.444,1.8,6.5,4.3,17.9,21.8,2.0,0.0,14.6,168.6,1.3,1.0,98.4,110.9,6.7,2009,-61,264,10
61,Kyle Goldcamp,,FC,6-10,250,23,Gannon,United States,/player/Kyle-Goldcamp/Summary/24582,,,,,,,,,,,,,,,,,,,,2009,-61,121,5
61,Marcus Lewis,,PF,6-8,245,22,Oral Roberts,United States,/player/Marcus-Lewis/Summary/8503,,115.0,,0.526,0.533,8.9,15.9,12.4,14.5,17.7,1.7,1.6,24.7,100.8,-4.8,1.3,100.6,99.2,18.2,2009,-61,266,9
1,Derrick Rose,CHI,PG,6-3,200,19,Memphis,United States,/player/Derrick-Rose/Summary/756,,40.0,,0.56,0.517,5.0,11.6,8.3,30.4,16.7,2.4,1.3,26.1,152.6,1.6,1.4,115.2,90.7,22.4,2008,-1,208,10
2,Michael Beasley,MIA,PF,6-9,235,19,Kansas State,United States,/player/Michael-Beasley/Summary/757,,33.0,,0.61,0.563,13.5,30.0,21.6,9.3,11.8,2.3,5.6,35.1,168.5,-6.4,1.5,124.8,86.2,36.8,2008,-2,173,9
3,O.J. Mayo,MIN,SG,6-5,210,20,USC,United States,/player/OJ-Mayo/Summary/758,,33.0,,0.562,0.524,3.8,10.4,7.4,21.4,16.1,2.5,1.1,31.8,165.4,-3.7,1.3,108.1,96.6,21.5,2008,-3,380,12
4,Russell Westbrook,SEA,G,6-4,200,19,UCLA,United States,/player/Russell-Westbrook/Summary/759,,75.0,,0.532,0.499,5.3,8.4,6.9,22.4,17.1,2.9,0.5,22.4,150.2,0.4,1.2,109.3,93.4,17.2,2008,-4,373,6
5,Kevin Love,MEM,FC,6-8,251,19,UCLA,United States,/player/Kevin-Love/Summary/760,,39.0,,0.644,0.595,15.6,28.5,22.2,14.1,12.9,1.5,5.1,27.1,168.0,-2.5,1.7,132.2,85.4,33.5,2008,-5,373,5
6,Danilo Gallinari,NYK,SF,6-10,236,19,AX Armani Exchange Milan (Italy),Italy,/player/Danilo-Gallinari/Summary/761,All Leagues,49.0,48.0,0.615,0.535,6.2,15.2,10.6,7.9,11.5,3.0,1.4,22.3,167.9,-2.5,1.5,126.1,108.2,21.5,2008,-6,2,11
7,Eric Gordon,LAC,G,6-3,215,19,Indiana,United States/Bahamas,/player/Eric-Gordon/Summary/762,,32.0,,0.601,0.515,2.6,8.0,5.5,15.1,17.1,2.3,2.0,30.8,160.3,-5.7,1.6,114.7,99.7,22.1,2008,-7,154,6
8,Joe Alexander,MIL,SF,6-8,230,21,West Virginia,United States/Israel,/player/Joe-Alexander/Summary/763,,81.0,,0.522,0.478,7.2,16.0,11.5,16.4,13.4,1.5,5.6,27.9,150.7,-2.1,1.2,106.8,94.5,20.4,2008,-8,410,11
9,D.J. Augustin,CHA,G,6-0,183,20,Texas,United States,/player/DJ-Augustin/Summary/764,,73.0,,0.569,0.51,1.7,6.8,4.3,32.4,16.9,2.3,0.1,24.3,165.2,3.1,1.4,118.7,104.4,20.6,2008,-9,353,6
10,Brook Lopez,NJN,C,7-1,282,20,Stanford,United States,/player/Brook-Lopez/Summary/770,,53.0,,0.532,0.482,9.2,19.0,14.1,10.1,12.3,1.0,6.3,31.6,138.7,-5.0,1.3,107.9,99.0,23.8,2008,-10,338,0
11,Jerryd Bayless,IND,G,6-3,210,19,Arizona,United States,/player/Jerryd-Bayless/Summary/765,,30.0,,0.612,0.536,1.6,7.7,4.8,25.2,15.5,1.6,0.3,29.2,170.3,-0.8,1.6,116.6,107.8,21.6,2008,-11,17,6
12,Jason Thompson,SAC,PF,6-11,250,21,Rider,United States,/player/Jason-Thompson/Summary/766,,122.0,,0.569,0.536,10.7,22.6,16.8,14.2,15.1,1.5,6.5,26.9,148.4,-3.9,1.4,111.5,99.3,23.9,2008,-12,303,9
13,Brandon Rush,POR,SG,6-6,220,22,Kansas,United States,/player/Brandon-Rush/Summary/767,,109.0,,0.559,0.535,5.5,13.6,9.9,11.8,14.8,1.3,2.9,22.3,162.0,-2.4,1.2,110.4,91.2,17.4,2008,-13,172,12
14,Anthony Randolph,GOS,PF,6-11,225,18,LSU,United States/Slovenia,/player/Anthony-Randolph/Summary/768,,31.0,,0.511,0.467,9.5,18.7,14.2,8.5,16.3,2.0,6.7,28.0,126.3,-6.5,1.2,99.7,96.0,20.6,2008,-14,176,9
15,Robin Lopez,PHX,FC,7-1,281,20,Stanford,United States,/player/Robin-Lopez/Summary/769,,67.0,,0.535,0.512,12.0,14.0,13.0,6.6,16.3,0.8,9.2,21.2,162.3,-4.6,1.3,106.0,97.2,18.4,2008,-15,338,5
16,Marreese Speights,PHL,C,6-10,255,20,Florida,United States,/player/Marreese-Speights/Summary/771,,69.0,,0.647,0.633,15.4,25.8,20.9,7.3,13.5,1.3,6.3,27.8,132.1,-5.1,1.5,123.6,90.4,30.6,2008,-16,108,0
17,Roy Hibbert,TOR,C,7-2,270,21,Georgetown,United States,/player/Roy-Hibbert/Summary/772,,136.0,,0.626,0.605,13.2,18.6,16.1,13.2,14.9,1.1,9.7,24.7,228.3,-3.2,1.6,122.0,93.0,26.4,2008,-17,124,0
18,JaVale McGee,WAS,C,7-0,270,20,Nevada,United States,/player/JaVale-McGee/Summary/773,,66.0,,0.557,0.56,11.5,17.2,14.6,3.8,16.9,1.5,9.4,25.2,141.2,-7.2,1.3,103.3,94.1,20.7,2008,-18,235,0
19,J.J. Hickson,CLE,PF,6-9,242,19,NC State,United States,/player/JJ-Hickson/Summary/774,,31.0,,0.621,0.591,11.6,22.1,17.3,9.2,18.4,1.5,4.8,26.8,126.8,-7.1,1.7,111.8,99.3,24.5,2008,-19,232,9
20,Alexis Ajinca,CHA,C,7-2,248,20,Hyeres-Toulon (France),France,/player/Alexis-Ajinca/Summary/775,Jeep Elite,27.0,6.0,0.603,0.538,13.3,18.3,16.0,8.6,19.8,1.4,10.0,21.4,173.7,-5.5,1.5,112.2,104.9,20.1,2008,-20,144,0
21,Ryan Anderson,NJN,PF,6-10,240,20,California,United States,/player/Ryan-Anderson/Summary/776,,66.0,,0.605,0.554,10.3,22.8,16.7,6.5,10.6,0.9,1.9,27.3,172.1,-3.6,1.4,121.9,103.6,25.5,2008,-21,63,9
22,Courtney Lee,ORL,SG,6-5,215,22,Western Kentucky,United States,/player/Courtney-Lee/Summary/777,,127.0,,0.572,0.535,6.2,13.1,9.6,14.7,14.1,3.7,2.2,28.0,168.2,-3.5,1.3,117.4,97.1,24.3,2008,-22,411,12
23,Kosta Koufos,UTH,C,7-0,265,19,Ohio State,United States/Greece,/player/Kosta-Koufos/Summary/778,,37.0,,0.551,0.533,11.7,15.8,13.9,4.5,10.2,1.0,7.7,28.4,153.7,-4.4,1.2,111.5,94.7,23.9,2008,-23,259,0
24,Serge Ibaka,SEA,C,6-10,235,18,CB L'Hospitalet (Spain),Republic of the Congo/Spain,/player/Serge-Ibaka/Summary/779,ACB,31.0,7.0,0.579,0.553,12.8,24.4,18.6,2.7,13.2,1.1,2.0,21.3,152.1,-5.0,1.3,110.6,106.3,18.2,2008,-24,56,0
25,Nicolas Batum,HOU,F,6-8,230,19,Le Mans Sarthe Basket (France),France,/player/Nicolas-Batum/Summary/782,All Leagues,48.0,48.0,0.591,0.559,5.8,14.1,10.1,21.5,20.0,2.7,2.5,20.7,156.3,-0.2,1.3,109.9,103.5,17.9,2008,-25,181,2
26,George Hill,SAN,G,6-3,188,22,IU Indy,United States,/player/George-Hill/Summary/780,,94.0,,0.628,0.574,6.0,11.8,8.9,22.2,15.6,3.5,1.3,25.8,171.9,-1.0,1.6,125.0,103.7,28.3,2008,-26,146,6
27,Darrell Arthur,NOP,PF,6-9,235,20,Kansas,United States,/player/Darrell-Arthur/Summary/785,,78.0,,0.564,0.543,12.1,16.1,14.2,5.7,14.0,1.8,7.4,26.2,133.5,-5.4,1.3,111.1,87.2,22.1,2008,-27,172,9
28,Donte Greene,MEM,F,6-11,226,20,Syracuse,United States/Germany,/player/Donte-Greene/Summary/784,,35.0,,0.531,0.505,5.4,15.8,10.8,10.6,13.5,2.0,4.8,24.9,147.0,-3.2,1.2,108.3,100.7,18.4,2008,-28,344,2
29,D.J. White,DET,PF,6-9,250,21,Indiana,United States,/player/DJ-White/Summary/783,,99.0,,0.595,0.563,9.8,19.4,14.7,7.4,12.5,1.4,7.4,24.3,158.6,-3.9,1.5,118.7,94.0,24.6,2008,-29,154,9
30,J.R. Giddens,BOS,GF,6-5,210,23,New Mexico,United States,/player/JR-Giddens/Summary/781,,122.0,,0.549,0.54,4.1,18.0,11.3,13.7,13.3,2.0,3.0,24.4,141.6,-2.0,1.2,107.4,94.6,19.0,2008,-30,236,8
31,Nikola Pekovic,MIN,PF,6-11,307,22,Panathinaikos (Greece),Montenegro,/player/Nikola-Pekovic/Summary/804,Euroleague,23.0,14.0,0.636,0.584,16.6,17.0,16.8,6.9,13.9,1.5,2.3,27.0,135.7,-5.7,1.5,123.9,107.3,26.0,2008,-31,272,9
32,Walter Sharpe,SEA,F,6-9,245,21,UAB,United States,/player/Walter-Sharpe/Summary/805,,41.0,,0.532,0.534,10.4,15.9,13.3,11.5,19.7,2.1,6.3,25.7,103.4,-6.8,1.3,99.5,94.3,18.6,2008,-32,367,2
33,Joey Dorsey,POR,FC,6-9,275,24,Memphis,United States,/player/Joey-Dorsey/Summary/806,,149.0,,0.571,0.614,16.4,22.9,19.7,4.6,18.3,2.8,8.3,15.5,103.4,-4.3,1.5,112.2,82.8,20.7,2008,-33,208,5
34,Mario Chalmers,MIN,G,6-2,190,22,Kansas,United States,/player/Mario-Chalmers/Summary/803,,110.0,,0.619,0.584,1.2,9.1,5.4,23.4,19.3,5.3,1.6,20.9,167.1,0.7,1.5,116.3,85.4,20.9,2008,-34,172,6
35,DeAndre Jordan,LAC,C,6-11,265,19,Texas A&M,United States,/player/DeAndre-Jordan/Summary/802,,35.0,,0.58,0.617,11.7,22.5,17.4,4.6,19.2,0.6,6.7,22.1,105.4,-7.1,1.5,103.7,88.9,19.8,2008,-35,354,0
36,Omer Asik,POR,C,7-0,255,21,Fenerbahce Beko (Turkey),Turkey,/player/Omer-Asik/Summary/807,Euroleague,15.0,0.0,0.596,0.595,15.1,22.1,18.5,4.0,17.6,2.2,11.5,20.4,112.2,-5.9,1.6,111.2,102.8,22.6,2008,-36,105,0
37,Luc Mbah a Moute,MIL,F,6-8,230,21,UCLA,Cameroon,/player/Luc-Mbah-a-Moute/Summary/786,,107.0,,0.544,0.516,11.3,19.5,15.5,10.2,18.2,2.7,2.3,17.6,138.8,-2.6,1.3,109.8,88.6,17.3,2008,-37,373,2
38,Kyle Weaver,CHA,SG,6-6,200,22,Washington State,United States,/player/Kyle-Weaver/Summary/808,,121.0,,0.54,0.489,4.7,12.2,8.5,28.8,22.9,3.4,3.0,22.3,145.8,-0.3,1.3,102.0,94.6,18.5,2008,-38,407,12
39,Sonny Weems,CHI,SF,6-6,205,21,Arkansas,United States,/player/Sonny-Weems/Summary/809,,69.0,,0.557,0.534,6.3,10.9,8.7,15.6,18.1,2.5,1.1,23.2,160.6,-3.4,1.2,106.2,99.7,16.9,2008,-39,19,11
40,Chris Douglas-Roberts,NJN,SF,6-7,210,21,Memphis,United States,/player/Chris-Douglas-Roberts/Summary/800,,109.0,,0.611,0.575,5.0,10.0,7.5,12.6,14.6,2.3,1.7,24.2,163.8,-3.2,1.5,119.0,92.8,21.8,2008,-40,208,11
41,Nathan Jawai,IND,C,6-10,280,21,Cairns (Australia),Australia,/player/Nathan-Jawai/Summary/810,,,,,,,,,,,,,,,,,,,,2008,-41,59,0
42,Sean Singletary,SAC,PG,6-0,185,22,Virginia,United States,/player/Sean-Singletary/Summary/798,,123.0,,0.546,0.476,3.4,10.1,6.8,31.1,17.4,2.9,0.2,27.8,161.4,-0.3,1.3,111.1,102.4,20.1,2008,-42,397,10
43,Pat Ewing,SAC,F,6-8,237,24,Georgetown,United States/Jamaica,/player/Pat-Ewing/Summary/799,,127.0,,0.57,0.559,10.3,14.7,12.6,12.9,22.3,2.5,4.0,16.8,146.1,-2.8,1.4,107.7,95.3,15.2,2008,-43,124,2
44,Ante Tomic,UTH,C,7-1,225,21,KK Zagreb (Croatia),Croatia,/player/Ante-Tomic/Summary/811,,,,,,,,,,,,,,,,,,,,2008,-44,171,0
45,Goran Dragic,SAN,G,6-4,190,22,Union Olimpija (Slovenia),Slovenia,/player/Goran-Dragic/Summary/812,Euroleague,13.0,11.0,0.569,0.544,6.1,8.7,7.3,19.5,22.7,2.3,1.2,19.0,148.1,-1.7,1.3,105.1,114.0,13.2,2008,-45,385,6
46,Trent Plaisted,SEA,C,6-11,245,21,Brigham Young,United States,/player/Trent-Plaisted/Summary/813,,103.0,,0.545,0.535,9.5,17.5,13.6,9.0,14.5,0.9,3.9,26.0,108.2,-4.7,1.4,106.7,96.8,19.2,2008,-46,48,0
47,Henry Walker,WAS,GF,6-6,235,20,Kansas State,United States,/player/Henry-Walker/Summary/814,,37.0,,0.533,0.494,9.7,15.8,12.7,13.8,14.8,1.8,1.9,29.0,146.7,-4.8,1.2,109.4,93.8,20.5,2008,-47,173,8
48,Malik Hairston,PHX,SF,6-6,220,21,Oregon,United States,/player/Malik-Hairston/Summary/815,,117.0,,0.58,0.564,7.0,10.3,8.7,14.3,14.1,1.1,2.0,23.6,154.2,-2.0,1.4,115.9,109.4,19.3,2008,-48,267,11
49,Richard Hendrix,GOS,FC,6-9,264,21,Alabama,United States/North Macedonia,/player/Richard-Hendrix/Summary/816,,95.0,,0.599,0.592,13.4,21.3,17.5,11.0,13.9,1.8,6.0,23.8,141.5,-3.3,1.5,119.8,98.0,26.1,2008,-49,8,5
50,DeVon Hardin,SEA,C,6-11,235,21,California,United States,/player/DeVon-Hardin/Summary/817,,101.0,,0.544,0.517,8.3,19.9,14.3,4.1,14.3,1.3,6.4,18.8,112.6,-4.2,1.4,108.2,99.7,18.1,2008,-50,63,0
51,Shan Foster,DAL,GF,6-6,195,21,Vanderbilt,United States,/player/Shan-Foster/Summary/826,,132.0,,0.617,0.595,4.3,10.8,7.6,11.7,10.8,1.6,1.0,23.5,168.3,-1.3,1.4,120.3,103.8,20.2,2008,-51,394,8
52,Darnell Jackson,MIA,F,6-8,241,22,Kansas,United States,/player/Darnell-Jackson/Summary/820,,125.0,,0.613,0.582,11.9,20.8,16.6,5.8,15.3,1.8,2.5,19.4,159.9,-3.9,1.6,119.5,87.4,20.3,2008,-52,172,2
53,Tadija Dragicevic,UTH,PF,6-9,235,22,KK Crvena Zvezda (Serbia),Serbia,/player/Tadija-Dragicevic/Summary/821,Eurocup,14.0,14.0,0.59,0.551,5.4,18.1,11.4,6.9,17.7,1.3,0.0,27.9,161.6,-8.0,1.4,105.1,112.5,16.5,2008,-53,167,9
54,Maarty Leunen,HOU,F,6-9,220,22,Oregon,United States,/player/Maarty-Leunen/Summary/822,,126.0,,0.624,0.583,7.0,19.9,13.5,12.3,13.8,2.1,1.5,17.0,167.6,-0.3,1.5,127.2,101.2,20.4,2008,-54,267,2
55,Mike Taylor,POR,PG,6-2,165,22,Idaho Stampede,United States,/player/Mike-Taylor/Summary/801,,,,,,,,,,,,,,,,,,,,2008,-55,148,10
56,Sasha Kaun,SEA,C,6-11,250,23,Kansas,Russia,/player/Sasha-Kaun/Summary/818,,135.0,,0.562,0.568,10.9,15.5,13.4,3.6,12.7,1.3,7.6,18.7,108.0,-3.5,1.4,112.5,88.5,17.7,2008,-56,172,0
57,James Gist,SAN,PF,6-9,235,21,Maryland,United States,/player/James-Gist/Summary/819,,130.0,,0.556,0.521,7.9,16.9,12.6,8.4,15.7,2.0,6.8,21.2,153.2,-4.0,1.3,107.9,92.5,18.7,2008,-57,204,9
58,Joe Crawford,LAL,G,6-5,207,22,Kentucky,United States,/player/Joe-Crawford/Summary/823,,127.0,,0.543,0.518,5.5,9.4,7.5,12.6,13.0,1.1,0.9,24.4,148.9,-2.3,1.2,110.0,103.2,16.2,2008,-58,174,6
59,Deron Washington,DET,GF,6-7,210,22,Virginia Tech,United States,/player/Deron-Washington/Summary/824,,128.0,,0.522,0.49,7.3,14.6,10.9,10.4,14.1,2.4,3.5,21.4,138.0,-2.5,1.3,105.8,96.0,16.7,2008,-59,399,8
60,Semih Erden,BOS,C,7-0,240,21,Fenerbahce Beko (Turkey),Turkey,/player/Semih-Erden/Summary/825,Euroleague,15.0,4.0,0.551,0.5,6.7,21.7,14.3,5.5,20.1,1.9,4.3,19.2,117.5,-5.7,1.4,99.8,106.1,13.3,2008,-60,105,0
61,Anthony Morrow,,GF,6-5,210,22,Georgia Tech,United States,/player/Anthony-Morrow/Summary/864,,123.0,,0.589,0.556,6.0,9.7,7.9,7.9,10.5,1.9,1.0,21.8,172.5,-2.0,1.3,121.8,103.3,18.1,2008,-61,128,8
61,Timofey Mozgov,,C,7-1,275,21,Khimki (Russia),Russia,/player/Timofey-Mozgov/Summary/11008,Eurocup,12.0,6.0,0.567,0.567,20.4,30.7,25.3,2.9,20.5,1.4,10.2,25.9,106.7,-10.1,1.5,103.0,94.0,21.8,2008,-61,175,0
61,Reggie Williams,,F,6-6,205,21,Virginia Military,United States,/player/Reggie-Williams/Summary/1783,,112.0,,0.579,0.55,7.9,15.7,11.7,20.2,12.1,2.7,1.0,28.1,150.3,-1.3,1.4,119.4,101.6,26.3,2008,-61,398,2
61,Brian Roberts,,PG,6-1,173,22,Dayton,United States,/player/Brian-Roberts/Summary/1806,,125.0,,0.596,0.554,1.3,10.0,5.7,21.9,14.5,1.0,0.4,26.5,174.2,-1.3,1.4,116.3,103.2,19.7,2008,-61,84,10
61,Greg Stiemsma,,C,6-11,260,22,Wisconsin,United States,/player/Greg-Stiemsma/Summary/1801,,93.0,,0.577,0.545,7.9,18.7,13.4,16.3,23.5,1.5,11.2,15.9,130.3,-1.7,1.3,107.8,83.0,17.0,2008,-61,419,0
61,Sundiata Gaines,,G,6-1,195,22,Georgia,United States,/player/Sundiata-Gaines/Summary/4708,,123.0,,0.49,0.461,6.8,13.2,9.9,24.7,17.6,4.0,0.7,23.0,130.4,-0.1,1.2,103.3,97.2,17.7,2008,-61,125,6
61,Othyus Jeffers,,GF,6-5,210,22,Robert Morris,United States,/player/Othyus-Jeffers/Summary/7679,,63.0,,0.51,0.478,12.2,16.8,14.5,18.9,17.5,2.6,1.4,25.3,125.0,-3.2,1.3,104.4,102.2,19.9,2008,-61,305,8
61,Damjan Rudez,,SF,6-10,228,22,Cedevita (Croatia),Croatia,/player/Damjan-Rudez/Summary/2912,Euroleague,10.0,4.0,0.536,0.53,5.0,15.9,10.3,10.4,17.7,0.7,0.0,16.8,151.6,-2.8,1.1,104.5,117.0,9.5,2008,-61,65,11
61,Gary Forbes,,F,6-7,220,23,Massachusetts,Panama,/player/Gary-Forbes/Summary/1726,,129.0,,0.505,0.471,6.1,15.3,10.8,14.7,15.5,1.9,2.4,25.8,137.8,-3.4,1.2,101.0,100.6,16.1,2008,-61,205,2
61,Othello Hunter,,FC,6-8,225,22,Ohio State,United States,/player/Othello-Hunter/Summary/870,,76.0,,0.594,0.587,12.8,15.5,14.2,5.1,13.6,1.3,6.5,17.8,149.3,-3.0,1.4,118.7,94.7,19.7,2008,-61,259,5
61,Rob Kurz,,F,6-9,232,23,Notre Dame,United States,/player/Rob-Kurz/Summary/953,,108.0,,0.6,0.524,9.9,18.0,14.1,10.4,15.7,1.4,4.8,19.8,168.8,-2.5,1.6,121.1,96.7,19.8,2008,-61,255,2
61,Brian Butch,,FC,6-11,240,23,Wisconsin,United States,/player/Brian-Butch/Summary/1884,,124.0,,0.532,0.508,10.6,21.2,16.0,8.9,11.8,1.4,3.4,25.4,141.4,-3.3,1.3,110.2,89.1,20.8,2008,-61,419,5
61,Trey Gilder,,F,6-9,185,23,Northwestern State,United States,/player/Trey-Gilder/Summary/1804,,62.0,,0.578,0.517,9.5,15.8,12.5,15.2,16.4,3.3,3.4,29.9,154.3,-6.2,1.4,111.3,97.4,24.6,2008,-61,254,2
61,Mickell Gladness,,C,6-11,220,21,Alabama A&M,United States,/player/Mickell-Gladness/Summary/11006,,85.0,,0.498,0.446,5.3,17.4,11.4,4.1,18.3,1.6,18.7,15.6,160.7,-5.2,1.3,95.6,86.4,19.0,2008,-61,9,0
61,Steven Hill,,C,7-0,248,22,Arkansas,United States,/player/Steven-Hill/Summary/894,,132.0,,0.582,0.589,7.2,12.4,9.9,3.0,22.1,2.1,13.3,11.3,110.8,-4.0,1.4,102.7,92.2,13.8,2008,-61,19,0
61,DeMarcus Nelson,,G,6-4,200,22,Duke,United States,/player/DeMarcus-Nelson/Summary/872,,124.0,,0.543,0.527,6.3,14.1,10.4,13.4,17.2,2.5,1.1,22.2,142.5,-3.2,1.3,106.0,93.1,16.4,2008,-61,93,6
61,Marshall Brown,,SG,6-7,225,23,Missouri,United States,/player/Marshall-Brown/Summary/4544,,122.0,,0.522,0.485,5.2,13.0,9.0,10.6,17.0,1.9,1.5,21.1,143.0,-3.8,1.2,100.4,101.6,13.3,2008,-61,219,12
61,Keith Brumbaugh,,F,6-10,215,22,Hillsborough CC,United States,/player/Keith-Brumbaugh/Summary/2348,,,,,,,,,,,,,,,,,,,,2008,-61,141,2
61,Chris Daniels,,C,6-9,265,24,Texas A&M-CC,United States,/player/Chris-Daniels/Summary/2723,,114.0,,0.619,0.591,9.2,21.5,15.7,8.6,16.6,1.3,8.0,25.5,164.9,-6.2,1.5,114.3,92.4,23.5,2008,-61,355,0
61,Marcus Dove,,F,6-9,225,23,Oklahoma State,United States,/player/Marcus-Dove/Summary/1713,,104.0,,0.564,0.535,6.7,13.2,10.0,8.8,21.9,3.2,4.1,12.1,146.6,-2.1,1.4,107.2,93.9,13.1,2008,-61,261,2
61,Dion Dowell,,SF,6-7,209,23,Houston,United States/Germany,/player/Dion-Dowell/Summary/869,,83.0,,0.547,0.515,7.6,14.4,10.9,6.2,11.0,1.5,4.8,17.7,153.5,-1.9,1.2,116.2,100.0,16.0,2008,-61,143,11
61,Moses Ehambe,,GF,6-6,215,22,Oral Roberts,United States,/player/Moses-Ehambe/Summary/1711,,104.0,,0.584,0.569,2.5,8.2,5.5,9.3,10.2,1.1,0.3,20.6,160.9,-1.2,1.2,119.0,102.4,15.8,2008,-61,266,8
61,C.J. Giles,,C,6-11,240,22,Oregon State,United States/Bahrain,/player/CJ-Giles/Summary/946,,63.0,,0.513,0.495,12.2,19.3,15.9,3.7,16.8,1.4,9.5,20.4,124.3,-5.8,1.2,99.7,85.3,16.8,2008,-61,268,0
61,Stefhon Hannah,,G,6-1,175,23,Missouri,United States,/player/Stefhon-Hannah/Summary/4083,,50.0,,0.567,0.532,2.9,9.6,6.2,30.6,19.0,4.1,0.1,26.1,160.8,0.3,1.3,109.2,95.1,20.3,2008,-61,219,6
61,Marcus Hubbard,,C,6-9,229,24,Angelo State,United States,/player/Marcus-Hubbard/Summary/901,,,,,,,,,,,,,,,,,,,,2008,-61,14,0
61,Michael Jenkins,,G,6-3,195,21,Winthrop,United States,/player/Michael-Jenkins/Summary/16399,,131.0,,0.528,0.507,3.3,11.3,7.4,17.9,13.7,2.8,1.7,24.0,148.8,-0.9,1.1,108.6,92.6,17.4,2008,-61,418,6
61,Julian Khazzouh,,C,6-10,220,22,,Australia,/player/Julian-Khazzouh/Summary/29075,,,,,,,,,,,,,,,,,,,,2008,-61,429,0
61,Michael Lee,,PF,6-9,215,22,St. Bonaventure,United States,/player/Michael-Lee/Summary/10835,,114.0,,0.523,0.491,7.5,16.4,11.8,7.7,15.0,1.5,2.5,24.4,147.4,-5.2,1.2,100.8,109.1,16.4,2008,-61,336,9
61,Longar Longar,,C,6-11,229,25,Oklahoma,South Sudan,/player/Longar-Longar/Summary/1802,,112.0,,0.55,0.538,10.4,17.9,14.2,9.3,20.1,0.8,5.7,23.6,111.0,-6.7,1.3,101.2,93.7,17.4,2008,-61,260,0
61,Kurt Looby,,C,6-10,229,24,Iowa,Antigua and Barbuda,/player/Kurt-Looby/Summary/3452,,63.0,,0.586,0.597,11.1,18.6,15.0,5.7,20.4,1.9,9.8,11.9,110.9,-2.9,1.5,109.7,92.3,15.8,2008,-61,158,0
61,James Mays,,F,6-9,230,22,Clemson,United States/Central African Republic,/player/James-Mays/Summary/905,,108.0,,0.501,0.489,11.6,15.5,13.4,13.0,19.0,3.7,3.7,22.1,122.2,-4.2,1.2,100.3,91.4,18.0,2008,-61,74,2
61,Bo McCalebb,,PG,5-10,180,23,New Orleans,United States/North Macedonia,/player/Bo-McCalebb/Summary/1907,,127.0,,0.541,0.506,7.0,9.8,8.4,23.6,11.0,3.7,0.5,34.2,147.8,-1.4,1.3,112.9,103.0,27.2,2008,-61,238,10
61,Taj McCullough,,F,6-7,230,21,Winthrop,United States,/player/Taj-McCullough/Summary/935,,110.0,,0.55,0.543,7.3,15.9,11.7,10.6,15.5,4.2,2.6,22.6,138.1,-3.9,1.3,106.6,85.9,19.3,2008,-61,418,2
61,Drew Naymick,,FC,6-10,250,23,Michigan State,United States,/player/Drew-Naymick/Summary/2525,,129.0,,0.594,0.557,8.9,14.7,12.0,4.2,21.7,1.5,8.3,10.2,130.4,-2.8,1.4,111.9,95.4,11.9,2008,-61,212,5
61,Drew Neitzel,,G,6-0,180,23,Michigan State,United States,/player/Drew-Neitzel/Summary/1746,,138.0,,0.562,0.523,1.1,7.1,4.3,27.8,15.3,1.5,0.4,20.8,167.6,3.7,1.3,117.9,102.7,15.9,2008,-61,212,6
61,David Padgett,,C-F,6-11,245,23,Louisville,United States,/player/David-Padgett/Summary/796,,114.0,,0.631,0.594,11.1,13.9,12.5,14.2,16.7,1.1,6.6,19.5,134.8,-1.9,1.6,121.9,94.9,20.3,2008,-61,193,1
61,Shaun Pruitt,,FC,6-10,245,22,Illinois,United States,/player/Shaun-Pruitt/Summary/1893,,122.0,,0.548,0.545,13.4,18.1,15.8,4.2,16.5,1.0,2.4,23.6,107.6,-6.4,1.4,105.0,92.9,17.6,2008,-61,151,5
61,Charles Rhodes,,F-C,6-8,240,23,Mississippi State,United States,/player/Charles-Rhodes/Summary/923,,110.0,,0.594,0.566,9.8,16.2,13.2,5.6,15.7,1.2,5.4,25.7,156.8,-6.7,1.4,112.3,95.9,22.5,2008,-61,218,3
61,Maureece Rice,,G,6-1,225,24,George Washington,United States,/player/Maureece-Rice/Summary/933,,112.0,,0.527,0.501,3.1,7.5,5.3,17.1,12.5,2.6,0.5,22.8,156.9,-0.2,1.2,109.2,100.2,16.1,2008,-61,123,6
61,Jason Richards,,G,6-2,190,22,Davidson,United States,/player/Jason-Richards/Summary/797,,127.0,,0.545,0.494,2.3,9.6,6.0,37.3,21.3,2.4,0.4,20.0,154.3,5.6,1.3,114.7,96.1,17.5,2008,-61,83,6
61,Frank Robinson,,G,6-4,220,24,Cal State Fullerton,United States,/player/Frank-Robinson/Summary/902,,114.0,,0.56,0.534,7.5,14.6,11.0,13.4,15.1,2.9,1.6,22.3,151.4,-2.3,1.3,113.0,99.2,19.3,2008,-61,61,6
61,Russell Robinson,,G,6-1,198,22,Kansas,United States,/player/Russell-Robinson/Summary/1704,,133.0,,0.532,0.475,3.4,8.2,6.0,24.4,22.2,4.4,1.8,16.9,145.3,2.4,1.3,108.3,88.4,15.6,2008,-61,172,6
61,JaJuan Smith,,G,6-3,195,22,Tennessee,United States,/player/JaJuan-Smith/Summary/924,,126.0,,0.575,0.555,4.5,11.3,7.8,12.6,12.6,3.5,0.5,22.4,150.8,-1.5,1.3,114.5,99.5,18.7,2008,-61,349,6
61,Lanny Smith,,G,6-3,190,23,Houston,United States,/player/Lanny-Smith/Summary/1869,,122.0,,0.498,0.457,1.7,6.7,4.0,29.3,21.2,2.4,0.3,22.3,141.3,-0.1,1.2,98.1,102.0,12.6,2008,-61,143,6
61,Mark Tyndale,,SG,6-5,210,22,Temple,United States,/player/Mark-Tyndale/Summary/1870,,120.0,,0.525,0.476,5.2,15.1,10.0,19.1,15.6,3.0,1.2,24.2,144.2,-1.4,1.3,106.9,101.8,18.8,2008,-61,348,12
61,Salah Mejri,,C,7-1,235,22,Etoile Sportive du Sahel (Tunisia),Tunisia,/player/Salah-Mejri/Summary/24116,,,,,,,,,,,,,,,,,,,,2008,-61,101,0
1,Deandre Ayton,PHX,C,7-0,252,19,Arizona,Bahamas,/player/Deandre-Ayton/Summary/74086,,35.0,,0.65,0.625,13.5,28.2,21.4,10.2,11.3,1.0,6.1,26.6,168.8,-2.7,1.6,130.3,97.5,30.7,2018,-1,17,0
2,Marvin Bagley III,SAC,PF,6-10,235,19,Duke,United States,/player/Marvin-Bagley-III/Summary/81676,,33.0,,0.643,0.64,13.7,21.4,17.8,8.5,12.2,1.4,2.6,25.9,163.7,-3.7,1.6,128.1,97.5,28.4,2018,-2,93,9
3,Luka Doncic,ATL,SF,6-6,230,19,Real Madrid (Spain),Slovenia,/player/Luka-Doncic/Summary/54148,All Leagues,73.0,54.0,0.592,0.525,5.0,20.9,13.3,30.5,15.4,2.4,1.5,26.9,155.0,3.4,1.4,120.7,105.9,22.8,2018,-3,299,11
4,"Jaren Jackson, Jr.",MEM,PF,6-10,242,18,Michigan State,United States,/player/Jaren-Jackson-Jr/Summary/88806,,35.0,,0.647,0.595,8.8,19.7,14.9,9.3,17.4,1.6,14.2,23.5,170.6,-4.8,1.6,120.7,85.8,25.2,2018,-4,212,9
5,Trae Young,DAL,PG,6-1,164,19,Oklahoma,United States,/player/Trae-Young/Summary/88934,,32.0,,0.585,0.518,1.3,9.9,5.8,48.6,18.2,2.5,0.7,37.2,164.3,1.5,1.4,114.7,106.9,26.9,2018,-5,260,10
6,Mohamed Bamba,ORL,C,7-0,231,20,Texas,United States,/player/Mohamed-Bamba/Summary/88784,,30.0,,0.593,0.567,12.2,28.3,20.2,3.6,12.3,1.5,13.2,21.3,149.6,-4.1,1.4,118.4,88.3,26.5,2018,-6,353,0
7,"Wendell Carter, Jr.",CHI,PF,6-10,270,19,Duke,United States,/player/Wendell-Carter-Jr/Summary/76236,,37.0,,0.628,0.591,12.8,23.1,18.3,12.9,15.8,1.7,7.6,22.7,171.2,-2.5,1.6,125.3,92.0,26.4,2018,-7,93,9
8,Collin Sexton,CLE,PG,6-3,190,19,Alabama,United States,/player/Collin-Sexton/Summary/104930,,33.0,,0.567,0.498,4.1,9.8,7.0,27.7,14.2,1.6,0.3,32.9,156.1,-1.3,1.4,113.1,104.8,22.5,2018,-8,8,10
9,Kevin Knox II,NYK,SF,6-8,215,18,Kentucky,United States,/player/Kevin-Knox-II/Summary/91700,,37.0,,0.556,0.51,3.3,14.4,9.3,8.7,14.1,1.5,1.0,24.6,156.1,-4.2,1.3,109.5,101.8,16.5,2018,-9,174,11
10,Mikal Bridges,PHL,SG,6-6,209,21,Villanova,United States,/player/Mikal-Bridges/Summary/52342,,116.0,,0.656,0.623,5.4,13.2,9.6,10.4,11.0,3.0,3.6,18.5,176.9,-0.1,1.5,131.0,94.1,21.5,2018,-10,396,12
11,Shai Gilgeous-Alexander,CHA,PG,6-6,195,19,Kentucky,Canada,/player/Shai-Gilgeous-Alexander/Summary/104915,,37.0,,0.578,0.516,3.2,10.0,6.8,28.8,17.9,2.8,1.7,21.9,170.6,2.1,1.4,116.7,100.8,20.1,2018,-11,174,10
12,Miles Bridges,LAC,SF,6-7,225,20,Michigan State,United States,/player/Miles-Bridges/Summary/74071,,62.0,,0.576,0.548,5.5,20.3,13.7,15.8,12.7,1.2,3.6,27.2,162.1,-1.7,1.3,114.0,95.9,22.0,2018,-12,212,11
13,Jerome Robinson,LAC,SG,6-5,190,21,Boston College,United States,/player/Jerome-Robinson/Summary/85560,,90.0,,0.551,0.513,1.7,11.1,6.3,20.5,15.2,2.1,0.9,27.5,158.0,-2.0,1.3,104.6,106.2,17.2,2018,-13,43,12
14,"Michael Porter, Jr.",DEN,PF,6-10,218,19,Missouri,United States,/player/Michael-Porter-Jr/Summary/81696,,3.0,,0.438,0.383,8.8,31.8,20.9,5.3,8.0,3.4,2.1,37.4,141.1,-4.6,1.0,91.7,83.5,20.4,2018,-14,219,9
15,"Troy Brown, Jr.",WAS,SF,6-7,215,18,Oregon,United States,/player/Troy-Brown-Jr/Summary/74084,,35.0,,0.532,0.494,5.9,18.0,12.0,18.7,18.8,2.9,0.8,20.9,147.8,-1.1,1.2,105.8,101.0,15.9,2018,-15,267,11
16,Zhaire Smith,PHX,SG,6-4,205,19,Texas Tech,United States,/player/Zhaire-Smith/Summary/121978,,37.0,,0.618,0.588,9.5,11.1,10.4,12.5,10.8,2.3,4.8,18.2,172.2,0.3,1.5,128.9,94.2,21.5,2018,-16,359,12
17,Donte DiVincenzo,MIL,SG,6-4,203,21,Villanova,United States,/player/Donte-DiVincenzo/Summary/83939,,85.0,,0.591,0.57,5.5,13.0,9.5,16.4,15.8,2.2,0.9,20.9,155.2,-0.1,1.3,117.3,97.7,18.0,2018,-17,396,12
18,Lonnie Walker,SAN,SG,6-4,204,19,Miami (FL),United States,/player/Lonnie-Walker/Summary/88916,,32.0,,0.527,0.503,1.7,9.2,5.5,13.0,9.6,2.0,1.8,22.4,149.9,0.4,1.2,109.3,101.7,15.7,2018,-18,210,12
19,Kevin Huerter,ATL,SF,6-7,198,19,Maryland,United States,/player/Kevin-Huerter/Summary/89387,,65.0,,0.603,0.584,3.2,14.3,9.1,19.1,16.3,1.5,2.2,19.3,160.8,0.2,1.3,115.9,100.1,16.9,2018,-19,204,11
20,Josh Okogie,MIN,SG,6-4,213,19,Georgia Tech,Nigeria/United States,/player/Josh-Okogie/Summary/94058,,61.0,,0.55,0.481,6.3,13.4,9.9,13.3,12.8,2.6,2.6,27.3,159.5,-2.9,1.4,109.4,98.6,20.3,2018,-20,128,12
21,Grayson Allen,UTH,SG,6-4,198,22,Duke,United States,/player/Grayson-Allen/Summary/52340,,142.0,,0.591,0.533,2.3,10.2,6.4,19.6,12.4,2.1,0.3,24.2,164.4,1.2,1.4,123.2,102.3,20.4,2018,-21,93,12
22,Chandler Hutchison,CHI,SG,6-6,210,22,Boise State,United States,/player/Chandler-Hutchison/Summary/80965,,123.0,,0.551,0.512,5.7,21.7,13.7,18.6,15.0,2.4,1.1,27.4,151.6,-2.2,1.3,108.9,94.4,20.8,2018,-22,42,12
23,Aaron Holiday,IND,PG,6-0,185,21,UCLA,United States,/player/Aaron-Holiday/Summary/54843,,101.0,,0.58,0.535,1.7,8.7,5.4,24.9,19.6,2.2,0.7,23.2,166.7,0.4,1.4,110.0,105.9,16.5,2018,-23,373,10
24,Anfernee Simons,POR,SG,6-3,200,19,IMG Academy (Florida),United States,/player/Anfernee-Simons/Summary/106511,,,,,,,,,,,,,,,,,,,,2018,-24,145,12
25,Moe Wagner,LAL,PF,6-11,245,21,Michigan,Germany,/player/Moe-Wagner/Summary/75563,,107.0,,0.633,0.618,7.3,19.7,13.6,5.4,12.5,2.3,1.9,24.7,163.0,-4.2,1.4,117.4,97.3,22.1,2018,-25,211,9
26,Landry Shamet,PHL,PG,6-4,190,21,Wichita State,United States,/player/Landry-Shamet/Summary/84169,,71.0,,0.641,0.609,2.2,9.2,5.8,25.7,13.2,1.5,0.8,19.8,172.7,4.1,1.5,131.0,98.7,19.8,2018,-26,414,10
27,Robert Williams,BOS,PF,6-9,249,20,Texas A&M,United States,/player/Robert-Williams/Summary/90402,,61.0,,0.589,0.592,12.0,24.2,18.4,11.5,15.5,1.7,10.3,21.4,119.8,-3.1,1.4,113.7,93.2,24.9,2018,-27,354,9
28,Jacob Evans,GOS,SG,6-6,210,21,Cincinnati,United States,/player/Jacob-Evans/Summary/83990,,105.0,,0.551,0.518,5.3,11.6,8.5,16.8,10.6,2.4,3.5,20.9,156.1,1.5,1.3,119.7,92.6,19.3,2018,-28,73,12
29,Dzanan Musa,BRK,SG,6-9,217,19,Cedevita (Croatia),Bosnia and Herzegovina,/player/Dzanan-Musa/Summary/75657,All Leagues,71.0,14.0,0.603,0.542,4.1,16.1,10.0,14.8,13.2,2.5,1.0,24.8,158.7,-1.2,1.4,117.2,101.5,19.2,2018,-29,65,12
30,Omari Spellman,ATL,PF,6-8,245,20,Villanova,United States/Lebanon,/player/Omari-Spellman/Summary/74078,,40.0,,0.588,0.573,9.9,23.0,16.8,4.3,9.8,1.3,5.5,18.3,161.0,-1.8,1.3,123.0,95.8,19.6,2018,-30,396,9
31,Elie Okobo,PHX,PG,6-3,190,20,Pau-Orthez (France),France,/player/Elie-Okobo/Summary/65475,Jeep Elite,36.0,33.0,0.623,0.593,1.9,11.7,6.7,31.7,20.2,1.9,0.7,25.4,174.2,1.3,1.4,113.6,112.9,19.0,2018,-31,275,10
32,Jevon Carter,MEM,PG,6-1,200,22,West Virginia,United States,/player/Jevon-Carter/Summary/80283,,144.0,,0.534,0.491,3.2,11.9,7.2,24.5,13.8,4.4,1.0,20.9,156.0,2.5,1.2,116.0,93.1,19.0,2018,-32,410,10
33,Jalen Brunson,DAL,PG,6-2,190,21,Villanova,United States,/player/Jalen-Brunson/Summary/52545,,116.0,,0.628,0.588,1.8,8.0,5.1,24.4,14.1,1.7,-,24.1,172.3,2.2,1.5,124.5,101.2,20.9,2018,-33,396,10
34,Devonte' Graham,ATL,PG,6-1,195,23,Kansas,United States,/player/Devonte-Graham/Summary/41320,,142.0,,0.578,0.536,1.7,8.9,5.5,24.3,15.1,2.5,0.3,19.7,161.8,3.3,1.4,119.6,101.0,17.5,2018,-34,172,10
35,"Melvin Frazier, Jr.",ORL,SF,6-5,215,21,Tulane,United States,/player/Melvin-Frazier-Jr/Summary/83909,,94.0,,0.56,0.536,4.8,13.2,8.9,12.9,17.4,3.3,1.8,20.6,144.6,-3.2,1.3,104.3,102.3,16.4,2018,-35,365,11
36,Mitchell Robinson,NYK,C,7-0,240,20,,United States,/player/Mitchell-Robinson/Summary/88862,,,,,,,,,,,,,,,,,,,,2018,-36,429,0
37,"Gary Trent, Jr.",SAC,SG,6-5,204,19,Duke,United States,/player/Gary-Trent-Jr/Summary/88908,,37.0,,0.567,0.528,2.9,10.3,6.8,6.8,7.4,1.9,0.4,19.5,169.3,-0.3,1.3,124.5,101.7,16.0,2018,-37,93,12
38,Khyri Thomas,PHL,SG,6-3,210,22,Creighton,United States,/player/Khyri-Thomas/Summary/84388,,102.0,,0.606,0.588,5.0,13.7,9.5,15.6,14.9,2.8,1.0,19.6,163.5,0.2,1.4,116.5,99.2,18.6,2018,-38,82,12
39,Isaac Bonga,PHL,SG,6-8,180,18,Fraport Skyliners (Germany),Germany,/player/Isaac-Bonga/Summary/77638,All Leagues,41.0,18.0,0.575,0.475,5.0,15.9,10.4,18.9,27.2,3.2,2.5,19.9,163.2,-4.0,1.4,99.9,104.3,13.0,2018,-39,116,12
40,Rodions Kurucs,BRK,SF,6-9,230,20,Barca (Spain),Latvia,/player/Rodions-Kurucs/Summary/77633,All Leagues,26.0,5.0,0.547,0.51,3.8,10.4,7.2,11.3,17.1,4.3,3.4,24.3,153.8,-4.6,1.2,101.4,102.3,14.9,2018,-40,33,11
41,Jarred Vanderbilt,ORL,PF,6-8,214,19,Kentucky,United States,/player/Jarred-Vanderbilt/Summary/76237,,14.0,,0.476,0.426,21.5,28.4,25.1,11.2,14.8,1.4,5.4,20.4,105.8,-2.4,1.2,110.4,95.8,20.8,2018,-41,174,9
42,"Bruce Brown, Jr.",DET,SG,6-4,202,21,Miami (FL),United States,/player/Bruce-Brown-Jr/Summary/85612,,52.0,,0.532,0.493,5.2,16.8,11.1,20.6,16.2,2.6,2.1,20.9,145.9,0.7,1.3,109.8,95.0,18.0,2018,-42,210,12
43,Justin Jackson,DEN,SF,6-7,225,21,Maryland,Canada,/player/Justin-Jackson/Summary/41335,,44.0,,0.532,0.495,8.3,17.8,13.3,8.2,16.8,1.8,2.9,20.8,153.3,-4.2,1.2,104.9,96.1,15.4,2018,-43,204,11
44,Yusuf Sanon,WAS,SG,6-4,185,18,Union Olimpija (Slovenia),Ukraine,/player/Yusuf-Sanon/Summary/95051,All Leagues,45.0,8.0,0.494,0.492,3.7,10.7,7.4,12.0,18.5,3.6,1.4,16.8,115.0,-1.5,1.1,94.3,97.6,9.3,2018,-44,385,12
45,Hamidou Diallo,BRK,SG,6-5,202,19,Kentucky,United States/Guinea,/player/Hamidou-Diallo/Summary/88100,,37.0,,0.498,0.47,4.2,11.5,8.1,9.5,12.0,1.8,1.6,22.5,138.2,-2.2,1.2,104.0,102.2,13.4,2018,-45,174,12
46,De'Anthony Melton,HOU,SG,6-3,200,20,USC,United States,/player/DeAnthony-Melton/Summary/85714,,36.0,,0.53,0.483,6.0,13.7,9.9,22.5,18.5,4.0,3.9,17.7,142.7,2.0,1.3,110.8,99.2,18.1,2018,-46,380,12
47,Svi Mykhailiuk,LAL,SF,6-7,205,21,Kansas,Ukraine,/player/Svi-Mykhailiuk/Summary/41726,,136.0,,0.563,0.548,3.6,8.6,6.2,11.5,12.2,1.8,0.9,19.3,158.4,-0.4,1.2,113.8,102.5,14.5,2018,-47,172,11
48,Keita Bates-Diop,MIN,SF,6-8,229,22,Ohio State,United States,/player/Keita-Bates-Diop/Summary/71803,,109.0,,0.567,0.534,5.6,20.1,13.2,9.1,10.7,1.5,5.4,23.9,160.0,-2.0,1.3,114.3,94.2,21.6,2018,-48,259,11
49,Chimezie Metu,SAN,PF,6-10,225,21,USC,United States/Nigeria,/player/Chimezie-Metu/Summary/76976,,104.0,,0.573,0.541,7.8,18.1,13.1,8.3,13.8,1.5,6.2,22.9,152.8,-3.5,1.4,112.2,99.8,20.3,2018,-49,380,9
50,Alize Johnson,IND,SF,6-7,210,22,Missouri State,United States,/player/Alize-Johnson/Summary/106664,,66.0,,0.551,0.511,12.2,29.9,21.1,16.7,14.4,1.0,1.1,26.4,149.8,-2.4,1.3,114.3,97.9,23.4,2018,-50,220,11
51,Tony Carr,NOP,PG,6-5,200,20,Penn State,United States,/player/Tony-Carr/Summary/88727,,70.0,,0.511,0.458,2.6,13.7,8.1,28.1,13.1,1.3,0.9,27.4,157.8,1.9,1.2,107.3,102.5,17.7,2018,-51,278,10
52,Vince Edwards,UTH,SF,6-8,225,22,Purdue,United States,/player/Vince-Edwards/Summary/79905,,138.0,,0.581,0.543,8.4,14.2,11.5,19.7,14.4,1.0,1.7,21.3,168.8,0.8,1.3,119.5,98.3,18.9,2018,-52,293,11
53,Devon Hall,OKC,SG,6-5,215,22,Virginia,United States,/player/Devon-Hall/Summary/56796,,128.0,,0.538,0.498,1.9,14.7,8.5,16.4,12.3,1.6,0.9,17.6,161.5,2.3,1.2,112.5,93.5,14.5,2018,-53,397,12
54,Shake Milton,DAL,SG,6-5,205,21,Southern Methodist,United States,/player/Shake-Milton/Summary/73155,,87.0,,0.595,0.562,1.6,11.2,6.6,20.5,13.9,2.0,1.4,19.6,166.9,2.4,1.4,122.7,97.3,18.0,2018,-54,333,12
55,Arnoldas Kulboka,CHA,SF,6-10,225,20,Orlandina Basket (Italy),Lithuania,/player/Arnoldas-Kulboka/Summary/72296,All Leagues,45.0,40.0,0.546,0.5,2.2,16.0,9.2,5.8,14.3,1.8,0.7,17.8,162.8,-3.2,1.2,99.1,112.1,10.6,2018,-55,269,11
56,Raymond Spalding,PHL,PF,6-9,225,21,Louisville,United States,/player/Raymond-Spalding/Summary/83900,,100.0,,0.57,0.562,11.9,20.2,16.1,7.7,15.5,2.8,5.6,19.3,137.6,-3.4,1.4,113.7,90.2,20.8,2018,-56,193,9
57,Kevin Hervey,OKC,PF,6-9,230,21,Texas-Arlington,United States,/player/Kevin-Hervey/Summary/81478,,115.0,,0.546,0.51,7.6,23.0,15.5,14.3,12.6,2.0,2.1,27.8,153.0,-2.8,1.2,110.9,94.1,22.0,2018,-57,360,9
58,Thomas Welsh,DEN,C,7-0,255,22,UCLA,United States,/player/Thomas-Welsh/Summary/64323,,132.0,,0.582,0.561,10.7,23.0,17.1,5.7,7.7,0.9,4.6,17.2,174.2,-0.6,1.3,124.5,99.9,19.9,2018,-58,373,0
59,George King,PHX,SF,6-6,220,24,Colorado,United States,/player/George-King/Summary/56831,,127.0,,0.564,0.534,7.3,19.1,13.3,6.5,14.6,1.0,1.4,23.1,157.5,-4.7,1.3,109.0,102.4,16.9,2018,-59,77,11
60,Kostas Antetokounmpo,PHL,PF,6-10,200,20,Dayton,Greece/United States,/player/Kostas-Antetokounmpo/Summary/93018,,29.0,,0.575,0.584,7.3,16.9,12.3,6.0,22.9,1.0,8.5,21.0,122.3,-7.3,1.5,95.8,105.0,13.1,2018,-60,84,9
61,Jordan McLaughlin,,G,6-0,185,22,USC,United States,/player/Jordan-McLaughlin/Summary/52558,,128.0,,0.546,0.509,2.2,9.5,5.9,31.6,16.7,2.8,0.5,20.9,155.6,4.3,1.3,113.2,103.5,18.2,2018,-61,380,6
61,Gabe Vincent,,G,6-2,200,22,UC Santa Barbara,United States/Nigeria,/player/Gabe-Vincent/Summary/80552,,113.0,,0.538,0.509,1.9,8.4,5.1,17.6,10.3,2.1,0.6,22.9,155.4,1.1,1.2,110.7,104.4,15.8,2018,-61,370,6
61,Haywood Highsmith,,F,6-5,220,21,Wheeling Jesuit,United States,/player/Haywood-Highsmith/Summary/83454,,126.0,,0.61,0.588,-,-,-,-,12.8,-,-,-,161.2,-,1.5,-,-,-,2018,-61,413,2
61,Jae'sean Tate,,F,6-4,230,22,Ohio State,United States,/player/Jaesean-Tate/Summary/52353,,129.0,,0.57,0.568,7.5,16.4,12.2,12.1,15.0,2.2,2.0,22.1,138.3,-2.5,1.4,110.4,96.1,18.8,2018,-61,259,2
61,Chris Chiozza,,PG,5-11,179,22,Florida,United States,/player/Chris-Chiozza/Summary/52547,,139.0,,0.508,0.466,1.8,12.6,7.1,30.6,18.1,3.2,0.2,17.8,146.7,4.6,1.2,108.2,96.1,15.2,2018,-61,108,10
61,Gary Clark,,SF,6-6,225,23,Cincinnati,United States,/player/Gary-Clark/Summary/79987,,139.0,,0.583,0.551,12.6,20.1,16.5,14.2,11.1,2.5,5.2,18.4,160.6,0.8,1.4,127.3,87.3,24.1,2018,-61,73,11
61,Jock Landale,,C,6-11,255,22,Saint Mary's,Australia,/player/Jock-Landale/Summary/81251,,126.0,,0.654,0.628,12.4,25.3,19.3,12.8,13.9,0.8,3.6,29.7,163.8,-4.0,1.6,124.4,94.6,29.7,2018,-61,312,0
61,Kelan Martin,,SF,6-5,230,22,Butler,United States,/player/Kelan-Martin/Summary/80516,,136.0,,0.547,0.506,4.6,19.0,11.8,9.4,11.2,1.3,1.8,29.7,157.1,-3.6,1.3,109.4,100.2,20.3,2018,-61,53,11
61,Jaylen Adams,,PG,6-0,225,22,St. Bonaventure,United States,/player/Jaylen-Adams/Summary/80385,,110.0,,0.607,0.535,1.7,8.9,5.3,29.2,16.6,2.5,0.6,23.6,165.9,2.0,1.5,120.5,104.2,20.4,2018,-61,336,10
61,Jemerrio Jones,,F,6-5,175,23,New Mexico State,United States,/player/Jemerrio-Jones/Summary/109784,,68.0,,0.521,0.51,14.0,30.7,22.5,22.3,18.3,2.3,2.6,22.3,121.4,-0.6,1.2,109.5,85.6,22.3,2018,-61,237,2
61,Daryl Macon,,PG,6-3,185,22,Arkansas,United States,/player/Daryl-Macon/Summary/89349,,71.0,,0.623,0.557,1.9,9.0,5.5,20.2,13.0,2.2,0.2,24.1,172.6,0.9,1.5,124.6,107.4,21.4,2018,-61,19,10
61,J.P. Macura,,SG,6-5,205,23,Xavier,United States,/player/JP-Macura/Summary/80304,,141.0,,0.575,0.53,5.4,9.3,7.4,16.1,14.1,2.7,0.8,21.4,159.6,-0.4,1.3,116.2,101.8,17.5,2018,-61,421,12
61,Dakota Mathias,,SG,6-4,200,22,Purdue,United States,/player/Dakota-Mathias/Summary/79908,,141.0,,0.595,0.575,0.7,12.5,7.0,20.2,13.8,1.7,0.5,15.8,165.8,3.3,1.3,120.9,98.5,14.7,2018,-61,293,12
61,Emanuel Terry,,F,6-9,220,21,Lincoln Memorial,United States,/player/Emanuel-Terry/Summary/84252,,120.0,,0.69,0.704,-,-,-,-,13.2,-,-,-,130.2,-,1.7,-,-,-,2018,-61,186,2
61,Justin Bibbs,,G,6-5,220,22,Virginia Tech,United States,/player/Justin-Bibbs/Summary/80118,,128.0,,0.576,0.56,1.2,9.4,5.5,9.2,11.6,0.8,0.2,18.4,158.5,-1.0,1.3,110.0,109.0,12.4,2018,-61,399,6
61,"Bonzie Colson, Jr.",,PF,6-5,225,22,Notre Dame,United States,/player/Bonzie-Colson-Jr/Summary/52345,,125.0,,0.592,0.549,10.6,22.4,16.8,8.0,8.4,2.4,5.1,25.5,165.0,-1.5,1.4,124.3,96.0,27.6,2018,-61,255,9
61,Xavier Cooks,,GF,6-8,183,22,Winthrop,Australia,/player/Xavier-Cooks/Summary/80513,,127.0,,0.575,0.546,7.4,22.7,15.5,17.8,17.7,1.7,6.4,26.3,154.6,-3.5,1.4,109.3,93.6,22.6,2018,-61,418,8
61,Angel Delgado,,C,6-10,230,23,Seton Hall,Dominican Republic,/player/Angel-Delgado/Summary/52549,,132.0,,0.544,0.538,14.1,25.6,19.8,11.4,16.3,1.2,2.6,21.2,107.7,-3.3,1.3,110.0,97.1,20.2,2018,-61,321,0
61,Keenan Evans,,SG,6-3,190,21,Texas Tech,United States,/player/Keenan-Evans/Summary/80278,,131.0,,0.571,0.505,2.3,10.3,6.4,22.2,13.9,2.3,1.4,24.7,160.1,0.2,1.4,115.2,100.7,19.3,2018,-61,359,12
61,Donte Grantham,,PF,6-8,215,23,Clemson,United States/Qatar,/player/Donte-Grantham/Summary/80054,,114.0,,0.519,0.496,5.3,12.9,9.1,12.8,13.7,1.7,2.7,18.7,147.2,-0.7,1.1,106.8,101.3,14.7,2018,-61,74,9
61,Yante Maten,,PF,6-7,240,21,Georgia,United States,/player/Yante-Maten/Summary/81016,,128.0,,0.561,0.505,10.9,16.4,13.8,9.1,12.7,0.9,6.1,27.6,164.1,-4.6,1.4,112.9,97.8,22.9,2018,-61,125,9
61,Justin Tillman,,PF,6-8,229,22,VCU,United States,/player/Justin-Tillman/Summary/80387,,137.0,,0.594,0.587,12.5,24.3,18.2,2.8,9.6,0.9,3.9,22.7,150.1,-3.5,1.4,119.8,97.1,23.3,2018,-61,390,9
61,C.J. Anderson,,G,6-6,207,22,Massachusetts,United States,/player/CJ-Anderson/Summary/81732,,126.0,,0.523,0.479,3.1,13.1,8.1,20.2,20.7,1.7,0.4,13.2,153.1,1.8,1.2,104.7,105.2,10.8,2018,-61,205,6
61,Jaylen Barford,,SG,6-2,207,22,Arkansas,United States,/player/Jaylen-Barford/Summary/107065,,71.0,,0.551,0.522,3.5,10.5,7.5,15.5,12.2,1.5,0.5,27.0,156.4,-1.0,1.2,109.4,105.5,18.5,2018,-61,19,12
61,Jordan Barnett,,SF,6-7,215,22,Missouri,United States,/player/Jordan-Barnett/Summary/53452,,80.0,,0.579,0.543,6.0,14.6,10.5,6.6,11.9,1.4,2.0,20.1,165.5,-2.7,1.3,115.8,100.7,16.9,2018,-61,219,11
61,Tim Bond,,G,6-7,160,22,Eastern Michigan,United States,/player/Tim-Bond/Summary/80739,,123.0,,0.515,0.486,3.5,11.7,7.6,19.4,18.1,3.8,3.5,17.3,147.3,0.6,1.2,104.1,98.4,15.4,2018,-61,97,6
61,Aaron Epps,,F,6-10,225,22,LSU,United States,/player/Aaron-Epps/Summary/81030,,105.0,,0.586,0.568,10.0,16.0,13.1,4.1,13.9,0.9,3.6,18.2,158.6,-3.6,1.3,114.2,106.6,15.8,2018,-61,176,2
61,Matt Farrell,,PG,6-1,175,22,Notre Dame,United States,/player/Matt-Farrell/Summary/80113,,110.0,,0.565,0.53,0.9,6.1,3.6,26.9,16.0,1.9,0.3,21.9,162.1,3.5,1.3,114.0,106.5,16.6,2018,-61,255,10
61,Isaac Haas,,C,7-2,290,22,Purdue,United States,/player/Isaac-Haas/Summary/79907,,139.0,,0.621,0.589,10.8,18.6,15.0,6.4,15.5,0.5,5.1,30.3,127.8,-7.4,1.6,114.4,95.4,24.5,2018,-61,293,0
61,Donte Ingram,,GF,6-6,215,21,Loyola (IL),United States,/player/Donte-Ingram/Summary/80830,,136.0,,0.566,0.545,4.4,19.4,12.3,8.4,12.2,1.4,1.1,19.2,155.1,-1.6,1.3,108.6,97.4,15.2,2018,-61,194,8
61,Robert Johnson,,SG,6-3,194,23,Indiana,United States,/player/Robert-Johnson/Summary/52349,,129.0,,0.555,0.54,1.4,13.5,7.7,16.8,17.8,1.6,0.4,20.8,152.2,-1.3,1.2,106.9,105.0,13.8,2018,-61,154,12
61,Tiwian Kendley,,SG,6-5,190,23,Morgan State,United States,/player/Tiwian-Kendley/Summary/109451,,44.0,,0.539,0.466,4.8,10.9,7.8,12.9,15.4,2.8,1.3,37.0,147.6,-8.5,1.4,104.9,100.7,21.7,2018,-61,226,12
61,Oleksandr Kobets,,SG,6-6,205,22,SK Cherkasy Monkeys (Ukraine),Ukraine,/player/Oleksandr-Kobets/Summary/41725,Uk Superleague,35.0,4.0,0.567,0.524,7.1,8.3,7.7,13.2,10.2,2.0,0.9,26.7,157.4,-1.0,1.3,114.1,106.6,19.6,2018,-61,308,12
61,William Lee,,F,6-9,206,23,UAB,United States,/player/William-Lee/Summary/52556,,132.0,,0.583,0.558,7.3,20.8,14.4,10.3,15.0,1.7,9.4,21.2,158.8,-2.8,1.3,111.7,94.3,21.0,2018,-61,367,2
61,Scottie Lindsey,,SG,6-5,210,22,Northwestern,United States/Portugal,/player/Scottie-Lindsey/Summary/72682,,126.0,,0.532,0.504,2.6,12.1,7.5,13.2,10.6,1.4,1.7,23.5,157.8,-0.6,1.2,106.9,102.1,15.2,2018,-61,253,12
61,Dorian Pickens,,GF,6-5,215,22,Stanford,United States,/player/Dorian-Pickens/Summary/80994,,116.0,,0.567,0.529,3.7,9.8,6.8,11.4,11.4,1.8,0.4,20.4,154.5,-0.9,1.3,115.4,105.1,15.8,2018,-61,338,8
61,Jeff Roberson,,F,6-6,220,21,Vanderbilt,United States,/player/Jeff-Roberson/Summary/81060,,132.0,,0.599,0.541,7.3,16.0,11.9,10.3,14.5,1.4,1.1,19.1,165.8,-2.0,1.5,118.2,102.4,16.7,2018,-61,394,2
61,Desi Rodriguez,,SF,6-6,220,22,Seton Hall,United States,/player/Desi-Rodriguez/Summary/71584,,129.0,,0.553,0.528,5.8,14.7,10.2,11.3,12.5,2.3,1.4,24.6,150.3,-2.7,1.3,111.4,99.7,19.3,2018,-61,321,11
61,Zach Smith,,SF,6-8,220,22,Texas Tech,United States,/player/Zach-Smith/Summary/80281,,117.0,,0.552,0.53,7.8,17.4,12.7,10.2,16.1,1.4,5.7,17.4,143.4,-2.2,1.3,109.0,97.7,16.1,2018,-61,359,11
61,Elijah Stewart,,SF,6-5,190,22,USC,United States/Poland,/player/Elijah-Stewart/Summary/80999,,138.0,,0.561,0.537,3.7,9.7,6.7,7.3,9.6,1.6,3.5,18.3,157.0,-0.9,1.2,114.8,104.5,14.8,2018,-61,380,11
61,Taren Sullivan,,F,6-6,220,22,Findlay,United States,/player/Taren-Sullivan/Summary/82467,,114.0,,0.594,0.576,-,-,-,-,13.6,-,-,-,169.8,-,1.3,-,-,-,2018,-61,107,2
61,Tyrius Walker,,G,6-1,185,22,Morehouse,United States,/player/Tyrius-Walker/Summary/84407,,91.0,,0.569,0.517,-,-,-,-,14.3,-,-,-,160.7,-,1.3,-,-,-,2018,-61,225,6
61,Isaiah Wilkins,,F,6-8,205,22,Virginia,United States,/player/Isaiah-Wilkins/Summary/80116,,132.0,,0.541,0.516,10.3,17.8,14.2,10.3,15.0,2.5,6.5,14.1,147.8,-,1.2,115.3,86.9,17.2,2018,-61,397,2
61,Todd Withers,,G,6-7,216,22,Queens University,United States,/player/Todd-Withers/Summary/84305,,115.0,,0.616,0.602,-,-,-,-,12.5,-,-,-,157.2,-,1.4,-,-,-,2018,-61,294,6
61,Drew Eubanks,,C,6-10,245,21,Oregon State,United States,/player/Drew-Eubanks/Summary/83989,,96.0,,0.622,0.598,8.1,19.0,13.6,7.2,17.6,1.1,6.9,20.9,129.2,-5.2,1.5,111.6,101.9,19.4,2018,-61,268,0
61,Duncan Robinson,,F,6-7,215,24,Michigan,United States,/player/Duncan-Robinson/Summary/79772,,115.0,,0.629,0.606,2.2,10.2,6.3,9.2,8.6,1.4,1.3,17.9,173.9,0.5,1.4,124.3,102.9,16.0,2018,-61,211,2
61,Kenrich Williams,,SF,6-6,210,23,TCU,United States,/player/Kenrich-Williams/Summary/80275,,102.0,,0.559,0.542,10.9,20.5,15.7,15.4,12.6,2.5,2.3,17.6,148.5,1.1,1.3,120.8,97.8,20.0,2018,-61,345,11
61,Wenyen Gabriel,,PF,6-9,205,21,Kentucky,South Sudan,/player/Wenyen-Gabriel/Summary/88737,,75.0,,0.534,0.516,9.4,17.6,13.7,5.0,15.0,1.5,5.1,14.5,141.5,-2.5,1.2,111.2,95.9,13.5,2018,-61,174,9
61,Yuta Watanabe,,F,6-9,215,23,George Washington,Japan,/player/Yuta-Watanabe/Summary/53707,,134.0,,0.533,0.49,4.3,13.2,8.8,10.0,11.0,1.4,3.9,19.8,155.0,-1.0,1.2,111.6,102.4,15.9,2018,-61,123,2
61,Kendrick Nunn,,SG,6-3,190,22,Oakland,United States,/player/Kendrick-Nunn/Summary/24684,,126.0,,0.557,0.528,1.7,12.5,7.1,15.7,11.7,2.3,0.8,25.2,163.6,-1.0,1.2,108.9,102.4,18.1,2018,-61,256,12
61,Theo Pinson,,SG,6-7,212,22,North Carolina,United States,/player/Theo-Pinson/Summary/26755,,122.0,,0.52,0.465,6.1,15.4,10.9,24.0,20.4,2.1,1.6,16.1,143.0,3.3,1.3,112.7,99.2,15.6,2018,-61,242,12
61,Brandon Goodwin,,PG,6-0,180,22,Florida Gulf Coast,United States,/player/Brandon-Goodwin/Summary/56935,,126.0,,0.563,0.523,3.8,12.0,8.0,25.4,16.5,2.2,0.3,24.1,149.1,0.8,1.4,113.0,103.6,19.2,2018,-61,109,10
61,B.J. Johnson,,SF,6-7,200,22,La Salle,United States,/player/BJ-Johnson/Summary/56795,,91.0,,0.545,0.494,6.4,18.9,12.6,5.9,12.6,2.1,2.1,27.6,160.4,-5.0,1.3,106.4,100.0,19.3,2018,-61,177,11
61,Cam Reynolds,,F,6-7,225,23,Tulane,United States,/player/Cam-Reynolds/Summary/57079,,135.0,,0.491,0.464,4.0,15.7,9.7,9.9,10.5,1.4,1.4,22.4,143.8,-1.7,1.1,101.5,105.8,13.5,2018,-61,365,2
61,Joe Chealey,,PG,6-4,190,22,Charleston,United States,/player/Joe-Chealey/Summary/58196,,129.0,,0.549,0.471,2.0,11.1,6.6,22.6,12.8,1.7,0.5,25.8,155.5,0.5,1.4,112.7,102.6,18.7,2018,-61,67,10
61,Malik Newman,,SG,6-3,190,21,Kansas,United States,/player/Malik-Newman/Summary/52036,,68.0,,0.571,0.539,1.6,13.2,7.6,12.5,12.6,1.5,0.4,21.6,161.2,-0.7,1.3,112.4,104.8,15.9,2018,-61,172,12
61,Duop Reath,,C,6-9,245,21,LSU,Australia,/player/Duop-Reath/Summary/102495,,64.0,,0.563,0.551,8.9,16.4,12.7,5.7,14.7,1.0,5.2,24.2,151.9,-5.2,1.3,107.1,109.5,18.2,2018,-61,176,0
61,Allonzo Trier,,SG,6-5,200,22,Arizona,United States,/player/Allonzo-Trier/Summary/42371,,78.0,,0.628,0.566,1.4,11.8,6.9,14.3,12.8,1.0,0.8,24.5,168.5,-1.2,1.6,124.7,104.3,20.5,2018,-61,17,12
61,Johnathan Williams,,PF,6-9,228,23,Gonzaga,United States,/player/Johnathan-Williams/Summary/26757,,143.0,,0.547,0.534,10.5,18.8,14.9,7.1,15.8,1.2,4.2,21.1,141.6,-4.1,1.4,108.2,95.8,17.5,2018,-61,131,9
61,Deng Adel,,SF,6-7,196,21,Louisville,South Sudan/Australia,/player/Deng-Adel/Summary/73139,,89.0,,0.543,0.502,2.6,14.3,8.6,14.2,13.9,1.2,1.1,22.3,156.4,-1.3,1.3,109.5,99.6,15.9,2018,-61,193,11
61,Rawle Alkins,,SG,6-5,225,20,Arizona,United States,/player/Rawle-Alkins/Summary/76386,,60.0,,0.558,0.521,7.4,12.4,10.1,14.1,16.6,2.1,2.1,22.2,154.3,-2.2,1.3,111.3,100.1,17.1,2018,-61,17,12
61,Trevon Bluiett,,SG,6-6,198,23,Xavier,United States,/player/Trevon-Bluiett/Summary/54848,,142.0,,0.574,0.528,4.1,15.0,9.7,13.1,11.5,1.4,0.7,24.3,160.0,-1.1,1.4,116.9,102.6,18.6,2018,-61,421,12
61,Elijah Bryant,,SG,6-5,210,23,Brigham Young,United States,/player/Elijah-Bryant/Summary/80581,,91.0,,0.572,0.515,3.4,15.7,9.7,17.7,16.1,2.3,1.7,27.5,160.2,-3.1,1.4,107.5,97.9,19.5,2018,-61,48,12
61,Tyler Davis,,C,6-10,266,21,Texas A&M,United States/Puerto Rico,/player/Tyler-Davis/Summary/73165,,102.0,,0.632,0.619,13.7,17.0,15.4,9.1,16.3,1.0,4.9,23.9,153.0,-5.2,1.6,118.6,98.2,23.8,2018,-61,354,0
61,Marcus Derrickson,,PF,6-7,271,22,Georgetown,United States,/player/Marcus-Derrickson/Summary/73159,,89.0,,0.606,0.551,7.8,16.8,12.5,10.6,16.6,1.1,2.6,19.8,171.2,-3.0,1.4,114.6,102.2,16.4,2018,-61,124,9
61,Trevon Duval,,PG,6-3,186,19,Duke,United States,/player/Trevon-Duval/Summary/81683,,37.0,,0.489,0.473,2.1,4.9,3.6,30.2,20.8,2.8,0.5,21.2,131.3,3.2,1.1,104.3,102.2,13.1,2018,-61,93,10
61,Kaiser Gates,,SF,6-8,217,21,Xavier,United States,/player/Kaiser-Gates/Summary/83994,,97.0,,0.565,0.537,6.0,16.7,11.5,5.4,10.8,1.3,1.3,14.3,147.5,-1.0,1.3,118.6,102.9,12.5,2018,-61,421,11
61,Zach Lofton,,G,6-4,180,25,New Mexico State,United States,/player/Zach-Lofton/Summary/57172,,99.0,,0.538,0.481,3.3,11.8,7.5,14.1,11.8,2.2,0.6,28.9,151.1,-2.5,1.3,109.0,100.0,19.2,2018,-61,237,6
61,Will Magnay,,C,6-10,234,20,Brisbane (Australia),Australia,/player/Will-Magnay/Summary/106977,AUS NBL,6.0,0.0,0.398,0.333,20.2,9.2,14.4,8.3,5.8,0.0,0.0,20.4,133.3,0.9,0.9,105.1,126.4,9.6,2018,-61,49,0
61,Chima Moneke,,F,6-6,222,22,UC Davis,Nigeria,/player/Chima-Moneke/Summary/97652,,57.0,,0.569,0.529,10.2,28.9,19.8,7.8,15.7,1.9,5.2,29.9,157.0,-7.2,1.5,106.9,89.8,24.2,2018,-61,368,2
61,Brandon Sampson,,SG,6-5,184,21,LSU,United States,/player/Brandon-Sampson/Summary/83899,,85.0,,0.563,0.525,3.0,9.9,6.4,9.0,15.2,1.7,1.2,19.9,151.1,-2.8,1.3,107.0,111.1,13.5,2018,-61,176,12
61,Jared Terrell,,SG,6-3,215,23,Rhode Island,United States,/player/Jared-Terrell/Summary/42283,,134.0,,0.521,0.473,2.6,8.7,5.6,13.4,12.1,2.4,0.7,23.2,153.5,-1.1,1.2,106.6,98.3,14.9,2018,-61,300,12
61,Braian Angola-Rodas,,F,6-6,195,24,Florida State,Colombia,/player/Braian-Angola-Rodas/Summary/42064,,69.0,,0.575,0.523,3.6,11.9,7.9,18.4,14.8,2.5,1.0,21.2,163.6,0.6,1.4,117.0,100.9,17.7,2018,-61,111,2
61,LiAngelo Ball,,SF,6-5,230,19,Vytautas Prienu (Lithuania),United States,/player/LiAngelo-Ball/Summary/87271,LKL,14.0,6.0,0.556,0.541,5.5,10.5,7.9,7.6,9.6,1.6,0.6,26.5,147.3,-2.9,1.2,108.3,120.3,15.7,2018,-61,403,11
61,Joel Berry,,PG,6-0,195,23,North Carolina,United States,/player/Joel-Berry/Summary/41333,,144.0,,0.554,0.511,1.8,9.0,5.5,18.9,11.9,2.4,0.7,21.8,161.9,1.9,1.3,119.3,101.7,17.6,2018,-61,242,10
61,Perrion Callandret,,G,6-2,180,23,Idaho,United States,/player/Perrion-Callandret/Summary/57632,,113.0,,0.535,0.494,2.2,12.5,7.5,15.8,17.8,1.7,1.2,20.3,151.4,-1.7,1.2,103.9,104.5,12.8,2018,-61,147,6
61,Phil Carr,,PF,6-8,205,22,Morgan State,United States,/player/Phil-Carr/Summary/89991,,87.0,,0.515,0.454,8.3,20.1,13.9,8.1,11.4,1.0,3.0,21.4,157.6,-2.7,1.2,108.9,101.0,17.3,2018,-61,226,9
61,Jeffrey Carroll,,SF,6-6,205,23,Oklahoma State,United States,/player/Jeffrey-Carroll/Summary/56859,,118.0,,0.573,0.536,5.5,16.7,11.1,8.9,11.3,1.5,1.0,23.3,158.5,-2.5,1.3,115.9,103.5,19.0,2018,-61,261,11
61,Markel Crawford,,SG,6-4,210,23,Ole Miss,United States,/player/Markel-Crawford/Summary/42199,,127.0,,0.53,0.495,2.9,11.6,7.2,12.9,12.8,2.4,0.7,16.5,146.4,0.2,1.2,108.5,101.6,13.2,2018,-61,263,12
61,Devin Davis,,F,6-6,225,23,Houston,United States,/player/Devin-Davis/Summary/50095,,84.0,,0.512,0.485,9.1,20.3,14.9,6.2,12.9,1.5,3.8,20.6,130.9,-3.9,1.2,104.7,94.1,15.3,2018,-61,143,2
61,Demetrius Denzel-Dyson,,G,6-5,200,23,Samford,United States,/player/Demetrius-Denzel-Dyson/Summary/56945,,116.0,,0.586,0.558,4.6,13.4,9.2,7.4,13.8,1.5,0.8,23.3,158.4,-3.9,1.4,109.9,108.0,16.3,2018,-61,314,6
61,Dikembe Dixson,,PF,6-7,200,21,Illinois-Chicago,United States,/player/Dikembe-Dixson/Summary/84043,,72.0,,0.49,0.432,3.4,13.7,8.7,8.6,16.3,2.1,0.9,30.5,141.0,-7.6,1.2,93.2,102.8,13.9,2018,-61,153,9
61,John Egbunu,,C,6-9,253,23,Florida,Nigeria,/player/John-Egbunu/Summary/57416,,90.0,,0.569,0.568,11.4,17.4,14.4,2.9,17.9,0.9,5.9,19.8,161.2,-6.1,1.5,106.2,97.9,16.7,2018,-61,108,0
61,Marcus Foster,,SG,6-3,205,23,Creighton,United States,/player/Marcus-Foster/Summary/59224,,130.0,,0.555,0.533,2.0,9.7,6.0,17.0,12.7,1.4,0.4,29.1,154.2,-1.9,1.2,106.7,103.4,17.6,2018,-61,82,12
61,Rob Gray,,PG,6-4,185,24,Houston,United States/France,/player/Rob-Gray/Summary/24694,,91.0,,0.559,0.518,2.7,9.3,6.0,21.7,10.8,2.3,0.6,31.4,159.9,-,1.3,116.1,99.6,23.5,2018,-61,143,10
61,Johnny Hamilton,,C,7-0,230,24,Texas-Arlington,United States,/player/Johnny-Hamilton/Summary/89326,,54.0,,0.634,0.625,14.4,21.7,18.2,5.0,17.4,1.1,11.3,20.5,125.8,-5.6,1.6,117.3,94.3,23.1,2018,-61,360,0
61,D.J. Hogg,,SF,6-9,225,21,Texas A&M,United States,/player/DJ-Hogg/Summary/73143,,91.0,,0.519,0.502,4.5,13.3,9.0,15.3,14.2,1.7,2.6,20.1,141.5,-0.2,1.1,106.8,98.8,14.6,2018,-61,354,11
61,Darin Johnson,,G,6-5,191,23,Delaware 87ers,United States,/player/Darin-Johnson/Summary/56852,CIBACOPA,10.0,10.0,0.496,0.463,3.8,6.3,5.1,13.5,12.5,1.1,0.5,23.8,137.9,-1.6,1.1,99.2,104.6,10.5,2018,-61,86,6
61,Ismaila Kane,,C,6-9,200,20,Atlanta Metropolitan,United States/Senegal,/player/Ismaila-Kane/Summary/135752,,,,,,,,,,,,,,,,,,,,2018,-61,21,0
61,Nicholas King,,SF,6-7,225,22,Middle Tennessee State,United States,/player/Nicholas-King/Summary/24677,,102.0,,0.537,0.507,10.0,20.1,15.1,11.0,12.8,1.8,1.5,27.9,147.9,-3.7,1.3,108.8,96.2,21.1,2018,-61,213,11
61,Terry Larrier,,SF,6-8,195,22,UConn,United States,/player/Terry-Larrier/Summary/52350,,69.0,,0.491,0.455,4.7,12.7,8.6,6.5,14.0,1.3,1.0,23.9,144.3,-4.6,1.1,96.9,105.0,12.5,2018,-61,374,11
61,Marcus Lee,,C,6-11,225,23,California,United States,/player/Marcus-Lee/Summary/41431,,131.0,,0.598,0.612,13.1,16.6,14.9,5.9,18.4,1.0,7.1,17.1,111.2,-4.4,1.4,113.2,96.1,18.0,2018,-61,63,0
61,Jairus Lyles,,G,6-2,175,22,UMBC,United States,/player/Jairus-Lyles/Summary/57425,,106.0,,0.546,0.503,3.4,16.3,9.6,18.6,12.9,3.3,0.3,29.9,153.5,-2.0,1.3,107.9,100.8,21.4,2018,-61,375,6
61,Brandon McCoy,,C,7-0,250,20,UNLV,United States,/player/Brandon-McCoy/Summary/88822,,33.0,,0.59,0.548,12.7,25.1,19.4,3.5,15.5,0.9,5.7,27.5,160.3,-7.6,1.5,112.4,98.9,23.9,2018,-61,379,0
61,Doral Moore,,C,7-1,280,21,Wake Forest,United States,/player/Doral-Moore/Summary/59514,,92.0,,0.632,0.653,14.3,24.3,19.3,1.8,17.5,0.8,9.6,19.8,115.3,-6.4,1.5,113.4,101.5,21.4,2018,-61,405,0
61,Nuni Omot,,SF,6-9,205,23,Baylor,Kenya/South Sudan,/player/Nuni-Omot/Summary/107003,,59.0,,0.614,0.57,6.7,12.0,9.5,9.9,16.3,1.1,1.9,19.6,170.8,-2.8,1.4,117.6,103.3,15.5,2018,-61,37,11
61,Billy Preston,,PF,6-10,230,20,Kansas,United States,/player/Billy-Preston/Summary/76388,,,,,,,,,,,,,,,,,,,,2018,-61,172,9
61,Jonathan Stark,,PG,6-0,180,23,Murray State,United States,/player/Jonathan-Stark/Summary/57077,,130.0,,0.552,0.508,1.3,8.3,4.8,28.5,14.1,2.0,0.4,26.3,161.8,1.2,1.3,112.7,105.3,18.6,2018,-61,229,10
1,Zaccharie Risacher,ATL,F,6-8,200,19,JL Bourg-en-Bresse (France),Spain/France,/player/Zaccharie-Risacher/Summary/175806,All Leagues,65.0,53.0,0.587,0.556,6.8,15.1,11.0,6.9,14.6,2.0,2.1,22.4,156.4,-4.3,1.3,108.5,104.0,15.2,2024,-1,160,2
2,Alex Sarr,WAS,FC,7-0,224,19,Perth (Australia),France,/player/Alex-Sarr/Summary/162806,All Leagues,30.0,0.0,0.576,0.537,8.8,18.2,13.4,9.4,11.0,1.2,8.0,21.9,148.3,-1.8,1.3,116.0,107.9,21.0,2024,-2,281,5
3,Reed Sheppard,HOU,G,6-3,182,20,Kentucky,United States,/player/Reed-Sheppard/Summary/179670,,33.0,,0.699,0.679,1.6,14.6,8.4,24.1,18.3,4.5,2.5,18.1,188.8,3.2,1.6,128.8,100.5,24.1,2024,-3,174,6
4,Stephon Castle,SAN,G,6-6,215,19,UConn,United States,/player/Stephon-Castle/Summary/163089,,34.0,,0.551,0.507,8.5,13.0,10.9,18.4,13.0,1.8,2.1,22.4,149.4,1.7,1.3,119.8,97.6,19.7,2024,-4,374,6
5,Ron Holland,DET,F,6-8,206,18,NBA G League Ignite,United States,/player/Ron-Holland/Summary/162288,Intercontinental Cup,3.0,3.0,0.478,0.433,10.8,17.0,13.9,5.9,5.9,2.9,1.3,31.0,167.3,-2.3,1.0,103.8,99.4,20.0,2024,-5,231,2
6,Tidjane Salaun,CHA,F,6-8,207,18,Cholet Basket (France),France,/player/Tidjane-Salaun/Summary/162807,All Leagues,54.0,40.0,0.528,0.49,6.6,15.5,10.9,6.8,12.2,2.5,0.9,21.3,147.0,-3.0,1.2,105.0,110.0,13.1,2024,-6,71,2
7,Donovan Clingan,POR,C,7-2,280,20,UConn,United States,/player/Donovan-Clingan/Summary/176054,,74.0,,0.636,0.647,17.1,27.5,22.5,11.3,10.7,1.5,12.6,24.7,142.5,-1.6,1.6,129.3,84.2,34.7,2024,-7,374,0
8,Rob Dillingham,SAN,G,6-2,163,19,Kentucky,United States,/player/Rob-Dillingham/Summary/162009,,32.0,,0.595,0.564,1.4,13.0,7.5,29.5,13.5,2.3,0.3,30.4,171.6,2.3,1.3,117.4,107.7,24.2,2024,-8,174,6
9,Zach Edey,MEM,C,7-4,305,22,Purdue,Canada,/player/Zach-Edey/Summary/133800,,138.0,,0.649,0.621,19.8,26.5,23.3,13.5,12.2,0.6,7.5,32.9,182.7,-4.4,1.7,129.4,94.7,39.8,2024,-9,293,0
10,Cody Williams,UTH,F,6-7,190,19,Colorado,United States,/player/Cody-Williams/Summary/191127,,24.0,,0.62,0.595,3.7,9.7,7.0,10.7,17.2,1.3,2.4,21.5,168.0,-3.4,1.5,111.8,105.5,16.7,2024,-10,77,2
11,Matas Buzelis,CHI,F,6-9,196,19,NBA G League Ignite,United States/Lithuania,/player/Matas-Buzelis/Summary/176589,,,,,,,,,,,,,,,,,,,,2024,-11,231,2
12,Nikola Topic,OKC,PG,6-6,216,18,KK Crvena Zvezda (Serbia),Serbia,/player/Nikola-Topic/Summary/179307,All Leagues,23.0,19.0,0.604,0.551,3.2,11.3,7.3,34.4,16.1,1.9,0.5,23.9,168.2,5.0,1.4,121.4,107.9,19.9,2024,-12,167,10
13,Devin Carter,SAC,G,6-2,195,22,Providence,United States,/player/Devin-Carter/Summary/162039,,97.0,,0.556,0.514,4.6,18.9,11.8,18.7,14.4,2.9,2.9,25.3,150.7,-1.2,1.3,110.9,95.8,22.4,2024,-13,291,6
14,Bub Carrington,POR,G,6-4,195,18,Pittsburgh,United States,/player/Bub-Carrington/Summary/186450,,33.0,,0.53,0.496,1.7,18.0,9.5,24.0,13.0,1.0,0.9,23.1,151.9,2.5,1.2,111.1,103.4,16.9,2024,-14,286,6
15,Kel'el Ware,MIA,PF,7-0,230,20,Indiana,United States,/player/Kelel-Ware/Summary/149694,,65.0,,0.59,0.57,8.1,26.6,17.6,8.9,10.9,1.2,7.3,23.0,153.5,-2.1,1.4,116.5,96.4,24.8,2024,-15,154,9
16,Jared McCain,PHL,G,6-3,195,20,Duke,United States,/player/Jared-McCain/Summary/161548,,36.0,,0.611,0.577,3.3,16.3,10.0,11.0,10.1,2.0,0.2,21.2,176.1,-0.2,1.4,123.4,99.7,20.2,2024,-16,93,6
17,Dalton Knecht,LAL,F,6-6,215,23,Tennessee,United States,/player/Dalton-Knecht/Summary/166488,,103.0,,0.579,0.545,2.0,16.8,9.9,10.0,10.7,1.0,1.3,26.3,161.3,-2.0,1.3,111.4,104.5,20.6,2024,-17,349,2
18,Tristan Da Silva,ORL,F,6-8,217,23,Colorado,Germany/Brazil,/player/Tristan-Da-Silva/Summary/150739,,124.0,,0.592,0.562,4.5,12.4,8.6,11.9,14.1,1.9,1.5,21.8,166.5,-2.1,1.3,113.6,98.9,18.8,2024,-18,77,2
19,Ja'Kobe Walter,TOR,F,6-5,180,19,Baylor,United States,/player/JaKobe-Walter/Summary/170128,,35.0,,0.541,0.474,5.9,13.1,9.6,8.1,9.1,1.9,0.8,23.6,150.9,-1.2,1.3,118.5,105.8,17.7,2024,-19,37,2
20,Jaylon Tyson,CLE,F,6-6,215,21,California,United States,/player/Jaylon-Tyson/Summary/162380,,70.0,,0.563,0.532,6.3,18.3,12.4,16.0,15.2,2.4,1.6,25.1,161.8,-2.5,1.3,109.8,99.8,21.0,2024,-20,63,2
21,Yves Missi,NOP,C,6-11,236,20,Baylor,Cameroon,/player/Yves-Missi/Summary/188144,,34.0,,0.622,0.614,15.9,17.8,16.9,3.4,11.7,1.5,7.3,21.8,123.0,-4.0,1.6,125.6,102.1,25.3,2024,-21,37,0
22,DaRon Holmes II,PHX,PF,6-9,236,21,Dayton,United States,/player/DaRon-Holmes-II/Summary/139163,,102.0,,0.629,0.606,8.4,20.1,14.7,13.2,12.5,1.3,7.5,26.4,161.7,-2.3,1.6,122.4,93.4,28.9,2024,-22,84,9
23,A.J. Johnson,MIL,G,6-5,160,19,Illawarra (Australia),United States,/player/AJ-Johnson/Summary/161547,All Leagues,29.0,0.0,0.42,0.409,3.5,12.6,8.0,13.9,16.8,1.3,1.6,21.2,117.1,-1.8,0.9,85.8,112.2,7.1,2024,-23,150,6
24,Kyshawn George,NYK,F,6-7,209,20,Miami (FL),Switzerland,/player/Kyshawn-George/Summary/137573,,31.0,,0.582,0.566,2.4,13.1,7.9,16.3,19.1,2.1,1.8,17.7,161.2,-0.5,1.2,107.8,104.8,14.1,2024,-24,210,2
25,Pacome Dadiet,NYK,SF,6-8,210,18,Ratiopharm Ulm (Germany),France,/player/Pacome-Dadiet/Summary/162803,All Leagues,59.0,1.0,0.619,0.59,6.2,13.0,9.6,6.2,13.5,1.9,1.0,18.5,160.3,-2.8,1.4,115.9,110.7,14.3,2024,-25,297,11
26,Dillon Jones,WAS,PG,6-5,240,22,Weber State,United States,/player/Dillon-Jones/Summary/135508,,119.0,,0.605,0.542,4.3,32.6,18.8,21.4,17.9,3.1,0.2,24.4,164.1,-1.2,1.5,114.0,93.1,25.0,2024,-26,408,10
27,"Terrence Shannon, Jr.",MIN,F,6-6,217,23,Illinois,United States,/player/Terrence-Shannon-Jr/Summary/134233,,146.0,,0.588,0.526,4.1,12.0,8.2,13.7,12.7,2.1,1.7,25.9,159.9,-2.0,1.5,117.7,96.5,22.7,2024,-27,151,2
28,Ryan Dunn,DEN,G,6-8,220,21,Virginia,United States,/player/Ryan-Dunn/Summary/162315,,65.0,,0.565,0.567,9.2,23.3,16.1,5.4,11.7,2.7,10.6,15.5,130.5,-1.6,1.3,112.4,88.3,20.6,2024,-28,397,6
29,Isaiah Collier,UTH,G,6-3,210,19,USC,United States,/player/Isaiah-Collier/Summary/160206,,27.0,,0.567,0.533,2.7,10.0,6.3,30.6,18.7,2.8,0.8,30.0,150.1,-1.5,1.4,105.6,105.8,19.9,2024,-29,380,6
30,Baylor Scheierman,BOS,PG,6-6,213,23,Creighton,United States,/player/Baylor-Scheierman/Summary/134595,,162.0,,0.601,0.569,2.9,24.4,14.5,20.0,15.3,1.7,0.6,22.0,167.2,1.0,1.4,116.7,98.0,21.7,2024,-30,82,10
31,Jonathan Mogbo,TOR,F,6-9,225,22,San Francisco,United States,/player/Jonathan-Mogbo/Summary/135126,,64.0,,0.618,0.619,13.6,27.7,20.7,18.4,15.8,3.0,3.9,20.6,119.8,-0.3,1.5,120.8,90.0,27.3,2024,-31,317,2
32,Kyle Filipowski,UTH,C,6-11,250,20,Duke,United States,/player/Kyle-Filipowski/Summary/176056,,72.0,,0.554,0.516,9.9,24.9,17.6,15.1,13.9,2.4,4.0,28.7,150.5,-3.0,1.3,112.2,91.9,25.6,2024,-32,93,0
33,Tyler Smith,MIL,F,6-9,220,19,NBA G League Ignite,United States,/player/Tyler-Smith/Summary/170123,Intercontinental Cup,3.0,0.0,0.426,0.393,14.3,9.2,11.7,11.8,8.4,2.5,4.5,25.6,123.6,-0.5,1.0,98.6,104.5,16.7,2024,-33,231,2
34,Tyler Kolek,POR,G,6-3,195,23,Marquette,United States,/player/Tyler-Kolek/Summary/150699,,121.0,,0.554,0.517,2.2,13.2,7.8,34.6,18.8,2.8,0.4,20.7,161.0,5.3,1.2,112.4,99.8,19.5,2024,-34,202,6
35,Johnny Furphy,SAN,F,6-7,195,19,Kansas,Australia,/player/Johnny-Furphy/Summary/205398,,33.0,,0.609,0.573,7.2,17.6,12.7,7.1,10.3,2.0,1.6,17.6,158.3,-0.7,1.4,120.2,99.2,17.4,2024,-35,172,2
36,Juan Nunez,IND,PG,6-4,190,20,Ratiopharm Ulm (Germany),Spain,/player/Juan-Nunez/Summary/152515,All Leagues,54.0,40.0,0.543,0.521,4.1,15.3,9.6,34.5,20.1,3.8,0.2,22.6,139.5,4.2,1.2,108.5,106.2,17.3,2024,-36,297,10
37,Bobi Klintman,MIN,F,6-9,225,21,Cairns (Australia),Sweden,/player/Bobi-Klintman/Summary/147161,All Leagues,26.0,8.0,0.571,0.513,4.6,18.6,11.8,6.6,16.3,2.3,2.1,20.8,158.5,-4.6,1.3,103.2,108.4,13.9,2024,-37,59,2
38,Ajay Mitchell,NYK,PG,6-4,204,22,UC Santa Barbara,Belgium,/player/Ajay-Mitchell/Summary/139191,,91.0,,0.604,0.546,1.0,10.4,6.0,27.2,14.2,2.0,1.0,25.4,166.0,2.2,1.5,119.2,101.7,22.7,2024,-38,370,10
39,Jaylen Wells,MEM,F,6-7,206,20,Washington State,United States,/player/Jaylen-Wells/Summary/188834,,34.0,,0.585,0.545,5.0,14.0,9.0,8.0,5.9,1.0,-,20.0,166.7,-,1.3,127.0,102.0,19.0,2024,-39,407,2
40,Oso Ighodaro,POR,F,7-0,235,21,Marquette,United States,/player/Oso-Ighodaro/Summary/151448,,109.0,,0.628,0.624,8.4,15.0,11.8,16.1,14.8,1.8,5.0,17.7,124.0,0.7,1.5,122.8,99.4,21.6,2024,-40,202,2
41,Adem Bona,PHL,C,6-10,235,21,UCLA,Nigeria/Turkey,/player/Adem-Bona/Summary/137855,,66.0,,0.634,0.621,10.6,18.2,14.3,8.3,19.4,2.1,9.0,20.8,127.3,-5.3,1.6,113.9,91.7,22.4,2024,-41,373,0
42,K.J. Simpson,CHA,G,6-0,189,21,Colorado,United States,/player/KJ-Simpson/Summary/151391,,98.0,,0.546,0.488,2.7,14.5,8.8,26.7,14.6,2.6,0.4,26.7,161.0,1.0,1.3,110.7,98.9,20.8,2024,-42,77,6
43,Nikola Djurisic,MIA,F,6-8,209,20,KK Mega Bemax (Serbia),Belgium/Serbia,/player/Nikola-Djurisic/Summary/152577,All Leagues,36.0,34.0,0.559,0.495,1.7,10.2,6.0,18.6,19.5,2.1,1.4,25.4,151.3,-3.0,1.4,102.4,112.7,13.7,2024,-43,168,2
44,Pelle Larsson,HOU,SG,6-5,215,23,Arizona,Sweden,/player/Pelle-Larsson/Summary/121029,,133.0,,0.62,0.57,3.9,12.1,8.3,17.8,19.7,1.7,1.1,17.8,170.0,-,1.5,116.5,99.0,16.3,2024,-44,17,12
45,Jamal Shead,SAC,G,6-1,200,21,Houston,United States,/player/Jamal-Shead/Summary/148713,,138.0,,0.498,0.465,2.4,9.7,6.1,33.7,15.9,3.7,1.4,21.5,148.0,5.9,1.1,112.5,89.4,19.5,2024,-45,143,6
46,Cameron Christie,LAC,SG,6-6,190,18,Minnesota,United States,/player/Cameron-Christie/Summary/192084,,33.0,,0.546,0.516,1.1,14.3,7.8,13.7,10.0,1.2,1.1,19.8,158.5,1.2,1.2,110.6,108.0,14.2,2024,-46,217,12
47,Antonio Reeves,ORL,GF,6-5,189,23,Kentucky,United States,/player/Antonio-Reeves/Summary/127856,,156.0,,0.569,0.535,2.4,10.0,6.2,9.2,10.5,1.3,0.9,25.3,163.7,-2.2,1.3,112.1,107.7,18.7,2024,-47,174,8
48,Harrison Ingram,SAN,F,6-5,230,21,North Carolina,United States,/player/Harrison-Ingram/Summary/135416,,102.0,,0.501,0.479,8.3,20.1,14.2,18.4,14.9,2.0,1.4,21.5,137.9,-,1.1,106.7,99.8,17.5,2024,-48,242,2
49,Tristen Newton,IND,SG,6-5,190,23,UConn,United States,/player/Tristen-Newton/Summary/135028,,157.0,,0.545,0.472,3.9,14.9,9.5,29.3,17.5,2.1,1.0,22.8,155.9,2.4,1.3,112.2,98.3,19.4,2024,-49,374,12
50,Enrique Freeman,IND,F,6-7,220,23,Akron,United States,/player/Enrique-Freeman/Summary/157173,,132.0,,0.65,0.636,13.6,31.7,22.9,10.4,15.3,1.2,5.5,23.6,164.7,-4.0,1.6,124.6,90.6,30.3,2024,-50,6,2
51,Melvin Ajinca,NYK,SF,6-8,218,20,Saint-Quentin Basketball (France),France,/player/Melvin-Ajinca/Summary/152393,All Leagues,35.0,29.0,0.56,0.521,4.9,13.0,8.9,5.3,7.5,1.1,0.3,19.2,157.1,-1.1,1.2,114.5,107.4,12.6,2024,-51,313,11
52,Quinten Post,GOS,C,7-0,238,24,Boston College,Netherlands,/player/Quinten-Post/Summary/142361,,124.0,,0.588,0.556,9.0,20.8,14.9,14.1,15.8,1.4,5.6,25.9,168.4,-3.7,1.3,111.6,98.4,24.1,2024,-52,43,0
53,Cam Spencer,DET,SG,6-3,201,24,UConn,United States,/player/Cam-Spencer/Summary/134471,,132.0,,0.604,0.568,2.9,13.1,8.1,19.8,9.1,2.9,0.6,20.7,176.4,3.2,1.3,125.9,96.6,22.8,2024,-53,374,12
54,Anton Watson,BOS,SF,6-8,225,23,Gonzaga,United States,/player/Anton-Watson/Summary/132419,,151.0,,0.618,0.609,8.9,15.9,12.7,12.8,12.7,3.3,2.4,18.1,151.9,0.8,1.5,126.6,92.4,23.2,2024,-54,131,11
55,Bronny James,LAL,G,6-2,212,19,USC,United States,/player/Bronny-James/Summary/117543,,25.0,,0.472,0.438,1.8,17.2,9.4,19.5,17.4,2.2,1.2,16.3,130.9,1.7,1.1,97.1,106.3,10.6,2024,-55,380,6
56,"Kevin McCullar, Jr.",PHX,PG,6-6,210,23,Kansas,United States,/player/Kevin-McCullar-Jr/Summary/132445,,138.0,,0.54,0.491,4.7,17.8,11.5,16.1,15.7,3.2,2.0,21.7,150.6,-0.9,1.3,106.8,91.5,18.5,2024,-56,172,10
57,Ulrich Chomche,MEM,PF,6-11,235,18,NBA Academy Africa (Senegal),Cameroon,/player/Ulrich-Chomche/Summary/155584,BAL - Qual,3.0,3.0,0.561,0.545,4.6,20.6,13.6,19.0,30.1,2.2,7.5,23.4,155.5,-9.3,1.2,89.8,75.9,20.5,2024,-57,230,9
58,Ariel Hukporti,DAL,C,6-11,246,22,MHP Riesen (Germany),Germany/Togo,/player/Ariel-Hukporti/Summary/116911,All Leagues,43.0,20.0,0.588,0.563,15.2,27.9,21.6,6.4,19.6,1.4,7.0,20.3,118.0,-6.1,1.4,110.0,100.6,19.6,2024,-58,197,0
61,Trey Alexander,,SG,6-4,185,21,Creighton,United States,/player/Trey-Alexander/Summary/126849,,107.0,,0.549,0.508,1.5,14.0,8.3,19.0,14.1,1.7,1.1,22.2,162.2,0.8,1.2,108.8,99.0,17.3,2024,-61,82,12
61,Taran Armstrong,,G,6-5,190,22,Cairns (Australia),Australia,/player/Taran-Armstrong/Summary/137217,All Leagues,26.0,16.0,0.548,0.5,3.3,16.6,10.1,21.1,19.2,1.7,0.3,16.8,140.0,1.7,1.3,105.7,111.8,12.1,2024,-61,59,6
61,Jamison Battle,,SF,6-7,220,23,Ohio State,United States,/player/Jamison-Battle/Summary/134475,,138.0,,0.565,0.538,1.9,15.5,8.9,7.0,10.6,0.8,1.1,22.3,163.3,-2.4,1.2,106.6,106.9,16.2,2024,-61,259,11
61,Reece Beekman,,PG,6-1,190,22,Virginia,United States,/player/Reece-Beekman/Summary/139169,,126.0,,0.512,0.472,1.6,11.9,6.8,31.5,14.6,3.6,2.1,19.2,151.5,6.2,1.2,109.2,96.5,19.1,2024,-61,397,10
61,"Keion Brooks, Jr.",,SF,6-7,210,23,Washington,United States,/player/Keion-Brooks-Jr/Summary/117419,,142.0,,0.549,0.501,6.9,16.2,11.8,7.9,13.0,1.3,2.9,25.4,156.2,-4.0,1.3,108.4,99.8,19.8,2024,-61,406,11
61,Boo Buie,,G,6-2,180,24,Northwestern,United States,/player/Boo-Buie/Summary/151768,,149.0,,0.527,0.483,1.6,9.3,5.4,28.8,13.1,1.8,0.4,27.2,158.0,2.2,1.2,106.1,104.0,18.6,2024,-61,253,6
61,Isaiah Crawford,,GF,6-6,220,22,Louisiana Tech,United States,/player/Isaiah-Crawford/Summary/136966,,115.0,,0.576,0.547,6.1,15.9,11.0,15.8,15.8,3.3,3.7,24.0,158.1,-2.5,1.4,111.4,91.3,22.8,2024,-61,192,8
61,RayJ Dennis,,PG,6-2,180,23,Baylor,United States,/player/RayJ-Dennis/Summary/134550,,164.0,,0.551,0.524,2.3,12.8,7.7,27.1,16.0,2.1,0.4,22.0,153.5,2.8,1.2,112.0,101.7,18.9,2024,-61,37,10
61,Jesse Edwards,,C,7-0,237,24,West Virginia,Netherlands,/player/Jesse-Edwards/Summary/151698,,118.0,,0.63,0.624,11.6,20.4,16.2,8.0,13.7,2.1,9.9,20.8,144.2,-3.1,1.6,121.8,98.0,26.5,2024,-61,410,0
61,Justin Edwards,,SF,6-7,203,20,Kentucky,United States,/player/Justin-Edwards/Summary/162788,,32.0,,0.582,0.557,7.0,11.5,9.4,6.9,10.1,2.2,1.1,18.8,162.6,-0.9,1.3,118.3,107.2,16.5,2024,-61,174,11
61,Trentyn Flowers,,F,6-9,185,19,Adelaide (Australia),United States,/player/Trentyn-Flowers/Summary/191124,All Leagues,21.0,8.0,0.526,0.489,3.9,18.8,11.4,7.0,21.9,0.8,0.6,19.9,144.2,-6.8,1.2,89.7,115.2,8.4,2024,-61,3,2
61,P.J. Hall,,PF,6-10,245,22,Clemson,United States,/player/PJ-Hall/Summary/135514,,120.0,,0.582,0.546,7.6,18.5,13.3,10.8,11.3,1.4,5.4,30.1,160.9,-3.4,1.3,112.7,98.4,25.9,2024,-61,74,9
61,Daniss Jenkins,,G,6-3,185,22,St. John's,United States,/player/Daniss-Jenkins/Summary/151862,,118.0,,0.501,0.466,2.6,8.9,5.5,21.7,13.1,1.7,1.4,23.4,154.2,1.5,1.1,104.4,100.0,16.4,2024,-61,337,6
61,Keshad Johnson,,SF,6-7,225,23,Arizona,United States,/player/Keshad-Johnson/Summary/134665,,149.0,,0.581,0.562,8.3,17.4,12.9,8.8,13.7,1.7,3.1,17.7,147.2,-1.7,1.4,116.4,92.5,18.8,2024,-61,17,11
61,Isaac Jones,,C,6-9,245,23,Washington State,United States,/player/Isaac-Jones/Summary/181648,,66.0,,0.633,0.607,8.5,21.9,14.9,10.9,12.5,1.0,3.0,25.3,150.8,-2.0,1.6,122.9,100.3,27.3,2024,-61,407,0
61,Spencer Jones,,SF,6-7,225,23,Stanford,United States,/player/Spencer-Jones/Summary/136116,,146.0,,0.576,0.561,5.4,12.0,8.8,8.7,11.0,2.1,3.1,19.7,154.0,-1.3,1.3,113.5,99.3,17.7,2024,-61,338,11
61,Riley Minix,,SF,6-7,230,23,Morehead State,United States,/player/Riley-Minix/Summary/164271,,35.0,,0.636,0.599,12.0,22.0,17.0,14.0,12.3,2.0,3.0,28.0,172.9,-2.0,1.5,127.0,91.0,31.0,2024,-61,224,11
61,Quincy Olivari,,G,6-3,200,23,Xavier,United States,/player/Quincy-Olivari/Summary/148699,,147.0,,0.558,0.519,1.8,18.1,10.1,12.1,12.0,1.7,0.1,26.7,158.9,-2.4,1.3,107.1,103.9,18.9,2024,-61,421,6
61,Zyon Pullin,,PG,6-4,202,23,Florida,United States,/player/Zyon-Pullin/Summary/155671,,142.0,,0.554,0.5,1.7,14.2,8.0,26.3,13.7,1.4,0.2,23.1,162.8,2.6,1.3,114.3,100.9,19.7,2024,-61,108,10
61,Isaiah Stevens,,PG,6-0,185,23,Colorado State,United States,/player/Isaiah-Stevens/Summary/134100,,153.0,,0.577,0.537,1.8,10.1,6.1,32.7,14.7,1.8,0.5,24.0,172.3,4.3,1.3,115.5,104.4,21.0,2024,-61,78,10
61,Nae'qwan Tomlin,,F,6-9,210,23,Memphis,United States,/player/Naeqwan-Tomlin/Summary/178124,,57.0,,0.608,0.581,10.0,16.0,13.0,6.5,11.0,1.6,4.0,19.4,162.1,-1.4,1.4,121.5,99.1,20.6,2024,-61,208,2
61,Cui Yongxi,,G,6-5,190,21,Guangzhou Loong Lions (China),China,/player/Cui-Yongxi/Summary/150520,CBA,56.0,51.0,0.568,0.53,5.6,14.0,9.9,14.2,14.3,2.4,1.1,21.6,160.8,-0.8,1.3,112.4,110.8,15.4,2024,-61,135,6
61,Jahmir Young,,PG,6-2,185,23,Maryland,United States,/player/Jahmir-Young/Summary/128490,,152.0,,0.554,0.489,3.2,15.7,9.5,22.7,12.8,2.2,1.2,28.2,161.3,-0.3,1.3,111.1,99.9,23.2,2024,-61,204,10
61,Max Abmas,,GF,5-11,172,23,Texas,United States,/player/Max-Abmas/Summary/136846,,157.0,,0.586,0.543,1.3,9.1,5.3,18.6,10.4,1.8,0.4,27.1,170.3,0.8,1.3,118.8,104.7,23.0,2024,-61,353,8
61,Philip Alston,,PF,6-6,235,22,Loyola (IL),United States,/player/Philip-Alston/Summary/138205,,60.0,,0.536,0.497,8.5,16.0,12.0,7.0,13.8,1.0,3.5,29.0,145.3,-5.5,1.3,101.7,100.6,18.1,2024,-61,194,9
61,Mark Armstrong,,G,6-2,180,20,Villanova,United States,/player/Mark-Armstrong/Summary/176089,,68.0,,0.49,0.458,1.4,11.0,6.2,16.4,16.2,2.2,0.9,21.0,148.2,-1.0,1.1,94.2,102.5,11.5,2024,-61,396,6
61,Armando Bacot,,PF,6-10,240,24,North Carolina,United States,/player/Armando-Bacot/Summary/117430,,169.0,,0.589,0.554,13.8,26.0,20.0,9.4,13.2,1.3,4.7,23.2,144.0,-3.2,1.5,119.9,95.3,26.7,2024,-61,242,9
61,RaeQuan Battle,,G,6-5,195,23,West Virginia,United States,/player/RaeQuan-Battle/Summary/134149,,126.0,,0.542,0.495,3.4,11.2,7.4,7.3,10.9,1.8,2.2,27.9,158.1,-3.8,1.2,105.5,103.2,18.6,2024,-61,410,6
61,Darius Brown II,,G,6-2,195,24,Utah State,United States,/player/Darius-Brown-II/Summary/140222,,165.0,,0.567,0.529,2.7,12.5,7.6,28.1,15.7,2.6,0.4,16.2,164.3,5.3,1.3,118.2,105.5,16.6,2024,-61,388,6
61,Jamir Chaplin,,GF,6-5,200,23,Little Rock,United States,/player/Jamir-Chaplin/Summary/135386,,132.0,,0.548,0.527,7.7,12.4,10.0,10.1,11.4,2.0,2.0,18.9,140.6,-1.1,1.3,113.1,102.1,17.9,2024,-61,188,8
61,Dyson Disu,,F,6-9,225,23,Texas,United States,/player/Dyson-Disu/Summary/134304,,136.0,,0.568,0.54,6.6,21.9,14.2,9.9,13.9,2.3,5.4,22.5,156.1,-3.0,1.3,109.3,95.3,20.7,2024,-61,353,2
61,Marcus Domask,,SF,6-6,215,24,Illinois,United States,/player/Marcus-Domask/Summary/117466,,144.0,,0.563,0.513,3.3,15.1,9.4,22.0,14.7,1.3,1.4,24.7,164.9,-0.1,1.3,110.7,100.1,20.2,2024,-61,151,11
61,Boogie Ellis,,PG,6-2,190,23,USC,United States,/player/Boogie-Ellis/Summary/107545,,154.0,,0.54,0.506,1.5,10.6,6.3,16.0,12.1,2.3,0.6,23.6,153.9,-0.4,1.2,108.6,97.4,17.1,2024,-61,380,10
61,Tristan Enaruna,,PF,6-8,220,23,Cleveland State,Netherlands,/player/Tristan-Enaruna/Summary/118675,,158.0,,0.55,0.517,8.4,15.1,11.8,11.1,12.7,2.1,3.5,24.0,145.7,-2.4,1.3,111.3,96.6,22.0,2024,-61,75,9
61,Aaron Estrada,,G,6-3,190,23,Alabama,United States,/player/Aaron-Estrada/Summary/149923,,137.0,,0.552,0.522,3.1,15.0,9.2,25.1,15.5,2.5,0.6,25.7,165.9,0.5,1.2,109.9,100.7,21.2,2024,-61,8,6
61,Max Fiedler,,PF,6-11,230,23,Rice,United States,/player/Max-Fiedler/Summary/138324,,148.0,,0.663,0.659,12.7,21.4,17.2,29.4,23.2,1.6,3.3,17.7,144.9,1.5,1.5,124.0,102.2,24.4,2024,-61,301,9
61,Josiah James,,SF,6-6,214,23,Tennessee,United States,/player/Josiah-James/Summary/117436,,144.0,,0.509,0.472,5.9,18.4,12.2,14.0,13.6,2.7,3.2,18.1,152.3,-,1.1,107.4,90.1,16.5,2024,-61,349,11
61,K.J. Jones II,,GF,6-6,190,23,Emmanuel (GA),United States,/player/KJ-Jones-II/Summary/133985,,143.0,,0.643,0.545,-,-,-,-,14.5,-,-,-,171.8,-,1.8,-,-,-,2024,-61,100,8
61,Jalen Lewis,,C,6-10,223,19,Overtime Elite (Georgia),United States,/player/Jalen-Lewis/Summary/162022,,,,,,,,,,,,,,,,,,,,2024,-61,270,0
61,Jarod Lucas,,PG,6-4,195,24,Nevada,United States,/player/Jarod-Lucas/Summary/103937,,162.0,,0.576,0.512,1.7,7.6,4.7,8.1,7.1,1.2,-,22.8,166.9,-0.5,1.4,117.9,108.6,17.9,2024,-61,235,10
61,Judah Mintz,,G,6-3,172,20,Syracuse,United States,/player/Judah-Mintz/Summary/149768,,64.0,,0.534,0.467,1.5,8.0,4.8,26.4,14.0,3.3,0.4,28.6,149.1,1.0,1.3,107.9,106.5,20.9,2024,-61,344,6
61,David Muoka,,C,6-10,235,23,Long Island Nets,Hong Kong,/player/David-Muoka/Summary/152615,,,,,,,,,,,,,,,,,,,,2024,-61,190,0
61,"Jameer Nelson, Jr.",,G,6-1,205,22,TCU,United States,/player/Jameer-Nelson-Jr/Summary/132843,,137.0,,0.535,0.492,3.1,12.8,8.0,18.7,17.5,3.8,1.5,25.7,148.1,-2.8,1.3,101.3,100.0,18.7,2024,-61,345,6
61,Josh Oduro,,C,6-9,240,23,Providence,United States,/player/Josh-Oduro/Summary/128487,,148.0,,0.571,0.541,10.0,19.6,14.9,14.4,15.1,1.6,4.6,26.3,147.6,-3.7,1.4,110.4,96.3,23.7,2024,-61,291,0
61,Cormac Ryan,,SG,6-5,195,25,North Carolina,United States,/player/Cormac-Ryan/Summary/116243,,152.0,,0.541,0.504,2.5,12.1,7.5,11.7,12.4,1.8,1.0,18.8,157.3,-0.2,1.2,107.8,104.1,13.4,2024,-61,242,12
61,Babacar Sane,,F,6-7,230,20,NBA G League Ignite,Senegal,/player/Babacar-Sane/Summary/153120,Intercontinental Cup,3.0,3.0,0.678,0.591,5.6,25.9,15.9,8.0,6.4,0.0,0.0,20.0,170.2,0.0,1.8,139.0,100.9,23.4,2024,-61,231,2
61,Donta Scott,,SF,6-8,230,23,Maryland,United States,/player/Donta-Scott/Summary/117437,,162.0,,0.534,0.501,5.8,15.7,10.8,9.2,11.4,1.3,2.2,19.7,153.2,-1.4,1.2,109.2,99.9,16.6,2024,-61,204,11
61,Jamarion Sharp,,C,7-5,235,22,Ole Miss,United States,/player/Jamarion-Sharp/Summary/138394,,95.0,,0.631,0.664,10.3,19.7,15.0,2.6,13.3,1.7,16.7,11.3,113.9,-1.3,1.6,122.7,92.6,21.7,2024,-61,263,0
61,Joel Soriano,,F,6-10,256,24,St. John's,United States/Dominican Republic,/player/Joel-Soriano/Summary/134224,,140.0,,0.588,0.555,13.8,25.6,19.6,8.8,13.7,0.6,6.6,20.3,169.0,-2.7,1.4,117.9,96.9,23.6,2024,-61,337,2
61,Hason Ward,,C,6-8,214,23,Iowa State,Barbados,/player/Hason-Ward/Summary/135184,,130.0,,0.607,0.597,10.2,19.8,15.0,9.0,17.5,2.8,10.5,17.4,124.0,-3.0,1.4,112.9,86.2,21.6,2024,-61,159,0
61,Bryson Warren,,G,6-3,185,19,Sioux Falls Skyforce,United States,/player/Bryson-Warren/Summary/162128,,,,,,,,,,,,,,,,,,,,2024,-61,326,6
61,Jaylin Williams,,PF,6-8,245,23,Auburn,United States,/player/Jaylin-Williams/Summary/117468,,141.0,,0.602,0.575,5.9,14.2,10.1,14.6,13.1,1.7,3.8,19.9,163.3,-0.4,1.4,120.0,98.0,20.9,2024,-61,22,9
61,Jalen Bridges,,F,6-8,225,23,Baylor,United States,/player/Jalen-Bridges/Summary/134492,,130.0,,0.6,0.568,9.3,14.2,11.7,6.7,9.5,1.9,2.9,16.4,163.7,-0.8,1.4,127.7,102.5,19.4,2024,-61,37,2
61,Branden Carlson,,PF,7-0,227,25,Utah,United States,/player/Branden-Carlson/Summary/106474,,146.0,,0.584,0.56,7.1,18.1,12.8,9.8,12.0,0.7,6.5,24.8,159.4,-2.8,1.3,112.8,98.8,23.2,2024,-61,387,9
61,N'Faly Dante,,PF,6-11,265,22,Oregon,Mali,/player/NFaly-Dante/Summary/107998,,104.0,,0.649,0.654,12.5,23.9,18.2,8.9,16.8,2.8,6.0,23.0,124.5,-4.9,1.6,118.6,94.1,28.8,2024,-61,267,9
61,Alex Ducas,,G,6-6,215,23,Saint Mary's,Australia,/player/Alex-Ducas/Summary/131564,,150.0,,0.586,0.563,4.3,15.6,10.0,7.3,11.2,1.7,0.8,18.1,166.7,-1.2,1.3,117.4,96.1,16.9,2024,-61,312,6
61,David Jones,,SF,6-5,210,22,Memphis,Dominican Republic,/player/David-Jones/Summary/119546,,100.0,,0.529,0.492,8.6,18.8,13.7,13.1,13.3,3.2,2.2,28.9,152.6,-3.6,1.2,107.8,98.4,23.6,2024,-61,208,11
61,Malevy Leons,,PF,6-9,196,24,Bradley,Netherlands,/player/Malevy-Leons/Summary/123809,,101.0,,0.606,0.561,7.7,15.7,12.0,7.3,12.7,1.7,4.3,17.8,163.1,-1.0,1.5,121.8,93.6,20.4,2024,-61,47,9
61,Emanuel Miller,,SF,6-7,215,24,TCU,Canada,/player/Emanuel-Miller/Summary/109054,,147.0,,0.556,0.518,9.2,17.8,13.5,11.1,13.0,1.7,2.0,21.2,154.6,-2.0,1.3,113.3,98.6,19.9,2024,-61,345,11
61,Tolu Smith,,F,6-11,250,23,Mississippi State,United States,/player/Tolu-Smith/Summary/140642,,142.0,,0.585,0.571,13.1,19.3,16.2,10.1,16.6,1.3,2.5,25.1,116.8,-5.4,1.5,111.4,98.9,21.4,2024,-61,218,2
61,Armel Traore,,SF,6-9,245,21,ADA Blois Basket (France),France,/player/Armel-Traore/Summary/148866,All Leagues,35.0,30.0,0.6,0.578,11.2,23.1,17.2,10.7,16.4,1.3,3.0,19.6,147.2,-3.1,1.4,112.1,109.7,17.1,2024,-61,0,11
61,Quincy Guerrier,,F,6-7,220,25,Illinois,Canada,/player/Quincy-Guerrier/Summary/107913,,169.0,,0.545,0.526,8.3,17.7,13.1,5.1,11.5,1.2,2.3,19.8,140.2,-2.8,1.3,111.7,101.4,17.3,2024,-61,151,2
61,Blake Hinson,,SG,6-8,230,24,Pittsburgh,United States,/player/Blake-Hinson/Summary/105343,,129.0,,0.562,0.539,4.3,13.7,9.0,7.5,11.2,1.1,1.2,22.5,149.2,-2.5,1.3,110.7,104.6,15.1,2024,-61,286,12
61,Jaedon LeDee,,SG,6-9,240,24,San Diego State,United States,/player/Jaedon-LeDee/Summary/89959,,154.0,,0.594,0.539,13.4,18.5,16.0,8.1,12.3,1.9,2.3,24.9,158.4,-3.6,1.6,120.4,97.6,23.3,2024,-61,316,12
61,Gabe McGlothan,,PF,6-7,235,25,Grand Canyon,United States,/player/Gabe-McGlothan/Summary/107957,,156.0,,0.581,0.551,9.4,20.2,15.0,6.5,14.4,1.6,2.5,19.6,156.2,-3.4,1.4,114.9,95.1,17.6,2024,-61,132,9
61,Tyrese Samuel,,PF,6-10,240,24,Florida,Canada,/player/Tyrese-Samuel/Summary/120101,,153.0,,0.562,0.551,10.9,17.5,14.3,8.3,14.2,2.0,3.5,21.7,138.1,-3.5,1.4,111.4,97.5,20.9,2024,-61,108,9
61,Keisei Tominaga,,G,6-2,175,23,Nebraska,Japan,/player/Keisei-Tominaga/Summary/133958,,94.0,,0.597,0.57,1.0,7.0,4.3,8.0,7.7,1.3,-,22.4,170.4,-0.3,1.3,113.6,106.6,18.4,2024,-61,234,6
61,Warren Washington,,PF,7-0,225,24,Texas Tech,United States,/player/Warren-Washington/Summary/95884,,134.0,,0.608,0.589,9.9,20.5,15.4,9.9,15.4,1.1,6.0,18.6,123.9,-2.4,1.5,116.9,98.5,18.9,2024,-61,359,9
61,Moses Wood,,SF,6-8,210,25,Washington,United States,/player/Moses-Wood/Summary/107406,,152.0,,0.601,0.558,4.5,15.3,10.1,8.6,14.2,1.2,2.5,18.4,167.9,-2.1,1.4,114.0,105.0,14.9,2024,-61,406,11
1,Zion Williamson,NOP,PF,6-6,284,18,Duke,United States,/player/Zion-Williamson/Summary/104845,,33.0,,0.702,0.708,12.7,18.2,15.6,14.6,12.8,3.8,5.8,28.4,165.9,-3.1,1.7,133.6,86.4,37.9,2019,-1,93,9
2,Ja Morant,MEM,G,6-2,174,19,Murray State,United States,/player/Ja-Morant/Summary/121815,,65.0,,0.597,0.536,5.0,14.0,9.8,42.8,19.7,2.2,1.8,27.4,163.8,4.6,1.5,120.7,96.4,25.4,2019,-2,229,6
3,R.J. Barrett,NYK,SG,6-6,214,19,Duke,Canada,/player/RJ-Barrett/Summary/103893,,38.0,,0.532,0.506,4.8,17.2,11.2,23.5,13.2,1.4,1.2,32.2,142.8,-1.0,1.2,110.2,95.0,22.5,2019,-3,93,12
4,De'Andre Hunter,LAL,PF,6-8,221,21,Virginia,United States,/player/DeAndre-Hunter/Summary/86000,,71.0,,0.606,0.564,6.3,13.9,10.3,12.6,10.2,1.4,2.5,24.7,170.0,-0.5,1.5,123.1,92.1,22.7,2019,-4,397,9
5,Darius Garland,CLE,G,6-1,192,19,Vanderbilt,United States,/player/Darius-Garland/Summary/81685,,5.0,,0.657,0.639,1.6,11.7,7.0,18.5,19.6,1.5,1.3,25.5,176.5,-4.2,1.5,114.4,97.2,20.7,2019,-5,394,6
6,Jarrett Culver,PHX,SG,6-6,195,20,Texas Tech,United States,/player/Jarrett-Culver/Summary/107965,,75.0,,0.548,0.518,5.3,16.8,11.3,20.2,13.6,2.6,2.7,27.6,148.6,-1.0,1.3,110.2,89.2,21.4,2019,-6,359,12
7,Coby White,CHI,PG,6-5,195,19,North Carolina,United States,/player/Coby-White/Summary/107976,,35.0,,0.556,0.516,1.3,11.4,6.4,24.6,15.5,2.0,1.3,27.0,157.7,0.2,1.3,111.0,98.5,18.6,2019,-7,242,10
8,Jaxson Hayes,ATL,PF,7-0,220,19,Texas,United States,/player/Jaxson-Hayes/Summary/122662,,32.0,,0.739,0.728,8.8,16.4,12.6,2.6,11.8,1.5,10.8,17.2,146.8,-3.2,1.9,139.2,96.2,25.3,2019,-8,353,9
9,Rui Hachimura,WAS,F,6-8,230,21,Gonzaga,Japan,/player/Rui-Hachimura/Summary/72649,,102.0,,0.628,0.594,6.8,17.3,12.6,7.5,10.9,1.7,2.5,27.0,164.1,-3.2,1.5,123.7,89.8,25.7,2019,-9,131,2
10,Cam Reddish,ATL,G,6-7,217,19,Duke,United States,/player/Cam-Reddish/Summary/81697,,36.0,,0.499,0.459,2.0,10.7,6.5,10.6,16.5,2.9,1.9,25.2,146.2,-4.4,1.1,98.4,93.5,13.3,2019,-10,93,6
11,Cameron Johnson,MIN,G,6-8,210,23,North Carolina,United States,/player/Cameron-Johnson/Summary/80114,,135.0,,0.601,0.572,4.9,12.7,8.9,13.2,9.9,1.7,1.1,19.9,168.0,0.7,1.3,125.1,103.7,18.9,2019,-11,242,6
12,P.J. Washington,CHA,PF,6-6,230,20,Kentucky,United States,/player/PJ-Washington/Summary/81703,,72.0,,0.577,0.551,9.0,17.2,13.4,11.7,14.8,1.7,4.1,23.2,153.7,-3.0,1.5,115.3,96.9,20.7,2019,-12,174,9
13,Tyler Herro,MIA,SG,6-5,195,19,Kentucky,United States,/player/Tyler-Herro/Summary/104388,,37.0,,0.58,0.536,1.6,13.9,8.2,15.2,11.8,2.0,1.1,21.4,175.2,0.1,1.3,120.0,97.0,18.7,2019,-13,174,12
14,Romeo Langford,BOS,SG,6-5,216,19,Indiana,United States,/player/Romeo-Langford/Summary/104403,,32.0,,0.542,0.491,4.9,12.8,9.0,14.3,12.2,1.3,2.6,26.1,144.2,-1.7,1.3,109.4,100.0,19.1,2019,-14,154,12
15,Sekou Doumbouya,DET,F,6-8,235,18,CSP Limoges (France),France/Guinea,/player/Sekou-Doumbouya/Summary/98052,All Leagues,39.0,15.0,0.564,0.541,6.2,15.8,11.1,6.4,15.5,2.3,2.7,20.6,155.0,-4.1,1.2,102.3,111.4,13.0,2019,-15,58,2
16,Chuma Okeke,ORL,PF,6-7,229,20,Auburn,United States,/player/Chuma-Okeke/Summary/88842,,72.0,,0.584,0.564,10.4,17.8,14.0,11.3,13.1,2.8,4.8,18.3,157.4,-1.0,1.3,121.7,96.3,20.6,2019,-16,22,9
17,Nickeil Alexander-Walker,BRK,SG,6-5,205,20,Virginia Tech,Canada,/player/Nickeil-Alexander-Walker/Summary/95702,,67.0,,0.582,0.549,2.5,13.4,8.2,18.1,16.1,2.7,2.4,24.4,161.0,-1.4,1.3,109.7,98.0,18.6,2019,-17,399,12
18,Goga Bitadze,IND,C,6-10,250,19,KK Mega Bemax (Serbia),Georgia,/player/Goga-Bitadze/Summary/75906,All Leagues,51.0,29.0,0.652,0.614,9.8,23.8,16.8,8.8,14.2,1.3,9.4,24.6,165.0,-4.5,1.7,120.6,103.6,23.3,2019,-18,168,0
19,Luka Samanic,SAN,PF,6-10,227,19,Union Olimpija (Slovenia),Croatia,/player/Luka-Samanic/Summary/94639,All Leagues,50.0,23.0,0.578,0.531,8.1,24.8,16.7,9.0,16.7,1.4,2.0,21.7,154.4,-4.5,1.4,108.4,108.2,15.4,2019,-19,385,9
20,Matisse Thybulle,BOS,SF,6-5,201,22,Washington,United States/Australia,/player/Matisse-Thybulle/Summary/84040,,135.0,,0.55,0.522,3.4,8.4,5.9,12.6,18.2,4.6,4.7,16.8,156.9,-1.7,1.2,105.3,98.6,15.3,2019,-20,406,11
21,Brandon Clarke,OKC,PF,6-8,215,22,Gonzaga,Canada,/player/Brandon-Clarke/Summary/84518,,98.0,,0.643,0.642,11.5,19.6,15.6,14.3,11.6,2.0,8.7,22.5,150.7,-0.8,1.5,127.3,93.2,28.1,2019,-21,131,9
22,Grant Williams,BOS,SF,6-6,236,20,Tennessee,United States,/player/Grant-Williams/Summary/89395,,104.0,,0.591,0.53,9.9,15.2,12.6,15.1,13.7,1.7,6.0,26.4,156.5,-2.5,1.5,118.8,97.2,24.2,2019,-22,349,11
23,Darius Bazley,UTH,PF,6-9,216,19,,United States,/player/Darius-Bazley/Summary/107562,,,,,,,,,,,,,,,,,,,,2019,-23,429,9
24,Ty Jerome,PHL,PG,6-5,195,21,Virginia,United States,/player/Ty-Jerome/Summary/85677,,105.0,,0.558,0.534,1.4,12.7,7.2,28.1,13.8,3.0,0.2,21.9,161.4,4.6,1.2,114.8,91.1,18.9,2019,-24,397,10
25,Nassir Little,POR,SF,6-6,220,19,North Carolina,United States,/player/Nassir-Little/Summary/104404,,36.0,,0.549,0.504,9.2,16.9,13.1,6.1,13.0,1.5,3.3,25.3,151.7,-4.6,1.3,110.3,96.0,19.1,2019,-25,242,11
26,Dylan Windler,CLE,SF,6-7,196,22,Belmont,United States,/player/Dylan-Windler/Summary/87241,,128.0,,0.662,0.639,6.8,22.7,15.3,12.1,14.2,1.9,2.6,19.9,171.0,-1.1,1.5,125.4,97.4,21.9,2019,-26,40,11
27,Mfiondu Kabengele,BRK,SF,6-10,250,21,Florida State,Canada,/player/Mfiondu-Kabengele/Summary/107079,,71.0,,0.58,0.532,12.6,20.1,16.4,3.4,11.6,1.6,7.4,26.8,159.6,-5.2,1.5,117.7,94.4,24.6,2019,-27,111,11
28,Jordan Poole,GOS,SG,6-4,194,20,Michigan,United States,/player/Jordan-Poole/Summary/88853,,75.0,,0.576,0.54,0.8,10.4,5.7,11.7,11.8,2.1,0.9,22.1,163.5,-0.9,1.3,110.3,94.7,16.1,2019,-28,211,12
29,Keldon Johnson,SAN,SF,6-5,220,19,Kentucky,United States,/player/Keldon-Johnson/Summary/104395,,37.0,,0.558,0.521,5.5,16.4,11.3,10.6,11.8,1.5,0.6,22.7,154.6,-1.8,1.3,116.0,97.2,17.9,2019,-29,174,11
30,"Kevin Porter, Jr.",MIL,SF,6-4,203,19,USC,United States,/player/Kevin-Porter-Jr/Summary/95883,,21.0,,0.559,0.561,4.8,14.5,9.8,11.9,17.9,2.1,2.5,23.5,140.5,-4.0,1.3,101.1,100.2,15.9,2019,-30,380,11
31,Nicolas Claxton,BRK,C,6-11,215,20,Georgia,United States/U.S. Virgin Islands,/player/Nicolas-Claxton/Summary/108483,,65.0,,0.526,0.49,9.8,19.4,14.8,9.1,14.8,1.5,8.6,20.5,137.0,-3.3,1.4,107.3,97.0,18.9,2019,-31,125,0
32,KZ Okpala,PHX,SG,6-8,215,20,Stanford,United States/Nigeria,/player/KZ-Okpala/Summary/106472,,52.0,,0.52,0.474,4.4,12.7,8.7,12.2,16.8,1.8,1.6,25.1,144.3,-4.5,1.3,100.3,101.8,14.4,2019,-32,338,12
33,Carsen Edwards,PHL,PG,5-11,200,21,Purdue,United States,/player/Carsen-Edwards/Summary/93803,,108.0,,0.547,0.504,1.6,11.3,6.7,17.5,12.1,2.4,0.7,32.2,159.6,-2.0,1.2,109.5,98.9,20.2,2019,-33,293,10
34,Bruno Fernando,PHL,C,6-9,240,20,Maryland,Angola,/player/Bruno-Fernando/Summary/91004,,64.0,,0.638,0.599,10.9,26.4,19.3,11.5,19.7,1.2,6.6,23.1,166.6,-5.5,1.6,115.8,92.7,23.7,2019,-34,204,0
35,Didi Louzada,ATL,SF,6-5,215,19,Franca (Brazil),Brazil,/player/Didi-Louzada/Summary/92177,All Leagues,48.0,13.0,0.623,0.596,4.7,12.9,9.0,9.0,11.5,1.9,0.3,24.0,165.8,-2.3,1.4,116.5,107.9,17.8,2019,-35,115,11
36,Cody Martin,CHA,F,6-6,205,23,Nevada,United States,/player/Cody-Martin/Summary/80112,,122.0,,0.558,0.529,5.4,12.1,8.8,22.5,16.0,2.6,3.0,17.8,151.5,2.5,1.3,116.2,100.5,18.1,2019,-36,235,2
37,Deividas Sirvydis,DAL,GF,6-8,190,19,Lietuvos Rytas II (Lithuania),Lithuania/Latvia,/player/Deividas-Sirvydis/Summary/107580,All Leagues,60.0,30.0,0.577,0.547,4.2,13.7,8.9,10.2,10.9,1.8,0.6,18.4,155.6,-0.2,1.3,117.3,111.8,13.5,2019,-37,185,8
38,Daniel Gafford,CHI,C,6-10,265,20,Arkansas,United States,/player/Daniel-Gafford/Summary/97090,,67.0,,0.626,0.635,11.2,21.5,16.4,5.9,12.9,1.6,9.9,25.1,119.7,-4.7,1.6,118.5,97.6,26.1,2019,-38,19,0
39,Alen Smailagic,NOP,PF,6-10,215,18,Santa Cruz Warriors,Serbia,/player/Alen-Smailagic/Summary/108634,,,,,,,,,,,,,,,,,,,,2019,-39,320,9
40,Justin James,SAC,SG,6-7,190,22,Wyoming,United States,/player/Justin-James/Summary/84791,,132.0,,0.542,0.493,3.3,17.8,10.9,22.7,14.7,1.9,1.9,31.0,150.7,-2.6,1.3,102.6,101.3,19.6,2019,-40,420,12
41,Eric Paschall,GOS,F,6-6,255,22,Villanova,United States,/player/Eric-Paschall/Summary/80338,,137.0,,0.574,0.535,6.4,14.2,10.4,10.0,15.3,1.5,2.0,22.3,156.4,-3.2,1.3,111.9,101.0,16.9,2019,-41,396,2
42,Admiral Schofield,PHL,SF,6-5,241,22,Tennessee,United States,/player/Admiral-Schofield/Summary/84318,,132.0,,0.556,0.53,5.7,17.5,11.7,11.1,11.7,1.5,1.6,24.0,160.8,-2.1,1.2,110.9,100.2,18.1,2019,-42,349,11
43,Jaylen Nowell,MIN,SG,6-4,201,19,Washington,United States,/player/Jaylen-Nowell/Summary/88837,,70.0,,0.563,0.527,3.6,12.9,8.3,19.2,16.0,2.0,0.8,26.0,166.2,-2.4,1.3,108.3,101.4,18.2,2019,-43,406,12
44,Bol Bol,MIA,C,7-3,220,19,Oregon,United States,/player/Bol-Bol/Summary/89958,,9.0,,0.632,0.61,8.8,25.3,17.9,8.8,10.7,1.5,13.1,31.9,183.7,-4.5,1.4,120.5,87.1,33.2,2019,-44,267,0
45,Isaiah Roby,DET,SF,6-8,230,21,Nebraska,United States,/player/Isaiah-Roby/Summary/86028,,97.0,,0.555,0.518,7.2,17.7,12.4,12.2,17.9,2.0,6.7,18.7,151.4,-2.6,1.3,107.5,97.4,17.6,2019,-45,234,11
46,Talen Horton-Tucker,ORL,SF,6-4,234,18,Iowa State,United States,/player/Talen-Horton-Tucker/Summary/121522,,35.0,,0.488,0.47,2.9,16.8,10.2,16.2,12.4,2.8,2.7,26.1,133.9,-0.6,1.1,100.0,96.8,16.7,2019,-46,159,11
47,Ignas Brazdeikis,SAC,SF,6-7,221,20,Michigan,Lithuania/Canada,/player/Ignas-Brazdeikis/Summary/92196,,37.0,,0.573,0.531,4.7,16.2,10.6,6.1,8.8,1.5,1.7,26.1,162.7,-2.5,1.3,113.5,90.4,20.5,2019,-47,211,11
48,Terance Mann,LAC,SG,6-5,215,22,Florida State,United States,/player/Terance-Mann/Summary/73135,,140.0,,0.602,0.581,8.5,13.5,11.1,13.4,14.8,1.7,1.0,17.2,154.9,-0.3,1.4,121.3,101.5,17.6,2019,-48,111,12
49,Quinndary Weatherspoon,SAN,SG,6-3,205,22,Mississippi State,United States,/player/Quinndary-Weatherspoon/Summary/83967,,131.0,,0.585,0.544,5.4,13.3,9.4,15.5,15.1,2.8,1.2,24.8,163.6,-2.4,1.4,114.0,100.3,20.6,2019,-49,218,12
50,Jarrell Brantley,IND,SF,6-5,250,23,Charleston,United States,/player/Jarrell-Brantley/Summary/89301,,123.0,,0.569,0.526,7.0,22.7,14.9,11.9,15.8,2.3,2.6,27.4,160.8,-4.9,1.3,108.2,95.3,21.8,2019,-50,67,11
51,Tremont Waters,BOS,PG,5-10,175,21,LSU,United States/Puerto Rico,/player/Tremont-Waters/Summary/88918,,66.0,,0.551,0.503,1.1,9.7,5.5,33.7,18.4,4.3,0.4,26.1,157.0,2.3,1.3,111.2,102.6,20.6,2019,-51,176,10
52,Jalen McDaniels,CHA,PF,6-9,190,21,San Diego State,United States,/player/Jalen-McDaniels/Summary/90832,,67.0,,0.565,0.525,8.7,23.2,16.0,11.5,13.1,2.0,2.2,24.0,156.1,-2.7,1.3,112.9,93.6,20.9,2019,-52,316,9
53,Justin Wright-Foreman,UTH,SG,6-0,190,21,Hofstra,United States,/player/Justin-Wright-Foreman/Summary/84328,,125.0,,0.601,0.565,1.5,10.6,6.0,16.5,9.9,1.4,0.6,30.7,168.0,-1.1,1.4,119.8,109.5,24.0,2019,-53,142,12
54,Marial Shayok,PHL,G,6-5,198,23,Iowa State,Canada/South Sudan,/player/Marial-Shayok/Summary/26697,,137.0,,0.565,0.535,3.4,12.7,8.3,12.9,14.0,2.1,1.5,24.7,163.8,-2.3,1.3,108.4,95.2,17.8,2019,-54,159,6
55,Kyle Guy,NYK,SG,6-1,167,21,Virginia,United States,/player/Kyle-Guy/Summary/76387,,106.0,,0.572,0.552,1.9,10.8,6.5,11.9,9.1,1.6,0.2,23.9,166.5,-,1.2,114.5,95.2,17.9,2019,-55,397,12
56,Jaylen Hands,LAC,G,6-3,180,20,UCLA,United States,/player/Jaylen-Hands/Summary/81688,,64.0,,0.533,0.495,1.8,12.1,7.2,28.7,18.3,2.3,0.6,23.5,154.5,1.4,1.2,106.1,105.4,16.5,2019,-56,373,6
57,Jordan Bone,NOP,SG,6-2,180,21,Tennessee,United States,/player/Jordan-Bone/Summary/107062,,95.0,,0.519,0.481,1.5,8.6,5.2,30.9,14.5,1.5,0.3,20.9,159.4,4.9,1.2,110.6,103.9,15.4,2019,-57,349,12
58,Miye Oni,GOS,SF,6-5,206,21,Yale,United States/Nigeria,/player/Miye-Oni/Summary/93804,,87.0,,0.548,0.511,3.1,18.8,11.3,20.0,15.7,1.5,3.4,25.9,156.1,-1.1,1.2,105.8,101.1,18.0,2019,-58,423,11
59,Dewan Hernandez,TOR,FC,6-10,235,22,Miami (FL),United States,/player/Dewan-Hernandez/Summary/74082,,64.0,,0.583,0.56,9.6,17.0,13.3,3.0,13.5,1.3,4.4,20.6,123.5,-4.6,1.4,113.3,98.5,18.8,2019,-59,210,5
60,Vanja Marinkovic,SAC,G,6-6,194,22,KK Partizan (Serbia),Serbia,/player/Vanja-Marinkovic/Summary/49609,All Leagues,60.0,50.0,0.562,0.52,1.5,10.0,5.8,11.5,11.6,1.0,0.6,20.9,152.4,-0.7,1.3,111.0,109.2,11.9,2019,-60,169,6
61,DaQuan Jeffries,,SF,6-5,222,21,Tulsa,United States,/player/DaQuan-Jeffries/Summary/89155,,85.0,,0.631,0.6,7.4,15.9,11.8,10.4,13.8,1.8,5.0,19.5,167.7,-2.0,1.5,120.9,101.0,20.0,2019,-61,366,11
61,Garrison Mathews,,SG,6-6,215,22,Lipscomb,United States,/player/Garrison-Mathews/Summary/86747,,134.0,,0.602,0.553,4.2,15.2,9.8,13.5,11.8,1.6,0.9,29.1,160.9,-2.6,1.5,116.6,102.0,22.0,2019,-61,187,12
61,Dean Wade,,PF,6-9,228,22,Kansas State,United States,/player/Dean-Wade/Summary/84884,,126.0,,0.584,0.556,7.2,15.2,11.2,15.0,10.3,1.9,2.6,20.2,159.3,0.7,1.4,121.6,98.5,19.9,2019,-61,173,9
61,Terence Davis,,SF,6-4,201,22,Ole Miss,United States,/player/Terence-Davis/Summary/84136,,121.0,,0.543,0.516,5.2,17.2,11.2,18.7,14.8,2.7,2.6,27.0,150.1,-2.5,1.2,106.8,101.1,19.6,2019,-61,263,11
61,Chris Silva,,PF,6-8,234,22,South Carolina,Gabon,/player/Chris-Silva/Summary/83915,,134.0,,0.587,0.512,12.4,21.3,16.7,6.7,17.0,1.7,7.6,25.6,170.1,-6.9,1.7,113.2,91.8,22.5,2019,-61,327,9
61,Devontae Cacok,,PF,6-7,240,22,UNC Wilmington,United States,/player/Devontae-Cacok/Summary/85130,,129.0,,0.636,0.639,15.7,30.7,22.9,4.4,13.7,2.0,3.2,22.5,173.1,-4.9,1.6,123.2,100.6,26.4,2019,-61,378,9
61,Chris Clemons,,PG,5-9,180,21,Campbell,United States,/player/Chris-Clemons/Summary/85124,,130.0,,0.594,0.54,1.7,14.0,8.0,18.8,10.7,2.8,1.2,36.0,165.9,-2.3,1.4,115.3,102.7,27.5,2019,-61,64,10
61,Tacko Fall,,C,7-6,250,23,UCF,Senegal,/player/Tacko-Fall/Summary/83961,,115.0,,0.679,0.74,13.8,22.4,18.5,4.7,21.9,0.6,11.3,21.4,117.2,-8.1,1.7,111.2,88.7,24.1,2019,-61,372,0
61,Juwan Morgan,,PF,6-7,232,22,Indiana,United States,/player/Juwan-Morgan/Summary/83934,,128.0,,0.613,0.593,10.6,19.0,14.9,10.3,13.2,2.1,5.0,21.9,152.9,-2.4,1.5,121.8,97.3,23.5,2019,-61,154,9
61,Justin Robinson,,PG,6-1,195,21,Virginia Tech,United States,/player/Justin-Robinson/Summary/76743,,125.0,,0.582,0.524,2.4,8.6,5.6,28.7,19.5,2.0,0.4,21.2,160.3,2.5,1.5,114.1,104.3,16.6,2019,-61,399,10
61,Devin Cannady,,PG,6-2,183,23,Princeton,United States,/player/Devin-Cannady/Summary/85392,,104.0,,0.61,0.564,1.9,13.8,7.8,10.4,10.1,2.1,0.6,22.5,174.1,-0.9,1.4,119.4,100.5,19.3,2019,-61,290,10
61,Robert Franks,,PF,6-9,225,22,Washington State,United States,/player/Robert-Franks/Summary/84439,,111.0,,0.592,0.55,5.7,17.0,11.6,13.1,15.6,0.8,2.8,26.5,167.4,-3.9,1.4,108.6,108.8,18.8,2019,-61,407,9
61,Donta Hall,,PF,6-9,229,21,Alabama,United States/Azerbaijan,/player/Donta-Hall/Summary/73160,,135.0,,0.659,0.663,11.4,21.9,16.8,4.9,14.2,1.5,8.7,16.1,226.9,-3.1,1.7,125.8,93.3,22.5,2019,-61,8,9
61,Jeremiah Martin,,PG,6-3,185,23,Memphis,United States,/player/Jeremiah-Martin/Summary/88074,,124.0,,0.558,0.503,2.9,9.0,5.9,23.2,14.6,3.4,2.1,22.1,151.1,1.1,1.4,113.4,99.0,18.8,2019,-61,208,10
61,Kyle Alexander,,PF,6-10,216,22,Tennessee,Canada,/player/Kyle-Alexander/Summary/76405,,135.0,,0.607,0.592,13.4,16.7,15.1,2.8,15.9,1.1,8.2,12.5,158.0,-3.0,1.5,121.9,98.0,16.6,2019,-61,349,9
61,Shaq Buchanan,,G,6-3,190,22,Murray State,United States,/player/Shaq-Buchanan/Summary/118448,,65.0,,0.562,0.542,3.0,10.5,7.5,7.5,11.3,3.0,1.0,17.5,150.8,-1.0,1.3,112.5,95.0,15.5,2019,-61,229,6
61,Ahmad Caver,,PG,6-3,175,22,Old Dominion,United States,/player/Ahmad-Caver/Summary/85447,,136.0,,0.487,0.456,1.6,10.4,5.9,29.3,13.1,2.8,1.0,22.6,136.2,4.3,1.1,106.4,95.8,16.4,2019,-61,262,10
61,Tyler Hall,,SG,6-4,209,22,Montana State,United States,/player/Tyler-Hall/Summary/84055,,126.0,,0.597,0.562,2.3,14.8,8.3,16.9,10.4,1.7,1.1,27.6,170.7,-0.8,1.3,118.8,108.4,22.5,2019,-61,223,12
61,Aric Holman,,C,6-9,225,21,Mississippi State,United States,/player/Aric-Holman/Summary/84325,,124.0,,0.594,0.574,9.7,20.1,15.0,7.2,16.2,1.5,8.2,19.9,157.9,-4.0,1.4,113.4,96.3,20.2,2019,-61,218,0
61,Josh Reaves,,SG,6-4,214,22,Penn State,United States,/player/Josh-Reaves/Summary/83908,,121.0,,0.522,0.497,5.8,12.1,8.9,17.7,17.4,4.2,2.9,18.1,146.5,-0.3,1.2,104.9,95.5,16.1,2019,-61,278,12
61,Jalen Adams,,PG,6-2,195,23,UConn,United States,/player/Jalen-Adams/Summary/73153,,124.0,,0.524,0.49,3.1,10.1,6.7,28.5,16.4,2.3,1.2,25.8,160.1,0.6,1.2,105.2,102.0,17.5,2019,-61,374,10
61,Shizz Alston,,SG,6-4,180,22,Temple,United States,/player/Shizz-Alston/Summary/73151,,129.0,,0.533,0.492,1.8,8.3,5.0,22.5,11.5,2.0,0.5,22.8,163.9,2.2,1.2,110.1,105.3,16.4,2019,-61,348,12
61,Bennie Boatwright,,PF,6-10,235,22,USC,United States,/player/Bennie-Boatwright/Summary/76229,,106.0,,0.569,0.535,6.1,16.2,11.3,12.0,10.1,1.0,2.4,24.7,157.2,-0.9,1.3,116.6,103.3,19.7,2019,-61,380,9
61,Bryce Brown,,SG,6-3,190,21,Auburn,United States,/player/Bryce-Brown/Summary/84102,,131.0,,0.563,0.537,1.9,6.0,3.9,10.1,10.0,1.7,0.5,21.5,157.2,-1.1,1.2,113.9,108.2,14.7,2019,-61,22,12
61,Chad Brown,,C,6-9,245,22,UCF,United States,/player/Chad-Brown/Summary/84130,,116.0,,0.53,0.495,11.7,17.9,15.0,2.8,15.0,1.2,6.2,16.2,108.1,-3.9,1.5,108.0,92.6,15.1,2019,-61,372,0
61,"Barry Brown, Jr.",,SG,6-3,195,22,Kansas State,United States,/player/Barry-Brown-Jr/Summary/84242,,139.0,,0.509,0.474,2.1,10.4,6.2,16.7,13.4,3.4,0.5,23.6,143.7,-0.9,1.2,102.1,98.0,15.2,2019,-61,173,12
61,Jon Davis,,SG,6-2,193,22,Charlotte,United States,/player/Jon-Davis/Summary/84174,,121.0,,0.557,0.498,1.8,10.2,5.9,28.0,18.0,1.6,0.9,27.2,158.0,-1.2,1.3,105.8,109.8,17.6,2019,-61,68,12
61,Khalifa Koumadje,,C,7-4,269,22,Florida State,Senegal,/player/Khalifa-Koumadje/Summary/83960,,122.0,,0.615,0.622,11.2,20.0,15.7,2.1,16.6,0.7,11.1,17.6,116.4,-5.2,1.4,113.4,95.6,18.6,2019,-61,111,0
61,David Kramer,,SG,6-3,185,22,Ratiopharm Ulm (Germany),Slovakia/Austria,/player/David-Kramer/Summary/54187,All Leagues,51.0,6.0,0.607,0.557,2.2,13.5,7.8,6.5,14.4,1.3,0.7,20.1,158.8,-3.7,1.4,111.3,114.0,12.0,2019,-61,297,12
61,"Anthony Lawrence, Jr.",,SF,6-7,210,22,Miami (FL),United States,/player/Anthony-Lawrence-Jr/Summary/83993,,130.0,,0.572,0.546,4.7,16.9,10.9,14.7,17.5,2.6,2.6,17.5,154.0,-0.7,1.3,111.2,98.2,16.4,2019,-61,210,11
61,C.J. Massinburg,,SG,6-5,205,22,Buffalo,United States,/player/CJ-Massinburg/Summary/90409,,130.0,,0.593,0.55,6.1,14.1,10.1,14.3,10.8,1.9,1.1,21.9,159.5,0.2,1.4,124.2,100.9,20.8,2019,-61,52,12
61,Luke Maye,,PF,6-8,240,22,North Carolina,United States,/player/Luke-Maye/Summary/83928,,141.0,,0.527,0.504,10.4,23.0,16.8,12.7,12.0,1.4,2.5,23.1,149.7,-1.1,1.2,113.5,96.6,19.8,2019,-61,242,9
61,Matt Morgan,,G,6-2,180,21,Cornell,United States,/player/Matt-Morgan/Summary/84796,,114.0,,0.623,0.576,1.3,13.3,7.4,18.7,13.7,1.9,0.9,29.8,168.2,-2.6,1.5,114.5,107.1,22.9,2019,-61,81,6
61,Jordan Murphy,,SF,6-6,250,22,Minnesota,United States/Puerto Rico,/player/Jordan-Murphy/Summary/76231,,133.0,,0.545,0.508,11.5,25.0,18.2,10.7,14.2,1.7,3.4,24.7,138.6,-3.8,1.4,108.8,97.4,21.4,2019,-61,217,11
61,Kavion Pippen,,F,6-10,240,22,Southern Illinois,United States,/player/Kavion-Pippen/Summary/118443,,65.0,,0.57,0.556,7.0,18.5,13.0,11.9,15.5,1.0,7.5,26.5,157.1,-4.0,1.2,105.0,97.5,21.0,2019,-61,332,2
61,Nate Renfro,,SF,6-8,205,22,San Francisco,United States,/player/Nate-Renfro/Summary/84470,,132.0,,0.506,0.517,7.7,15.9,11.7,11.9,19.7,2.1,4.6,16.1,116.2,-1.9,1.2,100.1,99.0,13.1,2019,-61,317,11
61,"Galen Robinson, Jr.",,PG,6-1,190,22,Houston,United States,/player/Galen-Robinson-Jr/Summary/84915,,136.0,,0.499,0.469,1.5,9.6,5.6,26.3,20.2,2.5,0.4,15.5,139.1,4.2,1.2,106.9,98.0,12.7,2019,-61,143,10
61,Ronshad Shabazz,,SG,6-3,215,23,Appalachian State,United States,/player/Ronshad-Shabazz/Summary/85882,,126.0,,0.521,0.487,2.4,9.4,5.8,16.0,11.9,1.5,0.2,28.2,148.5,-2.2,1.2,104.9,108.4,16.3,2019,-61,16,12
61,Kenny Williams,,SG,6-4,190,22,North Carolina,United States,/player/Kenny-Williams/Summary/73156,,129.0,,0.556,0.534,4.3,8.9,6.7,14.2,13.6,1.8,1.4,14.7,152.1,1.8,1.2,118.9,101.4,13.5,2019,-61,242,12
61,Oshae Brissett,,PF,6-7,210,20,Syracuse,Canada,/player/Oshae-Brissett/Summary/87282,,71.0,,0.484,0.422,7.2,18.8,13.1,8.3,12.0,1.8,3.0,23.6,141.4,-3.1,1.2,103.1,96.8,16.2,2019,-61,344,9
61,Moses Brown,,C,7-2,245,19,UCLA,United States,/player/Moses-Brown/Summary/107968,,32.0,,0.556,0.607,15.6,21.1,18.5,2.4,14.9,1.4,8.7,20.7,95.9,-5.4,1.4,107.4,98.0,21.0,2019,-61,373,0
61,Amir Coffey,,SF,6-7,210,22,Minnesota,United States,/player/Amir-Coffey/Summary/59502,,87.0,,0.55,0.498,2.4,9.5,6.0,18.9,13.7,1.6,0.6,22.2,151.0,0.1,1.4,110.1,102.5,16.0,2019,-61,217,11
61,Luguentz Dort,,PG,6-4,220,20,Arizona State,Canada,/player/Luguentz-Dort/Summary/95703,,34.0,,0.518,0.467,4.5,10.1,7.3,15.1,15.8,2.7,0.8,27.9,141.2,-4.2,1.3,101.8,100.1,16.0,2019,-61,18,10
61,John Konchar,,G,6-5,210,23,Fort Wayne,United States,/player/John-Konchar/Summary/81496,,133.0,,0.643,0.627,7.6,20.4,14.0,20.7,13.3,3.2,1.8,19.2,166.9,2.5,1.5,131.0,100.7,24.3,2019,-61,113,6
61,Caleb Martin,,F,6-5,205,23,Nevada,United States,/player/Caleb-Martin/Summary/80111,,139.0,,0.555,0.521,3.4,13.9,8.7,12.9,10.4,2.0,2.1,24.1,149.8,-0.6,1.3,114.4,100.8,19.1,2019,-61,235,2
61,Naz Reid,,C,6-9,264,19,LSU,United States,/player/Naz-Reid/Summary/81698,,34.0,,0.544,0.507,10.4,19.2,14.8,6.2,16.6,1.5,2.8,26.4,152.8,-7.0,1.3,106.3,101.0,18.6,2019,-61,176,0
61,Max Strus,,G,6-5,215,23,DePaul,United States,/player/Max-Strus/Summary/82568,,66.0,,0.562,0.521,4.0,14.0,9.0,13.1,12.2,1.7,1.7,24.7,159.5,-1.8,1.3,113.4,106.3,18.1,2019,-61,85,6
61,"Charlie Brown, Jr.",,SG,6-6,199,22,Saint Joseph's,United States,/player/Charlie-Brown-Jr/Summary/89344,,63.0,,0.537,0.488,4.9,13.4,9.0,8.2,9.2,1.5,2.6,23.8,161.3,-1.9,1.2,109.7,105.7,17.4,2019,-61,310,12
61,Louis King,,SF,6-7,205,20,Oregon,United States,/player/Louis-King/Summary/104401,,31.0,,0.552,0.522,5.4,17.0,11.2,9.1,14.5,1.8,1.0,25.4,160.6,-4.3,1.2,106.2,96.0,17.1,2019,-61,267,11
61,Marques Bolden,,C,6-10,249,21,Duke,United States/Indonesia,/player/Marques-Bolden/Summary/74080,,88.0,,0.6,0.573,11.4,14.4,13.0,4.7,15.7,1.4,7.5,13.2,125.8,-2.3,1.5,122.1,95.9,16.6,2019,-61,93,0
61,Armoni Brooks,,SG,6-3,195,21,Houston,United States,/player/Armoni-Brooks/Summary/107102,,100.0,,0.569,0.56,4.2,17.3,10.9,5.0,6.9,1.8,1.4,20.6,152.3,-1.1,1.2,119.4,93.6,18.0,2019,-61,143,12
61,Tyler Cook,,C,6-8,250,21,Iowa,United States,/player/Tyler-Cook/Summary/85940,,93.0,,0.571,0.544,8.6,18.1,13.4,12.9,17.1,1.4,2.0,26.0,132.4,-4.9,1.4,107.5,106.3,18.8,2019,-61,158,0
61,Jared Harper,,PG,6-0,175,21,Auburn,United States,/player/Jared-Harper/Summary/85949,,106.0,,0.554,0.486,1.2,7.5,4.3,30.0,14.4,2.2,0.2,22.8,153.4,3.8,1.4,118.1,105.5,18.0,2019,-61,22,10
61,Jaylen Hoard,,PF,6-8,216,20,Wake Forest,France,/player/Jaylen-Hoard/Summary/89197,,31.0,,0.519,0.476,9.1,19.5,14.0,12.3,16.8,1.2,2.5,24.7,140.1,-5.2,1.2,102.1,107.7,17.3,2019,-61,405,9
61,Jontay Porter,,PF,6-10,240,19,Missouri,United States,/player/Jontay-Porter/Summary/89430,,33.0,,0.567,0.521,7.7,23.2,16.0,19.6,18.0,2.0,7.3,22.5,155.1,-1.8,1.4,112.2,92.5,20.7,2019,-61,219,9
61,Rayjon Tucker,,SF,6-3,209,21,Little Rock,United States,/player/Rayjon-Tucker/Summary/84062,,98.0,,0.637,0.592,3.5,15.2,9.7,8.6,15.1,1.6,1.3,20.9,167.5,-3.2,1.6,119.4,101.2,18.4,2019,-61,188,11
61,Lindell Wigginton,,SG,6-1,189,21,Iowa State,Canada,/player/Lindell-Wigginton/Summary/76942,,56.0,,0.542,0.503,2.6,11.6,7.2,16.7,15.2,1.6,1.4,28.3,149.8,-2.9,1.3,104.5,106.5,17.0,2019,-61,159,12
61,Keljin Blevins,,G,6-4,200,23,Montana State,United States,/player/Keljin-Blevins/Summary/81668,,117.0,,0.467,0.427,6.4,16.1,11.1,9.5,18.1,1.3,1.4,22.1,127.8,-4.8,1.1,90.1,108.1,10.4,2019,-61,223,6
61,Brian Bowen II,,SF,6-7,190,20,Sydney (Australia),United States,/player/Brian-Bowen-II/Summary/81678,AUS NBL,30.0,0.0,0.557,0.496,7.1,15.7,11.6,6.6,12.4,0.8,1.7,19.4,155.5,-2.4,1.3,110.4,111.4,13.8,2019,-61,343,11
61,Zylan Cheatham,,SF,6-5,220,23,Arizona State,United States,/player/Zylan-Cheatham/Summary/52056,,103.0,,0.588,0.541,8.8,22.7,15.9,14.9,21.7,1.9,3.1,20.6,151.1,-4.3,1.6,108.4,90.8,18.8,2019,-61,18,11
61,Jalen Lecque,,SG,6-4,185,19,,United States,/player/Jalen-Lecque/Summary/120542,,,,,,,,,,,,,,,,,,,,2019,-61,429,12
61,Adam Mokoka,,SG,6-5,215,20,KK Mega Bemax (Serbia),France,/player/Adam-Mokoka/Summary/75680,All Leagues,32.0,32.0,0.518,0.485,5.2,10.3,7.7,21.7,20.8,2.3,1.0,20.4,138.1,-1.1,1.2,99.4,108.9,10.9,2019,-61,168,12
61,Matt Mooney,,G,6-3,200,22,Texas Tech,United States,/player/Matt-Mooney/Summary/80968,,135.0,,0.554,0.521,1.8,12.0,7.1,19.2,14.6,3.6,0.5,26.9,158.5,-1.5,1.2,106.7,95.5,19.4,2019,-61,359,6
61,Ky Bowman,,SG,6-2,190,22,Boston College,United States,/player/Ky-Bowman/Summary/107258,,98.0,,0.55,0.516,2.6,17.7,10.1,22.8,16.3,2.1,1.1,25.8,158.2,-1.1,1.2,105.8,104.0,18.1,2019,-61,43,12
61,Hassani Gravett,,SG,6-2,188,22,South Carolina,United States,/player/Hassani-Gravett/Summary/85472,,97.0,,0.505,0.473,2.4,11.9,7.0,20.0,18.7,1.3,0.8,17.8,143.8,-0.1,1.1,100.7,100.5,10.6,2019,-61,327,12
61,Vic Law,,SG,6-7,200,23,Northwestern,United States,/player/Vic-Law/Summary/52054,,125.0,,0.525,0.482,4.3,17.6,11.0,14.5,13.5,1.9,2.3,22.6,154.3,-1.3,1.2,104.2,97.3,16.0,2019,-61,253,12
61,Jack McVeigh,,F,6-8,215,22,Adelaide (Australia),Australia,/player/Jack-McVeigh/Summary/42068,AUS NBL,20.0,0.0,0.476,0.414,10.4,12.6,11.5,11.9,10.1,0.3,0.5,19.1,152.1,0.7,1.1,109.3,116.8,11.1,2019,-61,3,2
61,Zach Norvell,,SG,6-5,205,21,Gonzaga,United States,/player/Zach-Norvell/Summary/85617,,74.0,,0.593,0.557,3.9,11.5,8.0,15.3,11.4,2.4,0.3,22.5,165.1,1.0,1.3,122.6,95.3,19.8,2019,-61,131,12
61,Tariq Owens,,PF,6-10,205,23,Texas Tech,United States,/player/Tariq-Owens/Summary/52057,,131.0,,0.58,0.55,8.7,16.8,12.7,4.4,14.7,1.3,11.8,15.0,154.0,-2.8,1.4,113.7,96.0,16.7,2019,-61,359,9
61,Shamorie Ponds,,SG,6-1,180,20,St. John's,United States,/player/Shamorie-Ponds/Summary/88764,,96.0,,0.555,0.501,3.4,10.9,7.1,25.6,11.0,3.7,0.7,27.5,160.4,1.9,1.3,114.2,102.3,23.0,2019,-61,337,12
61,Kenny Wooten,,PF,6-8,235,21,Oregon,United States,/player/Kenny-Wooten/Summary/107462,,70.0,,0.64,0.634,7.7,17.8,12.9,4.1,18.7,1.4,13.8,14.5,126.7,-3.9,1.6,114.6,94.2,17.5,2019,-61,267,9
61,Sedrick Barefield,,PG,6-2,190,22,Utah,United States,/player/Sedrick-Barefield/Summary/54838,,92.0,,0.553,0.51,1.3,7.1,4.3,18.9,15.2,1.8,0.1,24.8,159.2,-0.7,1.3,107.7,106.8,15.1,2019,-61,387,10
61,Tyus Battle,,SG,6-6,205,21,Syracuse,United States,/player/Tyus-Battle/Summary/42370,,103.0,,0.537,0.486,1.5,7.2,4.4,13.1,10.7,2.2,0.8,24.3,155.5,-1.2,1.3,110.6,104.4,16.2,2019,-61,344,12
61,Javon Bess,,F,6-6,220,23,Saint Louis,United States,/player/Javon-Bess/Summary/79869,,113.0,,0.518,0.453,5.9,16.7,11.3,11.1,11.1,2.1,1.2,20.4,143.7,-0.7,1.3,112.4,96.4,16.4,2019,-61,311,2
61,Kavell Bigby-Williams,,F,6-11,250,23,LSU,England,/player/Kavell-Bigby-Williams/Summary/50491,,72.0,,0.581,0.568,13.4,20.5,17.1,3.6,13.3,0.7,9.3,17.2,116.3,-3.7,1.5,116.4,95.3,18.2,2019,-61,176,2
61,Phil Booth,,G,6-2,190,23,Villanova,United States,/player/Phil-Booth/Summary/52543,,148.0,,0.572,0.532,1.8,10.5,6.3,19.4,14.3,1.6,0.6,22.1,158.9,0.9,1.3,114.7,99.9,16.4,2019,-61,396,6
61,Jordan Caroline,,F,6-7,235,23,Nevada,United States,/player/Jordan-Caroline/Summary/80783,,138.0,,0.538,0.499,9.8,19.7,14.8,10.9,12.4,1.4,0.9,24.4,145.5,-2.4,1.4,111.5,99.4,19.2,2019,-61,235,2
61,Aubrey Dawkins,,F,6-6,205,24,UCF,United States,/player/Aubrey-Dawkins/Summary/79866,,99.0,,0.609,0.584,4.2,12.3,8.4,7.1,10.6,1.6,1.1,21.1,171.5,-2.1,1.3,116.8,101.7,17.7,2019,-61,372,2
61,Jon Elmore,,G,6-3,190,23,Marshall,United States,/player/Jon-Elmore/Summary/81641,,133.0,,0.56,0.499,1.5,12.1,6.9,28.9,15.1,2.0,0.8,27.0,157.2,1.9,1.4,111.6,106.9,19.7,2019,-61,203,6
61,Skyler Flatten,,G,6-6,210,23,South Dakota State,United States,/player/Skyler-Flatten/Summary/57506,,126.0,,0.62,0.607,1.8,10.0,6.1,9.1,9.9,1.5,1.4,15.4,162.7,0.4,1.4,122.4,104.2,14.8,2019,-61,329,6
61,JaKeenan Gant,,F,6-8,220,23,Louisiana,United States,/player/JaKeenan-Gant/Summary/52551,,116.0,,0.597,0.573,9.7,16.8,13.2,7.1,11.1,1.4,8.2,23.7,160.5,-3.2,1.3,117.6,101.0,23.5,2019,-61,191,2
61,Terry Harris,,GF,6-6,215,23,North Carolina A&T,United States,/player/Terry-Harris/Summary/81323,,76.0,,0.538,0.514,4.3,11.2,7.9,4.3,11.7,1.0,0.7,19.1,149.3,-2.9,1.2,106.7,104.6,11.9,2019,-61,243,8
61,Ahmed Hill,,SG,6-5,209,23,Virginia Tech,United States,/player/Ahmed-Hill/Summary/52348,,134.0,,0.57,0.545,2.8,10.9,7.0,8.0,11.1,0.9,0.4,19.3,157.7,-1.3,1.3,110.8,106.6,13.3,2019,-61,399,12
61,Amir Hinton,,G,6-5,190,22,Shaw,United States/Syria,/player/Amir-Hinton/Summary/103181,,81.0,,0.617,0.544,-,-,-,-,12.6,-,-,-,169.0,-,1.6,-,-,-,2019,-61,322,6
61,Daulton Hommes,,G,6-8,215,22,Point Loma,United States,/player/Daulton-Hommes/Summary/99515,,96.0,,0.678,0.637,-,-,-,-,12.9,-,-,-,186.4,-,1.6,-,-,-,2019,-61,287,6
61,V.J. King,,SF,6-5,190,22,Louisville,United States,/player/VJ-King/Summary/43396,,101.0,,0.498,0.442,4.1,13.1,8.8,6.9,13.7,1.1,0.7,20.0,146.9,-3.0,1.2,100.9,100.4,11.3,2019,-61,193,11
61,Reggie Kissoonlal,,FC,7-0,220,23,Northwestern State,United States,/player/Reggie-Kissoonlal/Summary/81349,,50.0,,0.481,0.44,4.4,13.6,8.9,6.1,17.4,1.4,5.7,22.6,139.3,-5.7,1.1,90.6,108.3,9.0,2019,-61,254,5
61,Sagaba Konate,,PF,6-7,260,22,West Virginia,Mali,/player/Sagaba-Konate/Summary/88754,,81.0,,0.558,0.518,10.7,22.4,16.3,5.6,14.0,1.3,15.3,20.9,165.6,-4.2,1.3,112.9,89.2,21.7,2019,-61,410,9
61,Dedric Lawson,,PF,6-7,230,21,Kansas,United States,/player/Dedric-Lawson/Summary/73141,,101.0,,0.539,0.488,10.0,21.9,16.0,16.0,13.4,2.1,5.2,28.4,154.4,-2.8,1.3,110.1,93.3,23.8,2019,-61,172,9
61,Matur Maker,,PF,6-11,205,21,Zlatorog (Slovenia),Australia/South Sudan,/player/Matur-Maker/Summary/72278,All Leagues,21.0,16.0,0.584,0.519,17.4,28.1,22.7,11.5,16.1,1.7,4.6,23.6,148.5,-3.9,1.5,116.2,97.1,22.2,2019,-61,427,9
61,Charles Matthews,,SG,6-6,205,22,Michigan,United States,/player/Charles-Matthews/Summary/52341,,111.0,,0.519,0.503,6.1,13.6,9.9,11.4,14.2,1.8,1.8,22.3,134.8,-2.1,1.2,103.9,95.4,15.5,2019,-61,211,12
61,William McDowell-White,,PG,6-5,185,21,Baunach Young Pikes (Germany),Australia,/player/William-McDowell-White/Summary/76401,All Leagues,12.0,4.0,0.496,0.463,4.7,16.4,10.7,37.9,12.4,4.3,0.5,22.3,125.0,8.6,1.1,110.6,100.2,18.8,2019,-61,36,10
61,Trey Mourning,,F,6-9,220,23,Georgetown,United States,/player/Trey-Mourning/Summary/52559,,62.0,,0.49,0.456,8.2,14.1,11.3,8.8,17.3,1.1,2.5,20.2,122.1,-3.9,1.2,96.6,98.8,10.7,2019,-61,124,2
61,Joshua Obiesie,,F,6-6,195,19,VR Wuerzburg Baskets (Germany),Germany,/player/Joshua-Obiesie/Summary/130826,All Leagues,21.0,1.0,0.561,0.505,4.0,15.0,9.7,13.5,20.1,1.4,1.7,22.6,148.8,-3.6,1.3,100.2,112.3,11.4,2019,-61,391,2
61,Norense Odiase,,F,6-8,250,23,Texas Tech,United States,/player/Norense-Odiase/Summary/80280,,128.0,,0.542,0.528,12.7,18.4,15.6,7.3,20.0,1.4,4.5,18.3,159.4,-4.8,1.4,103.9,93.5,14.6,2019,-61,359,2
61,"James Palmer, Jr.",,G,6-5,207,22,Nebraska,United States,/player/James-Palmer-Jr/Summary/80097,,141.0,,0.516,0.458,3.8,9.8,6.9,17.3,11.4,2.0,1.4,27.8,145.6,-0.7,1.3,107.5,102.3,18.3,2019,-61,234,6
61,Josh Perkins,,G,6-2,190,23,Gonzaga,United States,/player/Josh-Perkins/Summary/52563,,153.0,,0.571,0.542,1.7,7.9,5.1,23.9,18.5,2.2,0.5,17.9,157.4,3.4,1.3,115.7,95.4,15.0,2019,-61,131,6
61,Lamar Peters,,PG,6-0,185,21,Mississippi State,United States,/player/Lamar-Peters/Summary/92818,,98.0,,0.511,0.489,1.8,7.1,4.5,29.7,20.1,3.0,0.6,23.9,141.3,1.0,1.1,101.8,102.3,14.3,2019,-61,218,10
61,Isaiah Pineiro,,SF,6-7,215,24,San Diego,United States/Puerto Rico,/player/Isaiah-Pineiro/Summary/89145,,101.0,,0.58,0.527,6.0,23.1,14.7,13.7,15.0,2.3,2.3,28.3,162.5,-4.2,1.4,109.2,97.2,21.8,2019,-61,315,11
61,Brandon Randolph,,GF,6-6,190,21,Arizona,United States,/player/Brandon-Randolph/Summary/106502,,63.0,,0.48,0.44,2.6,9.6,6.1,8.7,10.5,1.5,1.1,23.8,145.8,-1.9,1.1,99.4,104.0,11.7,2019,-61,17,8
61,Alex Robinson,,PG,6-1,180,24,TCU,United States,/player/Alex-Robinson/Summary/52051,,139.0,,0.498,0.474,1.7,10.4,6.1,33.3,22.1,2.3,1.1,21.4,137.7,2.8,1.1,100.5,102.7,13.7,2019,-61,345,10
61,Simi Shittu,,FC,6-10,240,19,Vanderbilt,England/Canada,/player/Simi-Shittu/Summary/76410,,32.0,,0.498,0.47,6.9,21.2,14.1,16.5,20.9,1.4,2.0,26.3,110.0,-6.4,1.2,91.8,102.3,14.3,2019,-61,394,5
61,Justin Simon,,PG,6-5,215,23,St. John's,United States,/player/Justin-Simon/Summary/72686,,91.0,,0.515,0.49,3.9,15.8,9.9,20.8,18.8,3.1,2.5,19.5,144.1,0.3,1.2,101.2,97.0,15.5,2019,-61,337,10
61,B.J. Taylor,,PG,6-2,200,22,UCF,United States,/player/BJ-Taylor/Summary/71425,,104.0,,0.524,0.466,1.2,8.1,4.8,20.8,10.3,1.6,0.1,25.8,148.6,1.1,1.3,111.1,103.1,17.1,2019,-61,372,10
61,Tre'Shawn Thurman,,F,6-7,225,23,Nevada,United States,/player/TreShawn-Thurman/Summary/81503,,127.0,,0.559,0.528,7.0,19.5,13.2,9.1,12.8,1.7,3.6,20.1,144.8,-2.0,1.3,112.5,102.0,17.7,2019,-61,235,2
61,Reid Travis,,F,6-8,245,23,Kentucky,United States,/player/Reid-Travis/Summary/52566,,130.0,,0.577,0.55,11.7,18.1,15.0,6.0,12.6,1.3,1.3,23.2,146.4,-4.0,1.5,116.3,100.6,20.3,2019,-61,174,2
